state,year,residential_billion_btu,commercial_billion_btu,industrial_billion_btu,transportation_billion_btu,co2_million_metric_tons,co2_per_energy,energy_growth_rate,co2_growth_rate,anomaly_prediction,anomaly_status,anomaly_score
AK,1962,10472,7129,24859,34182,5.327,6.950497116463557e-05,9.457297914881458,9.92571192736278,1,Normal,0.07895531750235074
AK,1963,11256,9246,25598,32387,5.366,6.836713892569565e-05,2.408601028156876,0.7321193917777302,1,Normal,0.11861104042539222
AK,1964,13004,12021,25522,32246,5.62,6.788013479400432e-05,5.484914891448378,4.733507267983605,1,Normal,0.11701549487866775
AK,1965,13857,14210,22874,34379,5.72,6.704251104677739e-05,3.050982570990302,1.779359430604965,1,Normal,0.12449163955674403
AK,1966,15563,15066,33619,36233,6.812,6.779391128671092e-05,17.7709537148818,19.09090909090909,-1,Anomaly,-0.0039934527364797745
AK,1967,16413,17018,35332,43862,7.801,6.926526082130965e-05,12.08586697982703,14.51849677040518,1,Normal,0.04386736371207134
AK,1968,18203,18316,36296,47177,8.17,6.808787252483499e-05,6.541176470588228,4.730162799641069,1,Normal,0.12905001234545688
AK,1969,20544,25989,51183,56517,10.014,6.49281601742829e-05,28.53523568237883,22.57037943696449,1,Normal,0.005002253967493764
AK,1970,23650,28705,50729,76386,11.356,6.327519919763749e-05,16.3636599408683,13.40123826642701,1,Normal,0.0507496078188191
AK,1971,28350,31762,53265,85018,12.643,6.372640439527206e-05,10.54493787262496,11.33321592109899,1,Normal,0.10411593439903905
AK,1972,28337,36289,63913,83425,13.432,6.33692513823102e-05,6.83938607323773,6.240607450763269,1,Normal,0.15387677840897224
AK,1973,27583,33124,62906,71354,12.505,6.413873045833163e-05,-8.018342737445982,-6.901429422275163,1,Normal,0.11473746282225633
AK,1974,28066,34856,59470,76803,12.791,6.42137815396046e-05,2.16753518526116,2.287085165933633,1,Normal,0.15863357619954654
AK,1975,35048,32959,82004,79665,14.54,6.330657099566345e-05,15.30266975912928,13.6736768040028,1,Normal,0.06272204056405989
AK,1976,39065,33710,90081,89123,15.978,6.341004607526817e-05,9.710635852244032,9.88995873452545,1,Normal,0.12335217221853201
AK,1977,41906,36678,117265,94045,17.966,6.197459062481674e-05,15.04649196956889,12.44210789836024,1,Normal,0.0777959498015009
AK,1978,45606,37081,140107,97936,19.512,6.083602769922459e-05,10.63771805459255,8.605143047979503,1,Normal,0.12216614941683446
AK,1979,37079,35123,138547,85842,17.534,5.911824998651346e-05,-7.526244734684207,-10.13735137351375,1,Normal,0.11201684813807555
AK,1980,32997,32854,136331,89804,17.438,5.972224600578797e-05,-1.553312294330256,-0.5475076993270211,1,Normal,0.16354240959668964
AK,1981,33080,36536,104650,101238,17.081,6.19990998315814e-05,-5.644468037741667,-2.047253125358406,1,Normal,0.14545824220943127
AK,1982,38541,46028,218296,102239,24.016,5.928368834592684e-05,47.04069632382832,40.60066740823136,1,Normal,0.002348084867439648
AK,1983,38625,49306,229535,115944,26.025,6.004720714152221e-05,6.98735877048553,8.365256495669549,1,Normal,0.14852096471273846
AK,1984,43428,61051,230543,142997,28.741,6.012522514795437e-05,10.29281810022404,10.43611911623439,1,Normal,0.11903974119849031
AK,1985,44637,55609,214989,153931,29.054,6.192690859951488e-05,-1.852018434413694,1.089036567969104,1,Normal,0.16381548207639973
AK,1986,41487,95073,211305,150698,31.473,6.312742822872937e-05,6.265799311970599,8.325875955118068,1,Normal,0.15140485777847107
AK,1987,39655,86044,233511,133896,29.858,6.055099826608937e-05,-1.094746300868699,-5.131382454802525,1,Normal,0.14988254037923865
AK,1988,39282,49560,275633,150456,30.36,5.895924122019995e-05,4.426440616095961,1.681291446178568,1,Normal,0.1623258093138859
AK,1989,43778,50130,302777,173382,33.485,5.873870966044342e-05,10.70723901408341,10.2931488801054,1,Normal,0.11230817702614287
AK,1990,44750,57482,306147,168892,34.115,5.909712959273824e-05,1.263535689664552,1.881439450500233,1,Normal,0.16492684669196267
AK,1991,43253,56909,339790,156413,34.673,5.814047078471945e-05,3.307984132208497,1.635644144804327,1,Normal,0.16062774240976774
AK,1992,44507,59008,365433,151927,36.013,5.800362391785786e-05,4.109724565116046,3.864678568338475,1,Normal,0.15814855933056088
AK,1993,44596,60012,355720,154297,35.869,5.835906714001685e-05,-1.006482786390173,-0.3998556076972193,1,Normal,0.1596810435082977
AK,1994,45778,61142,349568,157266,35.714,5.818953227112535e-05,-0.1420375968475107,-0.4321280214112488,1,Normal,0.16041675092126645
AK,1995,46821,61712,412453,173607,40.207,5.788561375422189e-05,13.17158531200662,12.58050064400516,1,Normal,0.0696830662449211
AK,1996,47634,66173,428644,167528,41.289,5.815524121135977e-05,2.214962985571423,2.691073693635437,1,Normal,0.15618601094809914
AK,1997,46179,64360,402138,188588,41.383,5.901176014271312e-05,-1.227078547393656,0.2276635423478446,1,Normal,0.15531742431504747
AK,1998,44942,65886,412651,192174,42.405,5.925365959991728e-05,2.051287170221894,2.469613126162917,1,Normal,0.15663602978107144
AK,1999,50265,68465,393602,207434,43.051,5.981249461630586e-05,0.5748604070134666,1.523405258813826,1,Normal,0.15905509888464675
AK,2000,48404,66776,400347,219733,43.815,5.959116503005739e-05,2.152644053761921,1.774639381199039,1,Normal,0.158249049425086
AK,2001,50813,62031,408116,205457,42.844,5.897981602878784e-05,-1.202567799145882,-2.216136026474946,1,Normal,0.15321534180161828
AK,2002,48588,55830,409411,209339,42.965,5.94123617537329e-05,-0.4476761313733979,0.2824199421155971,1,Normal,0.1542046501240702
AK,2003,49016,53845,400734,219243,43.277,5.98709531042917e-05,-0.04535611464034917,0.7261724659606505,1,Normal,0.15431151770881968
AK,2004,52350,59006,387948,265801,46.479,6.074836591483283e-05,5.847644977159483,7.398849273286046,1,Normal,0.14901532986590194
AK,2005,50160,58006,416229,263620,47.767,6.061709720156546e-05,2.993698920543131,2.771143957486188,1,Normal,0.15603446825045636
AK,2006,56824,63939,352071,265470,45.59,6.174946431425453e-05,-6.307771962863507,-4.557539724077286,1,Normal,0.13816898348453233
AK,2007,50947,59337,354704,249625,43.765,6.124276708437411e-05,-3.208832110263227,-4.003070848870371,1,Normal,0.14905120389289483
AK,2008,51126,61038,315931,214641,39.214,6.101095782567364e-05,-10.05828313147639,-10.39872043870673,1,Normal,0.08288680075814397
AK,2009,50683,57997,332663,189799,37.491,5.940194029543319e-05,-1.804159399567784,-4.393838935074202,1,Normal,0.15123709221333265
AK,2010,49180,62668,324204,193837,37.322,5.92517094281691e-05,-0.1983708870125667,-0.450774852631286,1,Normal,0.16163322618916465
AK,2011,51050,66951,328875,185460,37.294,5.897813820500493e-05,0.3884811450906467,-0.07502277477092756,1,Normal,0.16220778641290523
AK,2012,51283,65188,336272,168525,36.401,5.859146133391709e-05,-1.750335264795932,-2.394487048855032,1,Normal,0.15748319898077584
AK,2013,45571,58570,331564,152482,34.298,5.831148650256892e-05,-5.324916139250691,-5.77731381006017,1,Normal,0.1395571431810938
AK,2014,44417,58601,327606,155527,34.163,5.828341746950028e-05,-0.3456389645452251,-0.3936089567905032,1,Normal,0.161823201416183
AK,2015,49764,62345,328407,163382,35.073,5.80775924450943e-05,3.027537178859441,2.663700494687249,1,Normal,0.165346247876489
AK,2016,47703,53891,327147,154019,33.449,5.739775344139419e-05,-3.500750953387899,-4.630342428648826,1,Normal,0.14777291636909023
AK,2017,50014,53602,331033,156342,33.778,5.71548466897127e-05,1.412764818329393,0.983586953272142,1,Normal,0.1639359456603462
AK,2018,46335,52109,331478,164359,34.573,5.817608475437587e-05,0.5568612719990762,2.353602936822785,1,Normal,0.16094856747097314
AK,2019,45576,52027,333595,164986,34.459,5.779927002401943e-05,0.3200500772360559,-0.3297370780666942,1,Normal,0.15981476480413204
AK,2020,46844,52392,362055,165512,36.236,5.781064286341046e-05,5.136166015860866,5.156853071766432,1,Normal,0.15322902451557574
AK,2021,48550,55766,386827,194176,39.969,5.832165995447383e-05,9.335439251441846,10.30190970305775,1,Normal,0.12264727443889778
AK,2022,46863,54796,429876,198941,42.327,5.794448817550224e-05,6.588892780015176,5.899572168430534,1,Normal,0.1450675626553164
AK,2023,48750,57045,437662,204074,43.365,5.801104972375691e-05,2.33478216229166,2.452335388758953,1,Normal,0.15335763093425753
AL,1962,124708,67369,481546,179802,66.266,7.764721873300962e-05,5.794352669329417,8.392900956898686,1,Normal,0.1290650816502577
AL,1963,133603,73550,489262,189395,69.121,7.803131819315857e-05,3.794948349237903,4.308393444602032,1,Normal,0.1480282578847421
AL,1964,140027,77567,541272,190545,71.792,7.561740910943733e-05,7.179861166772605,3.86423807525933,1,Normal,0.13420081853478788
AL,1965,138486,77062,594851,200727,79.415,7.854122882927433e-05,6.50024067553463,10.61817472698909,1,Normal,0.11149789481738093
AL,1966,145090,80697,622706,206854,85.121,8.065688347055517e-05,4.373544319446165,7.185040609456639,1,Normal,0.12718097005203993
AL,1967,145218,80030,659626,216031,86.192,7.829202182933298e-05,4.31677922048388,1.258208902620983,1,Normal,0.13935820356608308
AL,1968,175828,90700,698956,242554,93.71,7.757206313046443e-05,9.731457057109427,8.722387228513085,1,Normal,0.09037809707075356
AL,1969,192446,100346,750145,255625,98.439,7.580616096882551e-05,7.493472887442287,5.046419805783797,1,Normal,0.12960712887157289
AL,1970,207031,104587,769298,268489,102.603,7.60357342680663e-05,3.9153309583986,4.23003078048334,1,Normal,0.13945656780536392
AL,1971,212394,106981,738097,281247,98.4,7.350310259285183e-05,-0.7919045801668134,-4.096371451127146,1,Normal,0.13941879829199677
AL,1972,223573,114157,792033,300827,104.846,7.328869437693146e-05,6.862530523582611,6.550813008130074,1,Normal,0.12925825390644163
AL,1973,238217,117343,796124,327548,109.467,7.400259053346601e-05,3.400207886402029,4.407416591953917,1,Normal,0.1405327624192405
AL,1974,234102,119155,789293,350726,108.695,7.278962495881538e-05,0.9494115865530173,-0.7052353677364009,1,Normal,0.14673843002730202
AL,1975,217713,114160,770789,363127,107.702,7.347715121344204e-05,-1.84071799185147,-0.9135654813928862,1,Normal,0.14295719074599378
AL,1976,234171,118290,778107,373155,107.996,7.18190783807922e-05,2.587957748352587,0.2729754322110978,1,Normal,0.1454074822636084
AL,1977,252295,122796,814087,395543,111.569,7.040297339593114e-05,5.386430878559412,3.308455868735893,1,Normal,0.13998849057795276
AL,1978,253893,120916,809508,405416,106.503,6.699418456535209e-05,0.3164596900398831,-4.540687825471235,1,Normal,0.1369491086629842
AL,1979,234981,123247,889463,353042,111.45,6.962439683844642e-05,0.6917505118777756,4.644939579166785,1,Normal,0.13996295951016996
AL,1980,256959,120278,870328,349881,107.114,6.705328380427257e-05,-0.2052810839041186,-3.890533871691337,1,Normal,0.13650971622930097
AL,1981,248379,137009,832700,342116,103.746,6.649515063414783e-05,-2.331346411709689,-3.144313535112131,1,Normal,0.13689009668424018
AL,1982,250871,135738,731210,333176,90.912,6.265493678475806e-05,-6.99966158271611,-12.37059742062343,1,Normal,0.08388755934745395
AL,1983,246997,139201,684593,324451,89.933,6.445691858473297e-05,-3.842397802886988,-1.076865540302707,1,Normal,0.15043539561386904
AL,1984,261507,126261,768440,337698,95.362,6.383400294262156e-05,7.071461438230786,6.036716222076421,1,Normal,0.14303784400813668
AL,1985,260258,133517,746724,334813,101.723,6.895020778669717e-05,-1.244723563597705,6.670371846228051,1,Normal,0.14233481071328652
AL,1986,267557,135950,705633,349194,101.81,6.981253951426765e-05,-1.150740420155483,0.0855263804645956,1,Normal,0.15957749995718107
AL,1987,280000,139710,747202,374883,103.954,6.742405275931804e-05,5.722968812357121,2.105883508496209,1,Normal,0.14742639211200265
AL,1988,287320,149408,801416,377985,105.201,6.509443243701462e-05,4.821331513807947,1.199569040152371,1,Normal,0.14677888379174792
AL,1989,292868,160778,783985,401324,110.055,6.714945367660878e-05,1.412449129989013,4.614024581515408,1,Normal,0.1495154969646983
AL,1990,280898,158669,762066,397799,109.815,6.865874885584382e-05,-2.411535147984445,-0.2180727817909345,1,Normal,0.1503417842672165
AL,1991,284056,155364,772671,406124,114.113,7.051778007385911e-05,1.174416918005883,3.913855119974508,1,Normal,0.15197806702331523
AL,1992,287511,153440,833437,417482,121.004,7.152086153191439e-05,4.551555540175101,6.038751062543279,1,Normal,0.13993735326137047
AL,1993,304057,157551,869494,413632,125.315,7.182470221821779e-05,3.124589950764545,3.562692142408519,1,Normal,0.13996065897038878
AL,1994,300704,160410,929432,431784,123.266,6.764197483441528e-05,4.4474401255435,-1.635079599409484,1,Normal,0.13053847331290808
AL,1995,316428,165013,971326,454692,131.035,6.86961390499817e-05,4.671382241416211,6.302630084532623,1,Normal,0.12787316218059247
AL,1996,336218,178579,975851,444370,137.268,7.093894830843776e-05,1.44475002857205,4.756744381272182,1,Normal,0.13309241461502708
AL,1997,315633,213223,934894,439699,134.208,7.050779926333723e-05,-1.631356019795183,-2.229215840545506,1,Normal,0.13162354473886778
AL,1998,338840,219459,940098,447984,133.622,6.86515480019318e-05,2.255432112969658,-0.4366356700047591,1,Normal,0.14211944212895838
AL,1999,343031,232322,972962,453914,135.904,6.787638570632315e-05,2.869326647417259,1.707802607355058,1,Normal,0.14398893970947096
AL,2000,370236,243953,978320,472549,142.368,6.894147180512295e-05,3.137904374526768,4.756298563692019,1,Normal,0.13428579784104655
AL,2001,346578,233910,833655,445445,133.338,7.170301792817437e-05,-9.949802814064125,-6.34271746459879,1,Normal,0.07791295108781082
AL,2002,365195,240358,841950,472527,138.354,7.205828661962919e-05,3.250291597005139,3.761868334608298,1,Normal,0.14369704952376966
AL,2003,348234,235720,855029,458057,139.942,7.376860793657488e-05,-1.1973256653936,1.147780331613113,1,Normal,0.1394513697142739
AL,2004,356075,246269,922250,493169,142.086,7.041751641048389e-05,6.36386159490574,1.532063283360263,1,Normal,0.12773732865778092
AL,2005,367927,249452,912008,489525,143.629,7.114178329714222e-05,0.05684507363346025,1.085962023000131,1,Normal,0.14216471572023343
AL,2006,374411,260306,920116,496100,145.826,7.110230860896412e-05,1.58600275792109,1.529635380041627,1,Normal,0.1422425761293865
AL,2007,387829,271789,908318,499549,147.289,7.124066196369018e-05,0.8070964810144909,1.003250449165449,1,Normal,0.14122014220295315
AL,2008,378548,264633,865795,467614,139.406,7.052857220190946e-05,-4.396452694940955,-5.352062951068969,1,Normal,0.11090040581747712
AL,2009,353856,243888,693508,459035,119.787,6.845507334002719e-05,-11.47056874241433,-14.07328235513536,1,Normal,0.03179272908804731
AL,2010,405336,261483,761521,478021,132.502,6.951347596758675e-05,8.93047055683789,10.61467438035848,1,Normal,0.08617936561103423
AL,2011,364870,248475,791134,477604,129.459,6.878400772750144e-05,-1.260404567569751,-2.296569108390822,1,Normal,0.14235872484003936
AL,2012,328461,237919,824842,471350,122.582,6.58132593997658e-05,-1.037984516305912,-5.312106535659944,1,Normal,0.13533081551525245
AL,2013,340506,243971,831385,465999,120.33,6.394202334816439e-05,1.035556727172571,-1.837137589531901,1,Normal,0.14810443599788614
AL,2014,365119,252887,846768,465046,122.536,6.349607735436466e-05,2.548487906386288,1.833291780935764,1,Normal,0.15375218689683212
AL,2015,336211,253858,810102,480635,118.91,6.322289486528647e-05,-2.539822366852862,-2.959130378011365,1,Normal,0.13757913379781023
AL,2016,331716,255557,803843,504392,113.51,5.988365130421433e-05,0.7817393181433818,-4.541249684635429,1,Normal,0.14198297982405733
AL,2017,310724,244860,813582,498642,108.168,5.791173396837363e-05,-1.4614016604511,-4.706193286935068,1,Normal,0.1374933293191793
AL,2018,342255,252383,829542,488587,112.021,5.856486515876468e-05,2.407099659065604,3.562051623400642,1,Normal,0.15210950912413224
AL,2019,332232,246511,804116,500947,106.084,5.631368427199206e-05,-1.514193043798306,-5.299899126056717,1,Normal,0.13418550862006107
AL,2020,315576,224442,757556,497477,98.168,5.468810931382489e-05,-4.711368745703515,-7.462011236378718,1,Normal,0.1197870153465137
AL,2021,325822,236984,809638,555534,108.543,5.629884972813501e-05,7.405189376129484,10.56861706462391,1,Normal,0.10210443861969298
AL,2022,336143,244935,778873,552731,109.576,5.72891587367065e-05,-0.7933696373248922,0.9516965626525709,1,Normal,0.15113794344661619
AL,2023,319982,237952,765141,543231,101.009,5.41223925109856e-05,-2.424656882504839,-7.818317879827696,1,Normal,0.12203604777301202
AR,1962,80049,38969,211260,116715,23.345,5.222665181188114e-05,5.624397436624506,6.851885756133291,1,Normal,0.15652918129129417
AR,1963,83198,42222,225754,123586,24.756,5.214413146825455e-05,6.211940205013944,6.044120796744501,1,Normal,0.15865899524257177
AR,1964,90835,45565,249261,130214,26.772,5.1896393305342e-05,8.659725630369808,8.14348036839554,1,Normal,0.13802378079186206
AR,1965,86678,51259,248229,129593,26.362,5.111301984066201e-05,-0.02229226516552441,-1.531450769460629,1,Normal,0.16372255478415565
AR,1966,107462,58633,250704,136348,27.914,5.046407277644601e-05,7.248928278517686,5.887261967984236,1,Normal,0.15287017789513901
AR,1967,109719,63505,269407,139183,28.59,4.913941568955027e-05,5.182718486620175,2.421723866160352,1,Normal,0.15899262916138518
AR,1968,120283,68785,277492,153822,31.158,5.02238943102798e-05,6.628922645381508,8.982161594963278,1,Normal,0.1488139867637645
AR,1969,131241,73741,299301,159784,33.719,5.077657943638133e-05,7.041467998749162,8.219397907439507,1,Normal,0.15078760345525016
AR,1970,138659,75954,310734,166549,36.115,5.219715101691584e-05,4.19084849999849,7.105786055339713,1,Normal,0.16233341318960742
AR,1971,132279,69406,307325,173379,35.026,5.13284944511122e-05,-1.374050435325536,-3.015367575799521,1,Normal,0.16160991717645629
AR,1972,140638,75113,317025,193085,37.094,5.110351858485108e-05,6.37041335660451,5.904185462228062,1,Normal,0.16237192543380918
AR,1973,146330,80521,364499,209852,40.765,5.087980309584849e-05,10.37968754305238,9.896479214967368,1,Normal,0.11254655942412645
AR,1974,138667,79122,349208,210118,39.029,5.022287534936869e-05,-3.006233134715086,-4.258555133079844,1,Normal,0.15447907295709912
AR,1975,158002,91612,304441,209528,36.221,4.743551462576481e-05,-1.741310177631139,-7.194650131953184,1,Normal,0.15022298509778542
AR,1976,161963,94700,345868,216054,38.736,4.732068141976704e-05,7.203005825161335,6.943485823141282,1,Normal,0.14957872678991746
AR,1977,177276,99626,368179,222603,41.554,4.789070675499375e-05,5.998033191421781,7.274886410574166,1,Normal,0.15557849437419236
AR,1978,173246,100141,360602,229577,42.338,4.902699854672202e-05,-0.4747119919233267,1.886701641237898,1,Normal,0.16913392061520544
AR,1979,167466,98039,383611,200014,40.204,4.734728486804141e-05,-1.671559176205617,-5.040389248429311,1,Normal,0.15215136364192594
AR,1980,166527,94304,369266,204275,37.431,4.486128489450748e-05,-1.738014202772253,-6.897323649388132,1,Normal,0.14416745246703305
AR,1981,140187,83521,368731,208967,42.899,5.352960480754473e-05,-3.95087562861649,14.60821244423074,1,Normal,0.10261998565998492
AR,1982,145025,86299,329131,208325,42.667,5.549955058722836e-05,-4.071089970514363,-0.5408051469731223,1,Normal,0.16065020394255203
AR,1983,149045,102607,323522,195411,47.063,6.107429929949416e-05,0.2347872801226947,10.30304450746478,1,Normal,0.15132951960679514
AR,1984,146854,97206,322537,207483,44.99,5.812060768912774e-05,0.4534211625957463,-4.404734079850414,1,Normal,0.166761027984432
AR,1985,145003,95470,324600,203444,49.148,6.395174082030717e-05,-0.7186595700702791,9.242053789731063,1,Normal,0.15641677291606643
AR,1986,145270,88956,297067,207724,49.994,6.764941489764768e-05,-3.838691922234638,1.721331488565148,1,Normal,0.16138554491502188
AR,1987,151220,91355,258695,216907,47.045,6.550613567407478e-05,-2.819830693787417,-5.898707844941386,1,Normal,0.15837101264414183
AR,1988,157612,97165,320447,226684,50.96,6.354843697780792e-05,11.65882505287694,8.32181953448825,1,Normal,0.12105012300206286
AR,1989,160968,101062,367293,233710,51.36,5.951104998302498e-05,7.62244546755988,0.7849293563579218,1,Normal,0.16121120629913815
AR,1990,160727,99369,341477,228101,50.86,6.130118576693978e-05,-3.865321488286078,-0.9735202492211825,1,Normal,0.16284087248483892
AR,1991,165453,101538,321656,229427,49.783,6.085390808166499e-05,-1.398139510217267,-2.117577664176162,1,Normal,0.17398391397042157
AR,1992,157566,98928,363372,227667,51.396,6.064188651061375e-05,3.601018978723203,3.240061868509336,1,Normal,0.17569830845800838
AR,1993,178823,108386,387573,238191,50.437,5.524478818103054e-05,7.721233273512662,-1.865903961397786,1,Normal,0.1549106250016884
AR,1994,176159,110434,409255,255166,54.327,5.712534200337745e-05,4.166716868954512,7.712591946388558,1,Normal,0.16521933039852238
AR,1995,187184,115772,439398,260424,57.677,5.751727452863398e-05,5.442927233458184,6.166362950282545,1,Normal,0.16567126103108964
AR,1996,195218,120617,444281,265553,60.203,5.869632405776133e-05,2.282860496401495,4.379562043795637,1,Normal,0.17324948299750342
AR,1997,188701,119820,458090,273172,59.169,5.690514270766112e-05,1.376077467487069,-1.71752238260553,1,Normal,0.17242791915871492
AR,1998,199988,127703,458164,275696,60.57,5.70580217059755e-05,2.093513742771336,2.367793946154251,1,Normal,0.17683815224129273
AR,1999,202026,130354,457829,293044,62.723,5.790239408301285e-05,2.044461358898442,3.55456496615485,1,Normal,0.17591398258943325
AR,2000,218879,142474,469550,293838,63.254,5.62386751806192e-05,3.829942008060905,0.8465794046840891,1,Normal,0.17498260664087267
AR,2001,214597,146067,440731,277439,62.455,5.789120476366151e-05,-4.081647168861835,-1.26316122300566,1,Normal,0.16247855625742103
AR,2002,216149,146019,447699,285353,61.202,5.588106123067624e-05,1.51876933800752,-2.006244496037146,1,Normal,0.17340689961648498
AR,2003,211117,149592,437795,285258,62.257,5.744521634342563e-05,-1.046000845493,1.723799875821053,1,Normal,0.1759175180780146
AR,2004,206123,147995,426905,288206,62.535,5.848606799852978e-05,-1.341068111755062,0.4465361324830885,1,Normal,0.17883444353149353
AR,2005,224943,157852,423291,288729,60.255,5.50366956974466e-05,2.392939211338274,-3.645958263372506,1,Normal,0.1645328875445915
AR,2006,220872,155943,437513,288737,62.104,5.630135694755698e-05,0.7534606303348124,3.068625010372572,1,Normal,0.17715319372863547
AR,2007,225012,157748,433350,292672,63.361,5.714468669224428e-05,0.5183742738408714,2.0240242174417,1,Normal,0.17843256000410518
AR,2008,226002,159838,411202,285174,64.17,5.929505689719696e-05,-2.396052605471588,1.276810656397487,1,Normal,0.17262504127677164
AR,2009,218162,158754,357610,285150,61.482,6.031567577749066e-05,-5.810120909431116,-4.188873305282847,1,Normal,0.15426313102658634
AR,2010,245831,169410,403676,289317,66.009,5.957222147015026e-05,8.703009897609926,7.363130672391915,1,Normal,0.14317011126604623
AR,2011,241166,170557,416121,286279,67.339,6.04401768893221e-05,0.5498849329903965,2.0148767592298,1,Normal,0.179850941376077
AR,2012,217994,167414,401328,277062,66.127,6.216123737777284e-05,-4.518719769365331,-1.799848527599168,1,Normal,0.16267885530302056
AR,2013,235604,172998,407284,275498,68.299,6.258011609102197e-05,2.593255486473933,3.284588745898054,1,Normal,0.18021041453591452
AR,2014,241530,178727,408014,279428,68.736,6.205295843004282e-05,1.494797894418554,0.639833672528134,1,Normal,0.17935472412179204
AR,2015,221167,174121,371113,276390,58.801,5.638809694368287e-05,-5.859714597557641,-14.45385242085662,1,Normal,0.09203010538945
AR,2016,207237,170622,375182,282996,61.788,5.963873911960758e-05,-0.6475890183171851,5.079845580857456,1,Normal,0.17055325335169008
AR,2017,196907,169426,392153,284658,63.851,6.121014931783147e-05,0.6858821780668212,3.33883601993914,1,Normal,0.17841515483917436
AR,2018,229627,180744,406022,285701,70.495,6.396454026195564e-05,5.651281127054375,10.40547524705957,1,Normal,0.14890448753804802
AR,2019,219617,175320,393740,288459,64.891,6.024401746854622e-05,-2.2646868010471,-7.949499964536488,1,Normal,0.15190319536953967
AR,2020,207867,164343,368919,270910,54.541,5.389219190169549e-05,-6.043526537038968,-15.94982355026122,1,Normal,0.07518134778207847
AR,2021,218636,172350,381366,284677,61.836,5.849981410159986e-05,4.445480855974915,13.37525897948333,1,Normal,0.12862792363196135
AR,2022,221256,173393,384063,283609,63.372,5.965428528665064e-05,0.5006485157928564,2.483989908790996,1,Normal,0.17987725246632957
AR,2023,209295,169647,387659,287538,60.456,5.735107039963421e-05,-0.770200344340366,-4.601401249763293,1,Normal,0.16810797903881464
AZ,1962,45639,44417,93789,129736,18.37,5.858135537548512e-05,6.421299124414581,8.614675101992564,1,Normal,0.15040260244057263
AZ,1963,49964,48892,101617,136740,19.324,5.730502679315448e-05,7.536170877699866,5.193249863908544,1,Normal,0.15404320566511215
AZ,1964,57498,60563,96179,143720,19.932,5.568204357457935e-05,6.152787703914142,3.146346512109277,1,Normal,0.16322682194850485
AZ,1965,55139,53957,114321,139441,19.151,5.277822178372807e-05,1.368026125751132,-3.918322295805732,1,Normal,0.160255258067318
AZ,1966,59505,55388,127237,148689,20.233,5.177063609845965e-05,7.706044788870581,5.649835517727531,1,Normal,0.154893411168272
AZ,1967,62426,64024,114096,159735,20.501,5.121664834615769e-05,2.420551660611014,1.324568773785395,1,Normal,0.16747120090573142
AZ,1968,67891,67059,123599,183623,23.034,5.20928507458636e-05,10.46567402818028,12.35549485390954,1,Normal,0.1017898318719242
AZ,1969,76806,73841,137812,192910,24.818,5.155701435486217e-05,8.864876111558395,7.745072501519501,1,Normal,0.13933263194201967
AZ,1970,83280,76116,149358,194132,24.925,4.95639170706681e-05,4.469742609634997,0.4311386896607372,1,Normal,0.15886170218708628
AZ,1971,92368,85616,152281,204293,27.02,5.054643275378911e-05,6.298047668855378,8.40521564694081,1,Normal,0.1538133505111447
AZ,1972,103576,94847,171901,225168,30.333,5.09377120095652e-05,11.3989501606935,12.26128793486305,1,Normal,0.09627000440670508
AZ,1973,115008,106025,183733,243872,34.532,5.323770731902848e-05,8.924721070979968,13.84300926383806,1,Normal,0.10405775157815406
AZ,1974,115556,111599,190410,233258,36.798,5.654063156859612e-05,0.3370138659776423,6.562029421985427,1,Normal,0.1641789153563828
AZ,1975,120850,113605,169532,230139,38.253,6.032397346899512e-05,-2.5656705960444,3.954019240176088,1,Normal,0.15814277374890345
AZ,1976,126276,124374,182147,235052,43.786,6.556272450808491e-05,5.318028278291687,14.46422502810238,1,Normal,0.1218528185036753
AZ,1977,133334,132174,201234,253262,50.507,7.014831882644932e-05,7.809250294602532,15.34965514091262,1,Normal,0.1067694079843522
AZ,1978,130614,127109,199646,267033,49.284,6.803414131123507e-05,0.6108307882050523,-2.421446532163851,1,Normal,0.17020421706086591
AZ,1979,138686,125358,223280,274217,56.135,7.37124773485306e-05,5.126856533881097,13.90106322538756,1,Normal,0.11697139127500283
AZ,1980,144705,129584,189053,265931,52.847,7.246541756710803e-05,-4.237203561204927,-5.857308274694928,1,Normal,0.144823589605948
AZ,1981,142044,128340,223004,269191,59.898,7.854671915528642e-05,4.567020261301691,13.34229000700136,1,Normal,0.11403552649357357
AZ,1982,145068,128235,183088,261440,58.462,8.144245450188903e-05,-5.867727629173669,-2.397408928511802,1,Normal,0.1368354780133128
AZ,1983,154427,127642,181179,263390,54.152,7.452404085665765e-05,1.226749434408059,-7.372310218603539,1,Normal,0.14837751533560578
AZ,1984,158864,143595,190041,279869,58.509,7.575274998446337e-05,6.293367536517502,8.045870881961893,1,Normal,0.1500055491882012
AZ,1985,174855,158577,187042,293447,61.057,7.501587991954993e-05,5.379948418370528,4.354885573159684,1,Normal,0.1611280483308753
AZ,1986,170576,162675,189451,299713,56.242,6.83863985943836e-05,1.043590225586999,-7.8860736688668,1,Normal,0.14877291336917747
AZ,1987,181883,181112,163152,312326,56.359,6.721631730099515e-05,1.952420614896377,0.2080295864300696,1,Normal,0.16898494749587956
AZ,1988,192283,188167,178672,322840,59.556,6.7526642274109e-05,5.186935282275384,5.672563388278706,1,Normal,0.16307377889196906
AZ,1989,203050,200433,186447,322219,65.477,7.1783228397992e-05,3.422592557737691,9.941903418631215,1,Normal,0.14378243437584837
AZ,1990,205432,201733,180254,325563,63.084,6.90965768256364e-05,0.09143243044722471,-3.654718450753702,1,Normal,0.1608495056354159
AZ,1991,209354,197551,184132,332408,63.942,6.924281441470318e-05,1.146023529463314,1.360091306828992,1,Normal,0.17066064352343807
AZ,1992,214959,204194,198463,336940,66.761,6.993939584413679e-05,3.368794710248357,4.408682868849878,1,Normal,0.16451865079190253
AZ,1993,217737,206417,191465,352581,69.047,7.131481098946498e-05,1.429461895857242,3.424154820928393,1,Normal,0.16647782002621675
AZ,1994,233488,217890,202644,366258,71.775,7.034826680100875e-05,5.379157198925832,3.950931973872884,1,Normal,0.16031422687909652
AZ,1995,230999,226931,220914,372801,66.721,6.344447360513635e-05,3.073957076530887,-7.041448972483455,1,Normal,0.1442844543071713
AZ,1996,251233,241058,226325,394105,68.564,6.161826583818779e-05,5.807858933251175,2.76224876725466,1,Normal,0.1628452791858379
AZ,1997,257274,245102,228762,394605,71.728,6.371614125071174e-05,1.170193453531065,4.614666588880456,1,Normal,0.16550987689458607
AZ,1998,273432,263165,224771,424601,76.734,6.470157710831996e-05,5.349800087586609,6.979143430738355,1,Normal,0.1500859059324523
AZ,1999,284749,276403,225946,447923,80.634,6.528952520683842e-05,4.136199290368703,5.082492767221836,1,Normal,0.1544394556964795
AZ,2000,314800,297677,217561,459904,86.645,6.71696866990919e-05,4.446884346999491,7.454671726566953,1,Normal,0.144100089255443
AZ,2001,323477,296835,206781,475175,88.865,6.823858972301422e-05,0.9556243614053939,2.562179006290033,1,Normal,0.15734491283105173
AZ,2002,318457,296714,197776,485228,88.274,6.799853640687888e-05,-0.3143743727294424,-0.6650537331907902,1,Normal,0.1550869725963318
AZ,2003,330484,296826,192187,500076,90.488,6.857374967034766e-05,1.648236948023185,2.508099780229744,1,Normal,0.15622163968193808
AZ,2004,342228,301398,218525,510211,97.285,7.088867886994912e-05,4.000615351038062,7.511493236672262,1,Normal,0.13833859910118346
AZ,2005,353479,310534,214966,532716,97.288,6.891573604780068e-05,2.866005568497543,0.003083723081664935,1,Normal,0.14957691763354225
AZ,2006,368093,319900,220537,549271,100.483,6.892783646590754e-05,3.265932088730206,3.284063810541893,1,Normal,0.14311430585984153
AZ,2007,380183,329184,216154,541381,102.325,6.97558052577437e-05,0.6244340787487923,1.8331459052775,1,Normal,0.14827394766437574
AZ,2008,371463,329560,227388,504995,102.578,7.156241846343604e-05,-2.283518405784157,0.2472514048375229,1,Normal,0.14292983412529348
AZ,2009,360924,321410,192665,476336,93.823,6.943402202694682e-05,-5.731244322962237,-8.53496851176666,1,Normal,0.11133353804812274
AZ,2010,362975,321789,203288,516833,99.5,7.08265205813327e-05,3.96572369073469,6.050755145326847,1,Normal,0.13945782187951755
AZ,2011,371241,328873,217278,513616,97.669,6.82516511030997e-05,1.862986629803665,-1.840201005025133,1,Normal,0.14763396965142012
AZ,2012,361705,327537,213701,503236,95.47,6.789320563029316e-05,-1.735414003925895,-2.251482046504005,1,Normal,0.14537778290742753
AZ,2013,371251,332975,207323,511660,99.334,6.979584150735522e-05,1.211012253774224,4.047344715617474,1,Normal,0.14482309004128863
AZ,2014,356824,323017,228055,517644,97.323,6.827101889180163e-05,0.1637849140814218,-2.024483057160698,1,Normal,0.1472021203504323
AZ,2015,362293,327685,226778,527831,94.934,6.571705269395336e-05,1.336196343979368,-2.454712657850655,1,Normal,0.147013611204164
AZ,2016,364794,330002,230320,541139,90.83,6.19469328322836e-05,1.499944274730414,-4.323003349695576,1,Normal,0.1386382137663834
AZ,2017,369932,330238,221978,544625,90.454,6.166871083664616e-05,0.03532809777289092,-0.4139601453264419,1,Normal,0.15195000116424773
AZ,2018,375585,327557,219663,555070,94.042,6.363334332517071e-05,0.7567633164777376,3.966657085369363,1,Normal,0.14603829715301753
AZ,2019,382032,325399,218065,571039,92.514,6.181876012337825e-05,1.262828402711191,-1.624805937772489,1,Normal,0.14976905738083363
AZ,2020,404851,310608,215238,509595,80.147,5.564639368016602e-05,-3.758345940224628,-13.36770650928507,1,Normal,0.08327924846973866
AZ,2021,384812,317891,214361,566564,82.897,5.587455607103403e-05,3.008836408753512,3.431195178858837,1,Normal,0.1458675655890807
AZ,2022,405034,337261,220193,550656,80.462,5.317534010289827e-05,1.989583635239844,-2.937380122320477,1,Normal,0.14083138687049013
AZ,2023,408879,344637,215674,561819,83.286,5.43993834135636e-05,1.180653539482335,3.509731301732488,1,Normal,0.14485521402077178
CA,1962,650206,470712,1185762,1316703,209.475,5.781201098862885e-05,3.117972395869795,0.4681077607086914,1,Normal,0.07664960188340941
CA,1963,684164,490944,1296408,1354162,219.449,5.736213485874527e-05,5.58304368680973,4.761427377968741,1,Normal,0.05127999915924475
CA,1964,762113,509866,1419002,1421143,238.269,5.794303431923884e-05,7.487511360734311,8.576024497719281,1,Normal,0.020171896387607968
CA,1965,807347,534413,1433964,1491398,243.67,5.710407555820423e-05,3.769243396054356,2.266765714381647,1,Normal,0.054973336153978425
CA,1966,836104,580656,1515730,1592651,260.788,5.76309113903854e-05,6.046699870943439,7.025074896376249,1,Normal,0.021754743602542148
CA,1967,891812,596253,1561036,1654310,266.894,5.674477522802068e-05,3.939545751171059,2.341365400248474,1,Normal,0.04165731243542514
CA,1968,908642,641819,1649754,1779248,284.836,5.720215211961612e-05,5.869187277063381,6.722519052507736,1,Normal,0.005273730560438339
CA,1969,990939,667364,1718699,1829801,288.097,5.533088154093788e-05,4.565552550546115,1.144869328315234,1,Normal,0.01968055183131645
CA,1970,1001228,720198,1794982,1832625,294.575,5.507070156418926e-05,2.731618615107956,2.248548232019076,1,Normal,0.02075769779915493
CA,1971,1116896,776059,1783805,1909060,306.022,5.478550064529457e-05,4.426744048877618,3.88593736739371,-1,Anomaly,-0.007564871761483571
CA,1972,1143282,797528,1836866,1931989,312.981,5.481596218624933e-05,2.217185262470811,2.274019514936843,-1,Anomaly,-0.007558049147746271
CA,1973,1141121,823001,1939286,1986920,329.434,5.592792663094825e-05,3.164141388931663,5.256868627808098,-1,Anomaly,-0.02291933380594513
CA,1974,1095377,787448,1869200,1899445,304.579,5.389377522905992e-05,-4.055154116126925,-7.544758585938316,-1,Anomaly,-0.051463352581265664
CA,1975,1166692,901199,1828629,1955579,311.512,5.323078784341079e-05,3.550103521756909,2.276256734705928,-1,Anomaly,-0.014676662766543558
CA,1976,1153125,914220,1885080,2065224,326.996,5.433955692279467e-05,2.828727182130453,4.970595033257141,-1,Anomaly,-0.027029198354481365
CA,1977,1116409,946773,1962977,2206812,355.207,5.698837456860474e-05,3.578328521370988,8.627322658381154,-1,Anomaly,-0.05501228579278006
CA,1978,1148025,946009,1846653,2372880,345.539,5.472959188845356e-05,1.293042661984889,-2.721793207904122,-1,Anomaly,-0.0426690138793131
CA,1979,1240736,991937,1979052,2354257,362.466,5.520356491611546e-05,3.998072088555937,4.898723443663378,-1,Anomaly,-0.05804223427133315
CA,1980,1177558,1025994,1816026,2363647,344.857,5.402545293669414e-05,-2.783388762911421,-4.858110829705398,-1,Anomaly,-0.06157429205846687
CA,1981,1146649,1072952,1617798,2345627,334.405,5.408440307739533e-05,-3.136514543102931,-3.030821470928546,-1,Anomaly,-0.05665325270415589
CA,1982,1177687,1015290,1476158,2230627,299.12,5.070034169169168e-05,-4.581223321091743,-10.55157668097068,-1,Anomaly,-0.07703457984332807
CA,1983,1165930,934639,1552909,2253678,293.764,4.973022532685802e-05,0.1252423190558627,-1.790585718106441,-1,Anomaly,-0.025418618135475413
CA,1984,1170654,997960,1808977,2373702,315.718,4.970896642261801e-05,7.519308797200419,7.473345951171684,-1,Anomaly,-0.06804015992034274
CA,1985,1253701,1015022,1806103,2364263,320.723,4.980815065054222e-05,1.382986143529963,1.585275467347436,-1,Anomaly,-0.04293971102526839
CA,1986,1166165,1006044,1715515,2447259,306.692,4.84117011939865e-05,-1.616466850448206,-4.3748031790673,-1,Anomaly,-0.053544505165141976
CA,1987,1263836,1077424,1875575,2578275,336.07,4.945712974700589e-05,7.262702286316824,9.578991300718641,-1,Anomaly,-0.0921876361276337
CA,1988,1319416,1150696,1818142,2730003,344.836,4.913368881246669e-05,3.283843337142889,2.608385157854021,-1,Anomaly,-0.0793754506551404
CA,1989,1371846,1211972,1864330,2816883,359.775,4.952143389241292e-05,3.515299456949883,4.332204294215214,-1,Anomaly,-0.08808304120519594
CA,1990,1267416,1177528,1841844,2834042,360.645,5.064651207598669e-05,-1.984986722708604,0.2418178027934204,-1,Anomaly,-0.07864920931709529
CA,1991,1267878,1167898,1884571,2690888,349.367,4.982962335715369e-05,-1.539077067744665,-3.12717492270792,-1,Anomaly,-0.08336352478473663
CA,1992,1263703,1172523,1903670,2680672,353.066,5.029028306997118e-05,0.1330722094308401,1.058772007659559,-1,Anomaly,-0.07012287712704246
CA,1993,1218909,1064083,1802686,2629975,342.412,5.098711101726741e-05,-4.343000509503447,-3.017566120781945,-1,Anomaly,-0.07852377549963308
CA,1994,1273362,1094515,1854882,2752103,359.395,5.152716217446502e-05,3.859740921887322,4.95981449248275,-1,Anomaly,-0.07747986504174542
CA,1995,1177111,1071643,1772262,2816214,348.779,5.101169536929835e-05,-1.973213818475339,-2.953853002963314,-1,Anomaly,-0.06725043620545257
CA,1996,1204600,1050147,1806339,2865202,349.823,5.050654823866745e-05,1.302485390295138,0.2993299481906853,-1,Anomaly,-0.05909400857986613
CA,1997,1209236,1112879,1942112,2798951,352.738,4.994042340159724e-05,1.976324987836198,0.8332785437206836,-1,Anomaly,-0.06333321217048815
CA,1998,1335068,1228356,1960839,2806838,362.788,4.948612794387749e-05,3.793321871067623,2.849140155015917,-1,Anomaly,-0.08983074985375139
CA,1999,1345950,1166609,1984425,2868690,366.223,4.972022926890329e-05,0.4715387380210823,0.9468339636371725,-1,Anomaly,-0.09062286281109055
CA,2000,1300566,1195092,1991971,3016982,382.502,5.096892417622656e-05,1.886290378857391,4.445105850806752,-1,Anomaly,-0.09319094255150051
CA,2001,1322525,1309918,2011063,2966568,385.846,5.070197703624063e-05,1.405349137303835,0.8742437948036752,-1,Anomaly,-0.10103654240909343
CA,2002,1304814,1282989,1877339,3129911,384.151,5.057913385417264e-05,-0.1974881203582912,-0.4392944335304794,-1,Anomaly,-0.10808754565318757
CA,2003,1321295,1244763,1847872,3040202,374.86,5.028890699369437e-05,-1.855419234293287,-2.418580193725905,-1,Anomaly,-0.10232725053460845
CA,2004,1363294,1355747,1923879,3192745,392.673,5.011353212004388e-05,5.118492046488599,4.751907378754727,-1,Anomaly,-0.12222186119261247
CA,2005,1311193,1295011,1856848,3278919,389.479,5.03074798791522e-05,-1.195788285057509,-0.813399444321361,-1,Anomaly,-0.11291645368011982
CA,2006,1331067,1308405,1819106,3327189,397.967,5.11147142694575e-05,0.5656441448365301,2.17932160655645,-1,Anomaly,-0.11002251062824231
CA,2007,1360526,1377978,1830417,3354398,402.611,5.081342805963006e-05,1.766776328379938,1.166930926433607,-1,Anomaly,-0.11292656913630517
CA,2008,1400434,1419732,1784350,3144123,384.159,4.957760329554606e-05,-2.204619049163614,-4.58308391971407,-1,Anomaly,-0.12482714619801782
CA,2009,1364565,1353185,1649909,3062269,370.625,4.988475863650704e-05,-4.117057961138992,-3.523020416025657,-1,Anomaly,-0.11714427415337625
CA,2010,1337056,1331349,1668055,2934822,357.038,4.910359715020402e-05,-2.133445784066601,-3.665969645868461,-1,Anomaly,-0.10277318971922778
CA,2011,1339943,1316978,1694150,2829284,343.071,4.772871548540284e-05,-1.143978291093373,-3.911908536346265,-1,Anomaly,-0.10489666368646877
CA,2012,1303292,1310024,1677209,2774561,349.229,4.936620861117189e-05,-1.581608186048378,1.794963724710041,-1,Anomaly,-0.08997573247464996
CA,2013,1301311,1253839,1802717,2776555,347.528,4.865428198785799e-05,0.9690353128500417,-0.4870729521316841,-1,Anomaly,-0.08845012581794143
CA,2014,1212364,1253279,1780682,2797587,343.268,4.866034774482986e-05,-1.238113211562297,-1.225800511037978,-1,Anomaly,-0.07897762573595302
CA,2015,1201311,1286920,1771261,2863796,347.36,4.86621890616264e-05,1.188242518677796,1.192071500984659,-1,Anomaly,-0.07920289433061767
CA,2016,1170025,1226186,1748974,2968766,348.957,4.888982602043819e-05,-0.007999225574095714,0.4597535697834942,-1,Anomaly,-0.0700281977721382
CA,2017,1170581,1187925,1708736,3047143,352.385,4.930735193557085e-05,0.1272553035885915,0.9823559922855774,-1,Anomaly,-0.06748030166803165
CA,2018,1208295,1247418,1739402,3061412,355.096,4.86809453833671e-05,2.065987630939747,0.7693290009506581,-1,Anomaly,-0.07974222622843241
CA,2019,1209812,1192673,1690656,3058755,355.017,4.908938707852211e-05,-0.854099054432933,-0.02224750490008587,-1,Anomaly,-0.07456725657681451
CA,2020,1259488,1124296,1605574,2354857,300.104,4.664621886997039e-05,-11.04019993219075,-15.46770999698607,-1,Anomaly,-0.1386728892972705
CA,2021,1224204,1156382,1597119,2801111,322.322,4.754841442098231e-05,5.365533768785502,7.403433476394849,-1,Anomaly,-0.08824951812990822
CA,2022,1207011,1193155,1540017,2917360,324.564,4.732951573443476e-05,1.161294072402308,0.6955777142112707,-1,Anomaly,-0.06869940723130996
CA,2023,1166251,1157654,1458574,3032405,324.499,4.761627357563073e-05,-0.6221328088691913,-0.02002686681209509,-1,Anomaly,-0.0679253328085957
CO,1962,97034,61019,178910,122860,30.197,6.567106402042529e-05,1.323443862710882,1.335615289103664,1,Normal,0.17222401673501864
CO,1963,89194,60401,178520,129258,30.365,6.639001427718732e-05,-0.532597396383816,0.5563466569526776,1,Normal,0.16965185653780412
CO,1964,102823,69421,182866,133723,32.142,6.575251670816005e-05,6.878412149383539,5.852132389263964,1,Normal,0.160708402740534
CO,1965,103532,73164,183415,138618,33.172,6.651307623980157e-05,2.024413245423284,3.204529898575048,1,Normal,0.1694856508106865
CO,1966,119524,80416,174301,147575,35.285,6.76196207092155e-05,4.629167343386897,6.369829977089103,1,Normal,0.16439519038878603
CO,1967,119584,79831,190040,154378,36.613,6.732397629419325e-05,4.219303355972226,3.763638940059533,1,Normal,0.1685606211673809
CO,1968,132167,93746,212762,172368,40.394,6.610664061285376e-05,12.35857331202777,10.3269330565646,1,Normal,0.10510075185153539
CO,1969,137965,102639,212335,182623,41.155,6.475381592010838e-05,4.012483573169146,1.883943159875234,1,Normal,0.17324350626120177
CO,1970,140743,112292,215738,195193,42.992,6.475030347939503e-05,4.469279896028855,4.463613169724212,1,Normal,0.17049917787714913
CO,1971,146596,120361,203634,206248,43.555,6.435070134951052e-05,1.938653485268826,1.309545962039449,1,Normal,0.17667689297450873
CO,1972,159638,128419,228725,224073,47.419,6.400577710888096e-05,9.458245547679066,8.871541728848587,1,Normal,0.13328881244405655
CO,1973,171755,138440,241627,234426,51.019,6.488919526663342e-05,6.127109893298965,7.591893544781625,1,Normal,0.1641766176286778
CO,1974,164175,137678,235516,231020,50.42,6.561789096133724e-05,-2.271547908547944,-1.174072404398352,1,Normal,0.16842097217301044
CO,1975,160494,138523,228804,237340,51.725,6.760015212484693e-05,-0.4199701192626693,2.588258627528761,1,Normal,0.1759036959539259
CO,1976,171762,134235,243740,250996,55.045,6.874334983490107e-05,4.648825541291313,6.418559690671821,1,Normal,0.1694637142239374
CO,1977,166932,135869,255596,262260,58.214,7.093567486617462e-05,2.488597932891401,5.757107820873819,1,Normal,0.1712864105964798
CO,1978,166258,139366,246888,279228,58.349,7.015284806207701e-05,1.35037817168886,0.2319029786649329,1,Normal,0.17733920564338707
CO,1979,169940,145977,251137,269764,58.771,7.02315198764845e-05,0.6104063644812419,0.7232343313510192,1,Normal,0.17621154171870118
CO,1980,173685,148266,245427,251120,58.268,7.118893387644197e-05,-2.189245451221178,-0.8558642868081168,1,Normal,0.16972566476007395
CO,1981,182072,150706,213463,249246,57.304,7.203628464540006e-05,-2.811246942570411,-1.65442438388137,1,Normal,0.16522687369486516
CO,1982,198866,174555,175343,259137,58.455,7.235407264742505e-05,1.560551510519326,2.00858578807761,1,Normal,0.17215013170604165
CO,1983,206237,181935,160643,255521,56.706,7.050038789759505e-05,-0.4413901686095567,-2.992045162945844,1,Normal,0.16829983570432616
CO,1984,199006,197115,178600,266929,60.476,7.185418149371056e-05,4.638981719082569,6.648326455754239,1,Normal,0.1580088035576125
CO,1985,199712,202033,166932,277566,61.148,7.225820479460392e-05,0.5458332392719534,1.111184602156223,1,Normal,0.16921881372551195
CO,1986,187871,192494,176320,278417,60.326,7.223796882053788e-05,-1.316643091877867,-1.344279453130115,1,Normal,0.169122938326758
CO,1987,189897,199330,174935,281120,60.953,7.210966281075429e-05,1.219133973016429,1.039352849517616,1,Normal,0.17097248974383167
CO,1988,201207,214283,192741,272773,63.211,7.174874149408913e-05,4.226163576179309,3.704493626236594,1,Normal,0.1633678794981176
CO,1989,204158,221696,200267,266101,64.504,7.229582738844438e-05,1.273318539622359,2.045530050149513,1,Normal,0.16872343569471937
CO,1990,214336,237282,210426,271483,65.791,7.04757334281708e-05,4.629335939557722,1.99522510231922,1,Normal,0.1649015554236829
CO,1991,230220,246667,230139,273879,67.468,6.878145058028104e-05,5.075054069137797,2.548980863643968,1,Normal,0.16532888795137235
CO,1992,227103,244964,234307,278016,68.508,6.959436808581963e-05,0.3553864598370593,1.5414715124207,1,Normal,0.16917620527667704
CO,1993,241594,253513,250475,303181,72.032,6.868275417539122e-05,6.539481303142058,5.143924797103994,1,Normal,0.156821713677244
CO,1994,236787,233663,275044,308186,72.57,6.887290258902133e-05,0.4687422527851925,0.7468902709906633,1,Normal,0.17249230176621716
CO,1995,247781,236409,271839,319504,72.656,6.75534827848146e-05,2.073969326550751,0.1185062698084716,1,Normal,0.1715635633763153
CO,1996,261270,250930,285307,328226,75.621,6.71748984883627e-05,4.667453253410159,4.080874256771616,1,Normal,0.16664784313475112
CO,1997,262679,251553,279255,326348,75.779,6.766979063879946e-05,-0.5239253002266131,0.2089366710305463,1,Normal,0.1697738061783844
CO,1998,262308,262645,306997,340750,78.143,6.663505872340861e-05,4.720874057338809,3.119597777748462,1,Normal,0.16375609480545789
CO,1999,276043,274152,279991,361724,80.248,6.732728756977253e-05,1.637928167538028,2.693779353237025,1,Normal,0.16442244013136958
CO,2000,294906,286926,309713,366110,85.166,6.771804054526833e-05,5.516109031813676,6.128501644900797,1,Normal,0.15347047515490014
CO,2001,303860,292452,375954,386387,92.959,6.841997183975599e-05,8.030574338292817,9.150365169198981,1,Normal,0.12457121152483946
CO,2002,319481,302196,353569,383284,91.273,6.718516866404765e-05,-0.009126686504945525,-1.81370281521962,1,Normal,0.16114176177808287
CO,2003,320166,293355,368878,378045,90.757,6.671130895501764e-05,0.1409612897479651,-0.5653369561644639,1,Normal,0.1663746874924899
CO,2004,310150,287807,373885,416502,93.23,6.715189668274097e-05,2.050874567420635,2.724858688586007,1,Normal,0.16829925802294327
CO,2005,324493,288371,383745,423024,95.509,6.727724700679682e-05,2.253618517011269,2.444492116271579,1,Normal,0.16659234531901396
CO,2006,321495,287147,391499,432154,96.216,6.717601167914196e-05,0.8920615398486875,0.7402443748756538,1,Normal,0.1656503452290356
CO,2007,336342,285231,399973,441956,98.906,6.758173203726405e-05,2.17866825106805,2.795792799534391,1,Normal,0.1642400547505125
CO,2008,335744,288167,402894,425012,97.109,6.688804488729272e-05,-0.7986323216503943,-1.816876630335884,1,Normal,0.16104523937058068
CO,2009,327723,283773,404982,414356,93.039,6.502645047795374e-05,-1.448326025234636,-4.191166627192122,1,Normal,0.15463266197532644
CO,2010,339990,274039,445764,421455,95.739,6.4635102209458e-05,3.525052995309563,2.902008835004688,1,Normal,0.16344840158571877
CO,2011,336552,268409,407447,414394,92.394,6.475591601929908e-05,-3.673923507804022,-3.493873969855543,1,Normal,0.14905733179669572
CO,2012,317473,258130,407782,411182,91.094,6.53205867336695e-05,-2.259315224796121,-1.40701777171679,1,Normal,0.15999921792661714
CO,2013,343165,264653,400412,412323,92.054,6.480166132835874e-05,1.863085916212048,1.05385645596856,1,Normal,0.17074575980053264
CO,2014,332090,260450,415227,424426,92.659,6.469724073693927e-05,0.819682517334841,0.6572229343646097,1,Normal,0.16961715153125706
CO,2015,326188,267082,424330,421873,91.023,6.323347053613296e-05,0.508380847846035,-1.765613701853042,1,Normal,0.16528827597136864
CO,2016,322204,261345,380499,430633,88.089,6.316072504086959e-05,-3.111898435193383,-3.223361128505975,1,Normal,0.15523711337538804
CO,2017,316119,261120,386822,435024,88.447,6.321761032901433e-05,0.3160581638798954,0.406407156398636,1,Normal,0.16902117467019506
CO,2018,331961,262942,402951,449912,89.672,6.19382717072672e-05,3.479123543336793,1.385010232116413,1,Normal,0.1686898003195575
CO,2019,350457,270411,402893,460739,91.371,6.154997537893204e-05,2.537499205671634,1.894682844143092,1,Normal,0.16900095768171136
CO,2020,334446,245097,388990,378714,79.569,5.90604395482046e-05,-9.245800440686802,-12.91657090324063,1,Normal,0.06781025067022356
CO,2021,330999,248979,372966,433675,84.878,6.121215617833293e-05,2.922478209266743,6.672196458419744,1,Normal,0.16104949426723025
CO,2022,334362,251820,373203,468548,86.558,6.061773249706569e-05,2.979331035179067,1.979311482362922,1,Normal,0.170743418051313
CO,2023,320811,244472,357706,447930,82.449,6.014136492282554e-05,-3.992627099889912,-4.747105986737221,1,Normal,0.14861284089067694
CT,1962,153801,63587,175097,130768,39.208,7.493110420560568e-05,3.419487580862257,3.494879104635196,1,Normal,0.1602610202653762
CT,1963,154899,66515,176083,134750,40.037,7.522259402119693e-05,1.718668180271909,2.114364415425429,1,Normal,0.16198968450659224
CT,1964,147511,67687,197097,137397,41.301,7.513480276227415e-05,3.277613589179462,3.157079701276322,1,Normal,0.16278085999109376
CT,1965,155024,69416,189344,140533,41.756,7.532873788824806e-05,0.8413802638568502,1.101668240478437,1,Normal,0.16294893867215188
CT,1966,153533,73371,216806,150121,44.42,7.480242695312304e-05,7.128412081895386,6.379921448414594,1,Normal,0.15301899737918984
CT,1967,159299,76696,214873,155282,44.609,7.359399488575436e-05,2.074495942448262,0.4254840162089213,1,Normal,0.17011570495921657
CT,1968,169671,84969,207697,168490,45.019,7.136504937169779e-05,4.071104512084478,0.9190970431975476,1,Normal,0.1691251402582794
CT,1969,178993,89343,204362,174636,46.048,7.11347293132613e-05,2.616882283098221,2.285701592660883,1,Normal,0.1731790175343264
CT,1970,193248,98680,198998,182566,47.771,7.09303154306213e-05,4.040720801439757,3.741747741487145,1,Normal,0.16820451931743424
CT,1971,196196,103307,176909,184357,45.829,6.935696233182499e-05,-1.888960819133711,-4.065227857905429,1,Normal,0.16152154405568225
CT,1972,207833,111439,181818,194609,47.267,6.794173917168201e-05,5.286105604067992,3.13775120556854,1,Normal,0.16656630535539663
CT,1973,207740,115902,196389,201251,48.582,6.735507055492858e-05,3.677308721156702,2.78206782744832,1,Normal,0.17138015035836884
CT,1974,202969,111329,177791,198339,45.414,6.577659075240286e-05,-4.277661164426672,-6.520933679140417,1,Normal,0.14755662257042568
CT,1975,195782,109874,164813,196470,41.643,6.243899367108536e-05,-3.402092615015617,-8.303606817281018,1,Normal,0.14576755632680416
CT,1976,210767,118211,190780,201295,43.341,6.010792549230084e-05,8.113785518615636,4.077516029104533,1,Normal,0.15507271710544457
CT,1977,211580,122318,193920,204071,42.966,5.870562339371134e-05,1.502802151852922,-0.8652315359590212,1,Normal,0.17359917803197983
CT,1978,214786,124915,203179,205676,43.881,5.862094301687919e-05,2.277121257458448,2.129590839268247,1,Normal,0.17625720413985746
CT,1979,236496,130171,174212,194654,42.047,5.716527040218399e-05,-1.739484740600228,-4.17948542649439,1,Normal,0.16285992477465633
CT,1980,224080,123183,175853,185174,40.121,5.664495707260737e-05,-3.704111570641189,-4.580588389183515,1,Normal,0.15553786021218186
CT,1981,222777,127763,144191,181361,35.347,5.228134632564799e-05,-4.545743333582763,-11.89900550833728,1,Normal,0.11436193007401851
CT,1982,215013,129335,142775,186080,35.362,5.25279113017748e-05,-0.4271608006011007,0.04243641610319759,1,Normal,0.16862252649530873
CT,1983,201901,138423,134916,187348,34.737,5.242624375931952e-05,-1.576936560091735,-1.767433968666932,1,Normal,0.16477049823250417
CT,1984,205432,147575,143543,195062,37.923,5.483268822303803e-05,4.380550206161304,9.171776491925044,1,Normal,0.1535190376726126
CT,1985,207501,152306,145773,196759,37.836,5.387142106589553e-05,1.550867320307736,-0.2294122300451007,1,Normal,0.1693338645253355
CT,1986,221983,155707,139839,200195,39.499,5.50336131526699e-05,2.190679999259615,4.395284913838693,1,Normal,0.1662963785434748
CT,1987,228233,161214,145808,209097,39.7,5.333498129917029e-05,3.709916750844688,0.5088736423706886,1,Normal,0.16793793648326238
CT,1988,250120,166624,145230,216609,42.209,5.421251913730568e-05,4.598899445423665,6.319899244332494,1,Normal,0.15927540916264088
CT,1989,259686,179903,132726,218201,43.712,5.529552849025194e-05,1.532525713346278,3.560851951005706,1,Normal,0.16428505600609183
CT,1990,250738,184536,131686,205529,40.435,5.234378741962669e-05,-2.28040925167865,-7.496797218155205,1,Normal,0.14118940320003642
CT,1991,248714,184290,135243,204102,39.641,5.132530931652571e-05,-0.01825268709327865,-1.963645356745403,1,Normal,0.16111925542730132
CT,1992,271182,193350,136969,205609,40.071,4.964750777465277e-05,4.500820873492262,1.08473550112258,1,Normal,0.1559453593794593
CT,1993,265053,188172,134150,206060,38.072,4.798370631027581e-05,-1.694192860948318,-4.988645154850124,1,Normal,0.14423543928725208
CT,1994,262774,196908,131578,205590,37.393,4.692596231917887e-05,0.4304064852111544,-1.783462912376554,1,Normal,0.1541814234146041
CT,1995,252532,193893,131729,201738,36.712,4.707324485088301e-05,-2.128377827222405,-1.821196480624709,1,Normal,0.15108657424867578
CT,1996,258148,204644,131859,213178,39.421,4.879863337583402e-05,3.582423697670567,7.379058618435375,1,Normal,0.1473069735099557
CT,1997,248065,206784,127857,213989,42.321,5.312070491216839e-05,-1.378384065954474,7.356485122143019,1,Normal,0.14253632345159029
CT,1998,234961,211883,120249,216761,39.918,5.092523489676024e-05,-1.611658162785001,-5.678032182604376,1,Normal,0.14191193926154072
CT,1999,255205,218035,121223,235201,41.175,4.962852431827824e-05,5.844065547837296,3.148955358484895,1,Normal,0.14798648172604062
CT,2000,270188,218880,124047,227972,42.743,5.081876191166907e-05,1.376822424499546,3.808136004857321,1,Normal,0.15249539462411682
CT,2001,262225,213047,113548,237681,41.551,5.027338139941755e-05,-1.734184454164667,-2.788760732751561,1,Normal,0.1490259084321724
CT,2002,260309,207411,107056,236689,40.049,4.935400707856418e-05,-1.819356540403461,-3.614834781353038,1,Normal,0.14604452281040037
CT,2003,295821,222716,121018,248567,42.946,4.83559146649732e-05,9.446999497205045,7.233638792479202,1,Normal,0.10705887208846337
CT,2004,296852,205826,115780,284554,44.664,4.946119150265058e-05,1.676344380226613,4.000372560890431,1,Normal,0.15265480261241843
CT,2005,285269,206106,117828,262573,43.807,5.02502360121912e-05,-3.458872594021556,-1.918771269926556,1,Normal,0.14791398372314335
CT,2006,255275,193517,110811,256817,40.816,4.999387570123221e-05,-6.349903702437665,-6.827675942201017,1,Normal,0.12305379623827334
CT,2007,264253,210248,106839,257409,40.056,4.775683786210177e-05,2.73498934372014,-1.86201489611918,1,Normal,0.1470948732696144
CT,2008,253331,193683,80441,242885,37.652,4.887711919412207e-05,-8.156075297854304,-6.001597763131605,1,Normal,0.10965604720315458
CT,2009,251826,185549,86763,239036,35.935,4.709457838983329e-05,-0.9477633252849338,-4.560182726017203,1,Normal,0.14339293731784375
CT,2010,250357,189464,88493,239264,36.437,4.747460928593299e-05,0.5852911843300168,1.396966745512729,1,Normal,0.15561951928634393
CT,2011,236963,182826,85782,234772,35.004,4.728021265560166e-05,-3.537827115132797,-3.93281554463869,1,Normal,0.14079030029135997
CT,2012,231935,182503,83289,228819,34.241,4.712840325539848e-05,-1.864653570193642,-2.179750885613063,1,Normal,0.14821219027456656
CT,2013,244581,186886,88021,225222,34.595,4.64543245021552e-05,2.49990709479222,1.033848310504948,1,Normal,0.15501747557140194
CT,2014,246802,190790,85745,225434,34.934,4.665511885476334e-05,0.5453129406077561,0.9799103916750873,1,Normal,0.1519287868246838
CT,2015,250631,198143,78347,227274,36.244,4.804379668476064e-05,0.7510974650460467,3.749928436480232,1,Normal,0.1481913196558891
CT,2016,225182,188379,78890,229217,33.694,4.668912393112059e-05,-4.338310831858639,-7.035647279549706,1,Normal,0.12477314381939725
CT,2017,227565,186251,78089,232204,33.469,4.6220941874773e-05,0.3383832155273936,-0.667774677984212,1,Normal,0.15082516833932197
CT,2018,245576,190669,76697,237505,36.957,4.924671462037242e-05,3.637159598900164,10.42158415249932,1,Normal,0.12969653414606835
CT,2019,236805,185419,74359,233450,36.248,4.965254995322129e-05,-2.720115771154752,-1.918445761290155,1,Normal,0.1477270931958975
CT,2020,228772,168072,70944,197141,33.443,5.029559546959149e-05,-8.917953024041381,-7.738357978371225,1,Normal,0.0949254932996173
CT,2021,240141,178940,65067,214891,36.24,5.184267521937291e-05,5.129720616787647,8.36348413718866,1,Normal,0.1416285751526173
CT,2022,242776,179172,70264,226027,36.985,5.149392960570283e-05,2.746917907181001,2.055739514348787,1,Normal,0.15676179500414922
CT,2023,229171,174570,66772,217319,36.041,5.239796927156631e-05,-4.233682334595679,-2.55238610247398,1,Normal,0.14329536811538823
DC,1962,24308,31178,30901,29525,7.158,6.175321146031938e-05,1.820976809557284,-1.050594415261263,1,Normal,0.13835937612357635
DC,1963,24690,33246,29099,29602,6.97,5.975805276198805e-05,0.6246063858238449,-2.626431964235831,1,Normal,0.13878073311158007
DC,1964,25122,39402,31880,31091,7.694,6.034793794217767e-05,9.30836698474755,10.38737446197993,1,Normal,0.10924115006779272
DC,1965,25952,52634,41352,33820,9.0,5.853353971825856e-05,20.60018510675012,16.97426566155447,1,Normal,0.021129726823569395
DC,1966,26362,55056,48958,33780,10.096,6.150247325714564e-05,6.762574955449474,12.17777777777778,1,Normal,0.11440307054318904
DC,1967,28518,64007,51180,32459,10.833,6.149348622030482e-05,7.315602232023188,7.299920760697298,1,Normal,0.13353845905945205
DC,1968,30403,64970,47599,32904,11.462,6.517054532428913e-05,-0.1634830982317759,5.806332502538525,1,Normal,0.1424428103590611
DC,1969,31323,68042,56845,32675,13.284,7.032850676337454e-05,7.396077940833656,15.89600418775083,1,Normal,0.08636627369948485
DC,1970,32956,72330,60935,32848,13.642,6.852900250666855e-05,5.391640416126209,2.694971394158374,1,Normal,0.14145038162018225
DC,1971,31177,69827,57942,33280,11.877,6.178632554219751e-05,-3.436999231422266,-12.93798563260519,1,Normal,0.09349683665284697
DC,1972,31350,64555,52445,33608,11.306,6.213521801734466e-05,-5.342121554204149,-4.80761134966744,1,Normal,0.1290096719290456
DC,1973,32235,64015,51670,38665,11.85,6.350958807198825e-05,2.543444091493652,4.811604457810015,1,Normal,0.14868034213122372
DC,1974,30444,53329,40833,39736,9.85,5.993598714875077e-05,-11.92158039724309,-16.87763713080169,1,Normal,0.02860730882148066
DC,1975,29807,49588,39639,37069,7.89,5.054355137313184e-05,-5.013325869223939,-19.89847715736041,1,Normal,0.05969333890427436
DC,1976,31186,49246,39492,38014,7.69,4.868999227544986e-05,1.175505915965736,-2.534854245880858,1,Normal,0.1437863211089499
DC,1977,29800,47851,43012,37622,7.923,5.005528003285213e-05,0.2197064670946824,3.029908972691797,1,Normal,0.14664725582535504
DC,1978,30808,47598,40399,35130,7.45,4.839736510452532e-05,-2.748839119310109,-5.969960873406532,1,Normal,0.13127973978282598
DC,1979,29050,45624,41241,30224,6.045,4.136472810132819e-05,-5.0638585367755,-18.85906040268457,1,Normal,0.0508764477428833
DC,1980,33085,46407,39907,27291,5.25,3.579000470382919e-05,0.3763540191187742,-13.15136476426799,1,Normal,0.08348177060255757
DC,1981,29672,45045,39186,29213,4.691,3.27776069761592e-05,-2.435765462986317,-10.64761904761905,1,Normal,0.08944439218154315
DC,1982,31923,49584,36937,37666,5.181,3.318834916628766e-05,9.078649487129331,10.44553400127906,1,Normal,0.09114651569787108
DC,1983,31817,56055,37221,28944,5.025,3.262203236884645e-05,-1.327277735428456,-3.011001737116381,1,Normal,0.1186881818145572
DC,1984,37501,67943,25453,28083,5.238,3.294754057114103e-05,3.208969273616069,4.238805970149251,1,Normal,0.11958704209974685
DC,1985,36911,66687,27012,28088,4.737,2.984933552619142e-05,-0.1780098125550356,-9.564719358533802,1,Normal,0.08744989492243604
DC,1986,36989,72107,27612,30293,5.204,3.116149005095778e-05,5.232613092875105,9.858560270213212,1,Normal,0.09699861784503183
DC,1987,36718,73789,28447,28582,5.0,2.984451010236667e-05,0.319758564319983,-3.920061491160642,1,Normal,0.10653369930592199
DC,1988,37305,72393,29674,29736,4.903,2.899347750240972e-05,0.9383113976184188,-1.940000000000008,1,Normal,0.11211534217232627
DC,1989,36687,75839,31497,29175,5.04,2.909964318294668e-05,2.419178390013421,2.794207627982881,1,Normal,0.11450709649151919
DC,1990,35255,82197,35800,27384,4.436,2.45576739963241e-05,4.294506864975345,-11.98412698412699,1,Normal,0.056412970381047645
DC,1991,36509,86058,36235,27379,4.384,2.354697847793277e-05,3.069709249540509,-1.172227231740297,1,Normal,0.09836361691668133
DC,1992,36941,86899,35867,27703,4.361,2.326983618803692e-05,0.6601103227504401,-0.5246350364963681,1,Normal,0.10095290110972693
DC,1993,39259,91120,36129,28088,4.537,2.331497050299081e-05,3.834373832773075,4.035771612015604,1,Normal,0.09960497185595146
DC,1994,37273,121228,3830,27332,4.501,2.373156598809468e-05,-2.534995580587474,-0.7934758651090945,1,Normal,0.08168867133581553
DC,1995,38220,122618,3655,27134,4.42,2.306564315049549e-05,1.035520897592046,-1.799600088869147,1,Normal,0.08911598061444859
DC,1996,39157,115283,3335,26155,4.378,2.380253357255478e-05,-4.01665736039285,-0.950226244343888,1,Normal,0.07660272244514293
DC,1997,36227,114361,3608,26629,4.256,2.353669866831837e-05,-1.688685913119126,-2.786660575605293,1,Normal,0.08373528079117581
DC,1998,34683,118386,3532,25977,4.066,2.22699339460395e-05,0.9700039817723383,-4.464285714285721,1,Normal,0.08484771480055092
DC,1999,35810,118628,4022,26574,4.143,2.239047958753526e-05,1.345178499052468,1.893753074274462,1,Normal,0.09285301688337594
DC,2000,37720,125490,3823,27806,4.313,2.213622529370403e-05,5.299026124928385,4.103306782524729,1,Normal,0.08339292028204759
DC,2001,35078,125069,4362,25901,4.083,2.14432015125256e-05,-2.273158864498381,-5.332715047530712,1,Normal,0.07530932581413463
DC,2002,37857,124814,4357,24567,4.186,2.184816931548318e-05,0.6223412635890879,2.522654910604949,1,Normal,0.09042413109670894
DC,2003,38521,120000,4633,25311,3.953,2.097460549913512e-05,-1.633132388632275,-5.566172957477312,1,Normal,0.07361203290871826
DC,2004,38951,125964,4386,26883,4.021,2.049616939286279e-05,4.094637759595887,1.720212496837847,1,Normal,0.08230939839250351
DC,2005,38967,129762,3913,23385,3.931,2.005325769787989e-05,-0.07900786510554036,-2.238249191743347,1,Normal,0.07909517730883903
DC,2006,33601,123028,3722,21361,3.187,1.75387426256934e-05,-7.303038341461421,-18.92648181124397,1,Normal,0.000528253441376636
DC,2007,36784,127406,4061,21141,3.38,1.784648851858305e-05,4.227018578850039,6.055851898336995,1,Normal,0.06884462723660656
DC,2008,35383,120479,3510,18649,3.079,1.729571230360463e-05,-6.004445782051082,-8.905325443786971,1,Normal,0.04839044301709716
DC,2009,35481,118591,7020,19531,3.176,1.758436453229245e-05,1.457131462018535,3.150373497888914,1,Normal,0.07751412588432427
DC,2010,37895,120132,7178,19040,3.215,1.744997041917923e-05,2.007585195028105,1.227959697732994,1,Normal,0.07575165220924229
DC,2011,34357,112694,6672,20967,3.081,1.763675497446935e-05,-5.182885459805364,-4.167962674961112,1,Normal,0.06135395460364784
DC,2012,33009,105061,6867,18856,2.647,1.616054312123765e-05,-6.23840816980743,-14.08633560532295,1,Normal,0.019592342152694564
DC,2013,35191,104946,7005,19174,2.819,1.694966208903533e-05,1.539738940376334,6.497922176048365,1,Normal,0.07136232231119016
DC,2014,36742,105592,7089,20634,3.008,1.768818690203873e-05,2.249332595781528,6.70450514366796,1,Normal,0.07076277073112375
DC,2015,40470,102132,6805,20034,2.953,1.742779240093955e-05,-0.3616434489612352,-1.828457446808518,1,Normal,0.07646378344027444
DC,2016,36840,100274,5669,20943,2.751,1.68024626510145e-05,-3.373425714993916,-6.840501185235349,1,Normal,0.0614682516122117
DC,2017,35749,95859,5499,18090,2.58,1.662403268104409e-05,-5.209313120701664,-6.215921483097054,1,Normal,0.05778132918932266
DC,2018,39049,97618,5401,19940,2.852,1.760417759726431e-05,4.387971416973269,10.54263565891471,1,Normal,0.057809196163834176
DC,2019,36885,94183,4762,21500,2.801,1.780345645113107e-05,-2.887529551192236,-1.788218793828877,1,Normal,0.07084318491936781
DC,2020,33536,77545,4652,16434,2.395,1.81211506741522e-05,-15.9938727125959,-14.49482327740094,-1,Anomaly,-0.02123890623851521
DC,2021,35566,80742,5756,17817,2.583,1.846582785244495e-05,5.836599427992062,7.849686847599169,1,Normal,0.06837726657846638
DC,2022,35568,82645,5222,17716,2.648,1.875991838585355e-05,0.9093508721761401,2.516453735965918,1,Normal,0.08607803739516989
DC,2023,33045,80548,4287,17401,2.457,1.816232998225902e-05,-4.160054409430969,-7.212990936555896,1,Normal,0.05916066848807788
DE,1962,26531,19363,71124,41960,11.767,7.401699616925718e-05,7.65110578420618,7.736678264054198,1,Normal,0.12313439260240416
DE,1963,28974,21341,76466,42957,12.608,7.427962082515893e-05,6.768274656082318,7.147106314268736,1,Normal,0.13051859980923514
DE,1964,27398,21281,77471,43653,12.593,7.416241173595284e-05,0.03888368475937209,-0.1189720812182826,1,Normal,0.14007173264246509
DE,1965,28632,24628,83794,43432,13.165,7.294194563567257e-05,6.291408279005672,4.54220598745334,1,Normal,0.14012917909581318
DE,1966,30365,25984,87933,44193,14.256,7.563867886987664e-05,4.426382101658843,8.287124952525637,1,Normal,0.13460461427035503
DE,1967,31277,22762,83518,45334,13.825,7.559147251641688e-05,-2.962727152142197,-3.023288439955119,1,Normal,0.12786042502264633
DE,1968,34086,23757,92095,51755,14.851,7.363170759520658e-05,10.28044026223269,7.421338155515378,1,Normal,0.11227688117924617
DE,1969,35140,26621,99211,52631,15.502,7.257354731184809e-05,5.90550985904319,4.383543195744388,1,Normal,0.1475801064444346
DE,1970,36638,28636,98322,50326,15.914,7.439194842956045e-05,0.1484054605719098,2.657721584311701,1,Normal,0.15020646532146742
DE,1971,37761,29559,98154,50851,15.766,7.288108170576678e-05,1.123779339101816,-0.9299987432449419,1,Normal,0.1535752369474105
DE,1972,39404,31361,102423,53261,15.83,6.990567370875433e-05,4.679533109904077,0.4059368260814322,1,Normal,0.15378451891804013
DE,1973,38877,33932,110557,56942,17.043,7.092148409541089e-05,6.120610471278165,7.662665824384085,1,Normal,0.14636516821122558
DE,1974,36988,27959,100428,56886,16.461,7.406157625494351e-05,-7.509945569852028,-3.414891744411197,1,Normal,0.12433523796555751
DE,1975,38763,29518,89198,55048,15.351,7.223116230484741e-05,-4.379985692496657,-6.743211226535428,1,Normal,0.13159189528900844
DE,1976,41690,31515,92582,57596,15.965,7.146918073443369e-05,5.108551424296315,3.999739430655969,1,Normal,0.15431086657247067
DE,1977,42088,33497,90723,56927,15.946,7.143177114597238e-05,-0.0667015842745422,-0.1190103351080496,1,Normal,0.15810038963470835
DE,1978,41407,30668,93702,54928,15.97,7.235935914165579e-05,-1.133339903419728,0.1505079643797869,1,Normal,0.15528018405025973
DE,1979,47441,36432,102740,52434,16.799,7.02748831819684e-05,8.311131651442661,5.190983093299928,1,Normal,0.1430027103157906
DE,1980,39914,50902,92084,53979,17.287,7.297787909490037e-05,-0.9065162917752612,2.904934817548654,1,Normal,0.1517349202891337
DE,1981,33101,35925,70269,51388,16.314,8.555515932118059e-05,-19.50185748058089,-5.628506970555902,1,Normal,0.04681511133351074
DE,1982,33584,30128,67894,49564,14.663,8.093503339404978e-05,-4.989406557445831,-10.12014220914552,1,Normal,0.10009425310460873
DE,1983,35214,23323,77675,55479,17.637,9.200696951359473e-05,5.80780482419827,20.28234331310102,1,Normal,0.05444967894276043
DE,1984,43549,25303,87798,57524,18.385,8.584181946370458e-05,11.72766729962649,4.241084084594893,1,Normal,0.09405683787005531
DE,1985,43500,25085,83874,56930,17.344,8.283147634307438e-05,-2.23370826388013,-5.662224639651892,1,Normal,0.12112011597479527
DE,1986,41300,26173,83247,60237,17.119,8.114923894442943e-05,0.748845450334068,-1.297278597785989,1,Normal,0.1458062527594221
DE,1987,45700,29277,82011,65275,17.89,8.049023004278716e-05,5.359386036016822,4.503767743442966,1,Normal,0.14386444419451544
DE,1988,49033,31609,84399,64373,18.477,8.053998448220249e-05,3.217359614510729,3.281162660704307,1,Normal,0.14924783336484432
DE,1989,49658,33182,86963,65685,17.751,7.537963717896454e-05,2.647615228364431,-3.929209287221946,1,Normal,0.14391281246404924
DE,1990,49416,37214,101586,62955,17.751,7.067296781873703e-05,6.659787335235756,0.0,1,Normal,0.15156950241760192
DE,1991,53682,40119,90320,70337,17.637,6.931257270412173e-05,1.307873918565439,-0.6422173398681785,1,Normal,0.1656181557071898
DE,1992,53228,39385,102694,65057,17.537,6.735570201717595e-05,2.321815952463302,-0.5669898508816718,1,Normal,0.1649562331169721
DE,1993,53498,39858,104657,67786,18.899,7.110233258088789e-05,2.087846246024805,7.766436676740618,1,Normal,0.1527987968615091
DE,1994,53667,38843,105360,63155,18.251,6.992050569868788e-05,-1.796463506395785,-3.428752844065819,1,Normal,0.1561224544562989
DE,1995,54757,41012,106471,59981,17.463,6.659649684807853e-05,0.4581936596111502,-4.317571639910145,1,Normal,0.15739906313303687
DE,1996,57307,43761,104228,66267,18.083,6.658860006701944e-05,3.562643724186842,3.550363625952002,1,Normal,0.16249308851452138
DE,1997,55495,45818,104895,64816,16.802,6.199450971131708e-05,-0.1984806472163037,-7.08400154841563,1,Normal,0.14868072602261412
DE,1998,55272,46201,104141,65432,16.149,5.958029264405304e-05,0.008117362300019693,-3.886442090227349,1,Normal,0.16072047520679394
DE,1999,58653,48209,108518,67935,16.362,5.775197218643559e-05,4.526537930830932,1.318967118707026,1,Normal,0.16551048776397237
DE,2000,62856,58203,112374,70445,16.659,5.48211623705488e-05,7.258352011012481,1.815181518151809,1,Normal,0.15668993035001444
DE,2001,61068,51501,112545,65429,15.974,5.497981365925181e-05,-4.388588879126232,-4.111891470076223,1,Normal,0.15115725079052356
DE,2002,66706,56938,112537,68667,15.817,5.188487377315909e-05,4.923539717012626,-0.9828471265806993,1,Normal,0.16032103677666742
DE,2003,68416,56104,108858,67455,16.534,5.496090841399851e-05,-1.317377840759981,4.533097300373012,1,Normal,0.16158765016845972
DE,2004,67018,56460,94668,68855,16.557,5.76896944609949e-05,-4.597582703967662,0.1391072940607252,1,Normal,0.15286606140494607
DE,2005,69725,58032,97363,72667,17.33,5.819595885649809e-05,3.758175058623481,4.668720178776353,1,Normal,0.16489645120622493
DE,2006,62531,57109,91627,74446,16.211,5.673855673855674e-05,-4.05424011122043,-6.457010963646859,1,Normal,0.1460153350873183
DE,2007,67051,59528,90066,74895,17.09,5.862014557278982e-05,2.038402038402043,5.422244155203271,1,Normal,0.16492941067633488
DE,2008,67487,60531,89393,71238,16.161,5.598822102892777e-05,-0.9906084284038497,-5.435927442949085,1,Normal,0.15453978620950598
DE,2009,67260,61582,58010,68878,11.918,4.660912550205122e-05,-11.41486228997055,-26.25456345523174,1,Normal,0.024038997343879598
DE,2010,71069,61812,49804,80560,13.085,4.970956847459817e-05,2.944063574252742,9.791911394529308,1,Normal,0.14451302003159888
DE,2011,66065,57267,84121,73704,13.866,4.931746562431089e-05,6.811179619266872,5.968666411922041,1,Normal,0.1544648676702215
DE,2012,60636,55396,91501,72444,14.595,5.212928204816824e-05,-0.420048513647131,5.257464301168335,1,Normal,0.1623591145280418
DE,2013,63245,55229,89847,68370,14.038,5.073548014022914e-05,-1.174025009197188,-3.816375471051736,1,Normal,0.15986029899606652
DE,2014,64812,55957,86575,69094,13.772,4.981966958113422e-05,-0.09143807148794814,-1.894856817210433,1,Normal,0.16360497038119703
DE,2015,63856,55537,88249,72597,13.87,4.949346807546415e-05,1.375358580797803,0.7115887307580504,1,Normal,0.16717360849261115
DE,2016,58693,54712,87601,75699,14.374,5.194720712385798e-05,-1.261423285124486,3.633741888969011,1,Normal,0.16268348572967112
DE,2017,57163,54304,83081,79745,13.724,5.003408763621383e-05,-0.8713282063143257,-4.522053708084039,1,Normal,0.15525695702321624
DE,2018,65350,59432,84286,83724,13.947,4.763449821033362e-05,6.744247939247439,1.624890702419113,1,Normal,0.15450282507220658
DE,2019,62342,58338,84118,86814,13.572,4.654129459693016e-05,-0.4030164758599963,-2.688750268875029,1,Normal,0.15882431824538423
DE,2020,58826,48217,83706,73104,12.192,4.620754738433901e-05,-9.519155590304928,-10.16799292661361,1,Normal,0.09547938642528958
DE,2021,64727,52155,84233,80021,12.688,4.513118206135109e-05,6.550238200816372,4.068241469816281,1,Normal,0.15411495726163832
DE,2022,64713,52404,80589,77524,12.719,4.621209093452409e-05,-2.100406920493991,0.2443253467843576,1,Normal,0.158702350435538
DE,2023,59334,49613,78916,80663,12.2,4.543338609068057e-05,-2.436498795557185,-4.080509474015259,1,Normal,0.14892909327950804
FL,1962,136258,118409,255247,407087,62.188,6.78167199381462e-05,11.74312999842804,12.41707189211663,1,Normal,0.07532668922378172
FL,1963,153092,127793,265312,415833,64.653,6.720483478148789e-05,4.910354514335324,3.96378722583135,1,Normal,0.1589839410543022
FL,1964,163944,140753,276849,432389,68.041,6.71058795682169e-05,5.395471446286959,5.240282740166724,1,Normal,0.15689060688605416
FL,1965,169286,145032,300196,456712,72.861,6.801645964530361e-05,5.650362202705295,7.083964080480887,1,Normal,0.14963676263815734
FL,1966,192264,153938,318849,473137,77.023,6.767153785531225e-05,6.251061867430407,5.712246606552185,1,Normal,0.15569227275648317
FL,1967,196978,175425,306325,495399,80.366,6.844750904076735e-05,3.157384230562754,4.340261999662443,1,Normal,0.1605777581324458
FL,1968,233269,189906,325869,548917,88.791,6.840806464909192e-05,10.54699410455095,10.48328895303985,1,Normal,0.08588792848993265
FL,1969,266840,212358,331871,582377,95.19,6.831265797167597e-05,7.356538447611283,7.206811501165666,1,Normal,0.13108392027036192
FL,1970,309379,240963,355222,608352,104.341,6.892130667838023e-05,8.645401400556608,9.61340476940855,1,Normal,0.09868388410944834
FL,1971,333043,258547,369912,641555,111.499,6.955398342042734e-05,5.888177341528422,6.860198771336301,1,Normal,0.13283199185460104
FL,1972,363656,279592,380780,706248,121.689,7.032932356378239e-05,7.935899971117677,9.139095417896126,1,Normal,0.09900164255930216
FL,1973,418172,307525,419844,772004,132.24,6.896317948209821e-05,10.82319910025811,8.670463230037239,1,Normal,0.062023850813893
FL,1974,403043,314884,385965,738593,124.289,6.74572655951066e-05,-3.914380105812376,-6.01255293405929,1,Normal,0.10883268295501985
FL,1975,407237,313804,384700,747689,125.912,6.793454949226597e-05,0.5940889613755385,1.305827547087834,1,Normal,0.13534339302637294
FL,1976,431465,338761,434531,777288,134.483,6.785066325470071e-05,6.939184679656263,6.807135142003928,1,Normal,0.1025660521690665
FL,1977,475353,363067,481749,833098,138.127,6.414767149065653e-05,8.638657870360088,2.709636162191509,1,Normal,0.08837066894894036
FL,1978,506668,361673,499233,876871,146.053,6.507313169764983e-05,4.234404852907159,5.738197455964422,1,Normal,0.10900614977124923
FL,1979,499192,365915,542619,932217,153.278,6.550501443838589e-05,4.254906783149859,4.946834368345732,1,Normal,0.10639216617043895
FL,1980,559568,365333,551256,950588,155.504,6.407925018903923e-05,3.709577540991393,1.452263208027249,1,Normal,0.11080016440453239
FL,1981,559118,401284,484948,955122,155.911,6.495008902408442e-05,-1.082561208532418,0.2617296018109005,1,Normal,0.10833464589630526
FL,1982,556668,396187,413035,937880,139.91,6.07308889342252e-05,-4.028537697138146,-10.2629064017292,1,Normal,0.06316254406123911
FL,1983,559459,427120,421458,941159,146.194,6.223150388473333e-05,1.971811422147174,4.491458794939596,1,Normal,0.11212826802051673
FL,1984,603973,460707,454806,926838,143.91,5.88270400813629e-05,4.134520916943507,-1.56230761864371,1,Normal,0.10144502563984331
FL,1985,654584,530760,457997,957694,152.518,5.863740448036859e-05,6.324264488268927,5.98151622541867,1,Normal,0.08367303917958785
FL,1986,674247,557964,436392,1008810,163.439,6.104364961388087e-05,2.9363684316557,7.160466305616375,1,Normal,0.07953849046923706
FL,1987,696326,581915,434358,1066887,174.034,6.261373505748904e-05,3.812412882290817,6.482540886814037,1,Normal,0.07435934857527748
FL,1988,740912,615383,475275,1129005,183.883,6.211059071652997e-05,6.515161436323114,5.659238999276006,1,Normal,0.0568262052459611
FL,1989,818260,653801,531683,1139558,188.215,5.987811543402448e-05,6.172046366684292,2.3558458367549,1,Normal,0.05650326045198756
FL,1990,878331,728487,530983,1137417,187.573,5.727038627657762e-05,4.196733244212614,-0.341099274765555,1,Normal,0.061850738748531586
FL,1991,897520,737565,523561,1077903,188.566,5.826143834065235e-05,-1.180654234313561,0.529393889312435,1,Normal,0.07487612854985659
FL,1992,905461,740375,547714,1113433,191.014,5.776080493912428e-05,2.176206817817383,1.298219191158534,1,Normal,0.07631368280253897
FL,1993,919888,741524,576945,1100341,193.713,5.802052177225973e-05,0.959031237838226,1.412985435622516,1,Normal,0.07803060434153347
FL,1994,943471,753533,581780,1179538,201.21,5.818142913322076e-05,3.582893690893885,3.870158430255066,1,Normal,0.05590833600115991
FL,1995,1007165,789265,597099,1211336,206.794,5.736527092284203e-05,4.237433204561758,2.775209979623283,1,Normal,0.049254240106141434
FL,1996,1041271,801471,613047,1221298,212.433,5.777207398898259e-05,2.003515250505994,2.726868284379624,1,Normal,0.0504697821517745
FL,1997,1028274,821667,584562,1264799,217.855,5.889083940700164e-05,0.6041193466133965,2.552334147707747,1,Normal,0.04581673653160584
FL,1998,1120158,870599,575060,1284395,230.371,5.983332865826609e-05,4.079418225384135,5.745105689564167,1,Normal,0.017186472608887282
FL,1999,1105460,896032,580631,1325489,229.82,5.881341340951967e-05,1.490826998617223,-0.2391794106029077,1,Normal,0.032883207746590926
FL,2000,1158479,946225,559085,1404072,239.027,5.875987404682707e-05,4.100944515473892,4.006178748585842,1,Normal,0.005546116630599229
FL,2001,1160719,948088,558883,1383883,237.342,5.858022515705015e-05,-0.4004315781684809,-0.7049412827839441,1,Normal,0.01274371553149467
FL,2002,1226842,988593,530065,1415567,241.164,5.795723597884005e-05,2.702555946185825,1.610334454078921,1,Normal,0.00011866206273991597
FL,2003,1249770,989207,543458,1398564,246.554,5.897011695051829e-05,0.4789876060665277,2.234993614303971,-1,Anomaly,-0.0025188345605944296
FL,2004,1243035,1015940,528991,1546633,257.132,5.932082760135367e-05,3.673763136513553,4.290338019257445,-1,Anomaly,-0.016268005002314512
FL,2005,1256746,1025417,534392,1590321,260.003,5.899940433980995e-05,1.667420677206821,1.116547143101587,-1,Anomaly,-0.010256710221649201
FL,2006,1258765,1028418,550653,1622964,259.014,5.80644597237133e-05,1.223678910792803,-0.3803802263819933,-1,Anomaly,-0.01499701074300741
FL,2007,1248144,1034978,524362,1597746,256.635,5.825689010562445e-05,-1.245762812553175,-0.9184831707938601,-1,Anomaly,-0.01828290345149375
FL,2008,1208919,1027676,516826,1497055,238.45,5.609959919783101e-05,-3.512960730767745,-7.085939174313715,-1,Anomaly,-0.031536643094880246
FL,2009,1215334,1001087,465514,1418387,224.467,5.475381796325857e-05,-3.550378828159484,-5.864122457538256,-1,Anomaly,-0.020323804826523628
FL,2010,1264768,984792,501548,1555641,245.342,5.697222516361908e-05,5.043848522576044,9.299807989593134,-1,Anomaly,-0.04193536088046668
FL,2011,1181363,961565,477558,1531988,232.173,5.591133675181896e-05,-3.572009110280094,-5.367609296410725,-1,Anomaly,-0.01953540924238195
FL,2012,1119610,950022,473331,1510185,226.741,5.594196312149547e-05,-2.393100480406962,-2.339634668975288,1,Normal,0.00335881790841408
FL,2013,1138042,960904,478866,1535226,226.501,5.506902683612454e-05,1.477641940941199,-0.1058476411412212,1,Normal,0.012955500618475502
FL,2014,1168972,968957,466359,1553639,232.579,5.593627402879511e-05,1.091407373333286,2.683431861227992,1,Normal,0.005707350788155097
FL,2015,1198838,1007063,491510,1611393,236.685,5.493055613576296e-05,3.628634262065145,1.765421641678744,-1,Anomaly,-0.0024346930173810843
FL,2016,1197492,1006889,492226,1647748,237.81,5.474001428060421e-05,0.8250549340373725,0.4753152924773518,1,Normal,0.002965552471913324
FL,2017,1164617,982682,490198,1686659,237.498,5.492355039919929e-05,-0.4649252800301262,-0.1311971742147144,1,Normal,0.003646498540759935
FL,2018,1181052,978605,482134,1770889,241.154,5.465023523119737e-05,2.047197187150518,1.539381384264282,-1,Anomaly,-0.0005736254334143265
FL,2019,1160863,953181,479531,1744428,232.922,5.369336996770173e-05,-1.692327565107821,-3.413586339019881,-1,Anomaly,-0.014768438182038213
FL,2020,1186255,890041,459142,1418943,207.02,5.235206218116059e-05,-8.8432857238688,-11.12046092683387,-1,Anomaly,-0.05204795031844667
FL,2021,1175149,917223,487328,1677480,225.711,5.301888738110971e-05,7.657329933559764,9.028596270891697,-1,Anomaly,-0.02863385680680597
FL,2022,1182724,930707,479896,1744075,231.5,5.337295151038536e-05,1.884392512322131,2.564784170908818,1,Normal,0.006548188316241821
FL,2023,1171829,911850,446820,1777042,229.833,5.335597580057295e-05,-0.6884995468486532,-0.7200863930885482,1,Normal,0.003086153840143213
GA,1962,160370,71975,284934,225338,39.527,5.322670128303188e-05,8.225768137189892,4.367227312333344,1,Normal,0.15330191270465326
GA,1963,168271,75586,298329,239176,43.095,5.515369316654764e-05,5.217501373522793,9.026741214865774,1,Normal,0.15811129629430065
GA,1964,179084,79884,325615,249133,46.372,5.562092561606784e-05,6.700223455965348,7.604130409560272,1,Normal,0.16478555966185743
GA,1965,180664,85605,366608,257459,51.536,5.788383024367233e-05,6.791289589368077,11.13603036315018,1,Normal,0.14730180644788593
GA,1966,196991,92636,397515,282715,56.747,5.851062732894918e-05,8.931806567190993,10.11137845389629,1,Normal,0.13489769330579982
GA,1967,202621,99721,410930,317508,59.726,5.794252895865267e-05,6.281538122075614,5.2496167198266,1,Normal,0.1660835503076455
GA,1968,221404,115198,430968,352836,66.571,5.941685424747814e-05,8.694968858534313,11.46067039480294,1,Normal,0.12304159733183728
GA,1969,238972,127890,445468,376949,71.305,5.99564946492791e-05,6.147146659336,7.111204578570263,1,Normal,0.15680557723595895
GA,1970,252486,137981,449452,400637,73.427,5.918873538257412e-05,4.311688005926273,2.975948390715932,1,Normal,0.16962582828682482
GA,1971,258442,148249,466507,432077,79.463,6.087835896650131e-05,5.216850172946508,8.220409386193062,1,Normal,0.15344964552815316
GA,1972,261865,162008,506439,461433,86.639,6.225215431297302e-05,6.624504414778487,9.030618023482639,1,Normal,0.1455967452797992
GA,1973,278128,174771,549004,508272,92.955,6.155242832623483e-05,8.50968892963715,7.290019506226986,1,Normal,0.12832967845551674
GA,1974,263687,170066,523601,488267,91.544,6.332503470826725e-05,-4.274667323543746,-1.517938787585393,1,Normal,0.1510643954127474
GA,1975,291107,180143,480246,487288,91.267,6.343342711623148e-05,-0.4729455369007485,-0.3025867342480115,1,Normal,0.167261923613583
GA,1976,300925,193555,501576,508176,96.008,6.382521856653856e-05,4.548910746852908,5.194648668193325,1,Normal,0.15717041220316263
GA,1977,337501,212968,510883,528643,104.462,6.569953635103484e-05,5.701443858763899,8.805516206982755,1,Normal,0.1308612400607037
GA,1978,336818,197065,550453,550247,106.297,6.50300015172056e-05,2.804283784361727,1.756619632019296,1,Normal,0.15888206030108187
GA,1979,316057,196346,600556,569712,111.226,6.610078131639362e-05,2.941971779975816,4.637007629566225,1,Normal,0.15062620208562444
GA,1980,343691,197000,578554,549560,112.933,6.767293502060756e-05,-0.8241054560214622,1.534713106647723,1,Normal,0.1550703680189523
GA,1981,336629,207866,561728,541819,113.464,6.884780172337946e-05,-1.244302812909348,0.4701902898178512,1,Normal,0.1566734578568445
GA,1982,336660,209739,535156,541852,110.016,6.776858791418296e-05,-1.494744366189915,-3.038849326658666,1,Normal,0.14712647816798086
GA,1983,339375,221814,565908,560948,117.2,6.942942871783631e-05,3.98162629580876,6.529959278650366,1,Normal,0.14567004319171878
GA,1984,368035,243570,618259,583649,130.008,7.168856433735446e-05,7.432621760675806,10.9283276450512,1,Normal,0.0946934875412041
GA,1985,372955,249468,661518,590584,136.571,7.28562847354478e-05,3.364468150455102,5.048150883022573,1,Normal,0.1403252586987203
GA,1986,393358,257346,619448,621760,131.287,6.939378290650786e-05,0.9275411490691443,-3.869049798273416,1,Normal,0.13365398191951494
GA,1987,413990,274921,644045,662416,136.828,6.857267717498291e-05,5.468486130176187,4.22052449976007,1,Normal,0.13025927170195134
GA,1988,432395,291880,672705,694396,139.079,6.650119347262282e-05,4.811333425546716,1.645131113514786,1,Normal,0.13273473281004095
GA,1989,442300,305525,738693,674359,134.179,6.209463833930544e-05,3.323314411181921,-3.523177474672667,1,Normal,0.12627792316405667
GA,1990,420158,307978,777837,682461,139.132,6.35760838919903e-05,1.275129241387418,3.691337690696761,1,Normal,0.1341133583227641
GA,1991,432616,311034,768314,664978,131.123,6.023268430334124e-05,-0.5251245982856201,-5.756403990455117,1,Normal,0.12364487382176498
GA,1992,447892,320129,781180,668773,130.766,5.895738229691498e-05,1.884938544498915,-0.2722634472975716,1,Normal,0.13993488159824335
GA,1993,498239,340911,792789,741521,140.217,5.907701875025543e-05,7.010268375432549,7.22741385375405,1,Normal,0.09834445721941387
GA,1994,476470,349791,815804,753095,143.073,5.973421399822977e-05,0.9142345292381115,2.036842893515045,1,Normal,0.12948797020693092
GA,1995,532808,382777,872909,789846,151.529,5.876998378801865e-05,7.647923312012561,5.910269582660588,1,Normal,0.09464325800479789
GA,1996,575871,407899,908368,834713,156.045,5.722536993233951e-05,5.759907537407782,2.980287601713205,1,Normal,0.10223464096385482
GA,1997,558675,424566,923243,802959,157.093,5.797979216400117e-05,-0.6383189394356115,0.6716011406965983,1,Normal,0.11881469188816984
GA,1998,585358,435705,892471,830734,158.383,5.771411538523206e-05,1.285282146447764,0.821169625635787,1,Normal,0.11886799072181187
GA,1999,578118,440986,900749,859973,160.978,5.790937993960773e-05,1.295718931241407,1.638433417727914,1,Normal,0.11676116012357735
GA,2000,649841,485961,905977,859647,169.576,5.844572343195262e-05,4.37441048468501,5.341102510902096,1,Normal,0.09872858756499997
GA,2001,615886,484635,838864,858332,161.568,5.774996461399228e-05,-3.574482487410502,-4.722366372599884,1,Normal,0.09170695424551883
GA,2002,650004,476244,925110,860650,166.506,5.717908152069585e-05,4.085225233726364,3.056298276886515,1,Normal,0.10623951856120734
GA,2003,667429,493149,874674,887886,170.49,5.832428769210086e-05,0.3822103571795354,2.392706569132641,1,Normal,0.10573638828290693
GA,2004,704344,524957,911019,924990,175.316,5.719356280441456e-05,4.863641448456613,2.830664555105877,1,Normal,0.09548729555075697
GA,2005,701663,534184,878525,966031,185.57,6.024211767096708e-05,0.4923808684929032,5.848867188391238,1,Normal,0.09145629791386417
GA,2006,703444,537940,875696,950315,182.912,5.963107445603662e-05,-0.4223148724371462,-1.432343590019935,1,Normal,0.10262055101764406
GA,2007,728522,558011,848797,926070,185.52,6.059970582096237e-05,-0.1953775745795916,1.425822253323994,1,Normal,0.10369416627226963
GA,2008,729482,558815,772243,866234,172.583,5.896697182631798e-05,-4.397561769921676,-6.973372143165168,1,Normal,0.07133381218954532
GA,2009,714667,541529,700748,928537,162.89,5.646390178768269e-05,-1.432362047769997,-5.616428037523979,1,Normal,0.09201662826974849
GA,2010,806895,571123,751983,989215,175.226,5.618238353664363e-05,8.112235913662126,7.573208913991047,1,Normal,0.06089731275373117
GA,2011,732025,552169,745735,970495,159.92,5.329845870402624e-05,-3.796749985090797,-8.735005079154924,1,Normal,0.0683986876912197
GA,2012,659224,526489,718567,913952,141.567,5.023257497344966e-05,-6.073431358237502,-11.47636318159079,1,Normal,0.04334730902119266
GA,2013,670701,517353,743231,938008,142.644,4.971398877702626e-05,1.811845799723311,0.7607705185530556,1,Normal,0.1037825725855015
GA,2014,726340,536337,772577,906300,147.875,5.02710130284788e-05,2.518494974197472,3.667171419758275,1,Normal,0.09860485413648717
GA,2015,683282,539775,770984,952410,145.274,4.93047733050869e-05,0.1663405354173086,-1.758918005071852,1,Normal,0.09831723281078664
GA,2016,692959,541917,762360,914215,143.991,4.945678288935655e-05,-1.187802673659033,-0.8831587207621339,1,Normal,0.09852202958683048
GA,2017,647889,517781,748866,967886,141.265,4.900914890642275e-05,-0.9970973236369085,-1.893173878923005,1,Normal,0.09719664251724536
GA,2018,714609,531115,757367,945576,141.548,4.800408048927888e-05,2.298241651722632,0.2003327080310147,1,Normal,0.09723642317217185
GA,2019,693488,521336,753209,937137,136.268,4.690531231885754e-05,-1.475039899398578,-3.730183400683873,1,Normal,0.0848852745825403
GA,2020,659293,473585,700049,825806,116.302,4.374339205930043e-05,-8.482767973806716,-14.65200927583878,-1,Anomaly,-0.0008904285893898134
GA,2021,674235,494375,734148,862159,123.963,4.483440317001506e-05,3.993443493573823,6.587161011848441,1,Normal,0.07704137179494003
GA,2022,701106,528553,745185,877379,125.023,4.383362135489691e-05,3.15775425439111,0.8550938586513679,1,Normal,0.08475078648218365
GA,2023,663934,540712,719969,948760,127.675,4.443390319864939e-05,0.7415985529852787,2.121209697415671,1,Normal,0.0902169317423468
HI,1962,7685,5719,28634,66104,7.716,7.13512913696008e-05,-4.787018612759509,-4.622991347342397,1,Normal,0.11324077293522139
HI,1963,8642,6211,29784,69466,8.141,7.134781732294506e-05,5.51317261723121,5.508035251425603,1,Normal,0.12052579227775118
HI,1964,9310,6813,31648,74849,8.721,7.11221660414288e-05,7.464308563315591,7.124431887974447,1,Normal,0.11055056005522534
HI,1965,9821,6994,34030,78979,9.211,7.094990140497905e-05,5.875061164573481,5.618621717692918,1,Normal,0.12287555255574051
HI,1966,10435,7622,35097,91537,10.296,7.115853784962436e-05,11.45165762878975,11.77939420258385,1,Normal,0.06807681000725097
HI,1967,11659,8339,38008,105098,11.645,7.139616441043751e-05,12.7257396797313,13.10217560217561,1,Normal,0.042076573518904925
HI,1968,12581,9204,38353,122002,12.984,7.12854327142159e-05,11.6716941338042,11.49849720910263,1,Normal,0.06906142508266672
HI,1969,13999,10672,40347,125141,13.487,7.092485761915028e-05,4.402084099681014,3.873998767714104,1,Normal,0.13445442042671318
HI,1970,15409,12489,42943,125344,13.898,7.084165885087469e-05,3.168401180065095,3.047378957514635,1,Normal,0.14028372687162294
HI,1971,16704,12491,43014,138833,15.028,7.120857459652581e-05,7.573502426293688,8.130666282918408,1,Normal,0.11752442492434301
HI,1972,18589,13711,48651,136476,15.465,7.112764802737483e-05,3.024990286293727,2.907905243545383,1,Normal,0.13908236094882342
HI,1973,18964,14517,49316,140854,15.921,7.118680444084757e-05,2.863043058327897,2.948593598448102,1,Normal,0.13751733050040799
HI,1974,19263,14305,49231,128660,15.07,7.126710741612991e-05,-5.45179766690066,-5.345141636831851,1,Normal,0.11263989461776619
HI,1975,18917,14508,49786,130543,15.167,7.0955397325898e-05,1.085794815046004,0.6436629064366262,1,Normal,0.13877503936924995
HI,1976,20231,16354,51127,131684,15.58,7.101282150621932e-05,2.63995059741573,2.723017076547762,1,Normal,0.14150014295849656
HI,1977,20676,17935,52776,141346,16.644,7.151573483663613e-05,6.07802294470754,6.829268292682911,1,Normal,0.13167262037795163
HI,1978,20746,18474,52539,144630,16.972,7.17972147486336e-05,1.570905590980187,1.97068012496997,1,Normal,0.14010915038754945
HI,1979,21396,19683,58541,156359,18.323,7.157981092272834e-05,8.288068768296197,7.960169691256191,1,Normal,0.11732939872217096
HI,1980,20981,20042,74008,146713,17.857,6.822314933675652e-05,2.251738417063831,-2.543251650930534,1,Normal,0.1411264238977573
HI,1981,20909,18075,73065,124102,16.066,6.803274176268574e-05,-9.777874564459932,-10.02968023744191,1,Normal,0.07603269437086835
HI,1982,19554,16818,78892,102196,14.664,6.743309114319874e-05,-7.91485109103921,-8.726503174405575,1,Normal,0.09988679893548202
HI,1983,20058,17152,65467,117875,14.658,6.64605172476332e-05,1.421870688862326,-0.04091653027823439,1,Normal,0.14712552180419003
HI,1984,19664,18279,64411,129351,15.707,6.778878315098941e-05,5.056857339765686,7.156501569109031,1,Normal,0.13757103305930524
HI,1985,19853,18328,66751,142888,16.865,6.805342587361794e-05,6.954964286484966,7.372509072388089,1,Normal,0.13171647983205004
HI,1986,20392,20887,76304,127072,16.5,6.744190799288794e-05,-1.277136631426035,-2.16424547880224,1,Normal,0.14372692270035353
HI,1987,21907,23718,79034,124138,16.598,6.671329121046962e-05,1.692587521203337,0.5939393939393911,1,Normal,0.148670726060181
HI,1988,22960,36893,88225,140944,19.483,6.741032658526543e-05,16.16786443511953,17.38161224243886,1,Normal,0.04090115595379262
HI,1989,25243,35963,93342,154497,20.33,6.578330016664239e-05,6.928216288781774,4.347379766976323,1,Normal,0.14987115549816027
HI,1990,30623,37113,98380,154545,21.226,6.619451695092324e-05,3.758675920982379,4.407279881947868,1,Normal,0.1550741154623343
HI,1991,26003,28700,88496,151201,19.322,6.563179347826086e-05,-8.189645762970866,-8.970130971450107,1,Normal,0.10181323298876455
HI,1992,29590,38546,93169,144127,20.287,6.642045882403014e-05,3.747622282608698,4.994307007556142,1,Normal,0.1576743548457044
HI,1993,29218,30373,91383,130086,18.531,6.593254109442823e-05,-7.979818814600915,-8.655789421797211,1,Normal,0.10866481660109151
HI,1994,29974,34484,92326,139865,19.789,6.670846690870355e-05,5.546502526151009,6.788624467109172,1,Normal,0.1511564419131189
HI,1995,30689,34002,91605,138041,19.788,6.722883215894652e-05,-0.7790351560261422,-0.005053312446312574,1,Normal,0.15644722385185084
HI,1996,31444,33401,94125,121533,18.927,6.747521416883242e-05,-4.700378476445444,-4.351121892055798,1,Normal,0.13984814049472294
HI,1997,31534,34861,87341,117181,18.543,6.8445317200471e-05,-3.417432255626496,-2.028847677920431,1,Normal,0.14932487120407545
HI,1998,31746,45266,79291,114518,18.545,6.847696448945983e-05,-0.03543520709294867,0.01078574125008558,1,Normal,0.15932746882406662
HI,1999,31839,35377,76809,122989,18.256,6.837069078516188e-05,-1.405356305456373,-1.558371528713942,1,Normal,0.15562085232778283
HI,2000,32358,36581,76669,125096,18.566,6.858413617826112e-05,1.38157032376458,1.698071866783524,1,Normal,0.16133447865322043
HI,2001,31648,35984,68421,131917,19.015,7.095943575773408e-05,-1.009959217447842,2.418399224388668,1,Normal,0.1534806550934879
HI,2002,34300,39111,70038,140056,20.265,7.148022080739318e-05,5.797290741500905,6.573757559821192,1,Normal,0.15077750501488912
HI,2003,31342,37002,67947,162796,21.339,7.134737165898772e-05,5.495846634098167,5.299777942264972,1,Normal,0.14517455046635247
HI,2004,32095,40633,67987,171909,22.291,7.130313508603014e-05,4.526122921166498,4.461314963212915,1,Normal,0.1471001626633383
HI,2005,32758,39265,71433,179105,22.878,7.092633928571429e-05,3.178588907406055,2.6333497824234,1,Normal,0.15239366795867482
HI,2006,32942,39851,70418,181296,23.083,7.113251794260216e-05,0.6036086309523903,0.8960573476702427,1,Normal,0.15294973339198886
HI,2007,33072,39064,67558,194353,23.84,7.136720281876502e-05,2.939844132792202,3.279469739635243,1,Normal,0.1488269348716893
HI,2008,32423,39626,64365,136430,19.116,7.006227024332675e-05,-18.32197265654234,-19.81543624161074,1,Normal,0.009770992789045363
HI,2009,32319,39442,67714,132826,18.655,6.852585836397498e-05,-0.2235717977005058,-2.411592383343786,1,Normal,0.15550146227652084
HI,2010,31635,38808,66734,156899,20.287,6.899424906219923e-05,8.010050214338449,8.748324845885813,1,Normal,0.1353243868144251
HI,2011,31100,39424,65883,161563,20.481,6.873418486176648e-05,1.338257850149138,0.9562774190368328,1,Normal,0.1568976250755758
HI,2012,29565,36894,63189,161352,20.118,6.91340206185567e-05,-2.340472658688342,-1.772374395781473,1,Normal,0.1450739232669389
HI,2013,27939,37802,63262,164751,19.94,6.788015781966483e-05,0.9460481099656359,-0.8847797991847983,1,Normal,0.15329272000956
HI,2014,27917,37866,62131,157674,19.38,6.785975650322665e-05,-2.779205659176243,-2.808425275827497,1,Normal,0.14248907032203012
HI,2015,27700,38003,61757,161104,19.544,6.77284761785947e-05,1.041706788426722,0.8462332301341746,1,Normal,0.1534313542931568
HI,2016,28045,37868,60563,162720,19.568,6.766345315979474e-05,0.2190155390138671,0.1227998362668847,1,Normal,0.15189868666200057
HI,2017,28755,38874,57984,170030,20.161,6.819396432171343e-05,2.228938159587268,3.030457890433369,1,Normal,0.1533023171219351
HI,2018,29122,38572,54099,172656,20.045,6.807630523452279e-05,-0.4035285920133136,-0.5753682853033015,1,Normal,0.15246194919677997
HI,2019,29502,39029,54115,173984,20.293,6.841159555137527e-05,0.7410451385469141,1.237216263407315,1,Normal,0.15323537849623314
HI,2020,30851,35044,44792,108898,14.737,6.711296308946422e-05,-25.97368447667304,-27.37889912777804,-1,Anomaly,-0.008080286898078493
HI,2021,30668,36401,46807,142672,17.178,6.712699733883543e-05,16.53938110526676,16.56375110266677,1,Normal,0.04102022917748038
HI,2022,30230,36798,47950,155979,18.103,6.694797414239435e-05,5.666600235245389,5.3847945045989,1,Normal,0.14522959871711527
HI,2023,29368,35652,46936,160674,17.967,6.611469890158415e-05,0.4996227866451708,-0.7512566977849078,1,Normal,0.15125425913932267
IA,1962,166050,73827,218468,153878,41.242,6.736434273132502e-05,4.326791994983226,4.954828858633409,1,Normal,0.1683943771865477
IA,1963,166549,73922,230750,159082,41.871,6.642995511682477e-05,2.953172291795636,1.525144270403977,1,Normal,0.17261804288801014
IA,1964,168020,76713,248360,161376,42.741,6.530637814778087e-05,3.834029030482156,2.077810417711534,1,Normal,0.17241344614303794
IA,1965,177654,81712,259028,161744,44.417,6.530576837969886e-05,3.922263697745798,3.921293371703993,1,Normal,0.17071948868948256
IA,1966,175334,86098,250620,171703,45.628,6.673150470563286e-05,0.5316560291352301,2.726433572731168,1,Normal,0.17411567709409326
IA,1967,184415,90079,272595,183403,47.91,6.558593386375209e-05,6.835343068789257,5.001314982028582,1,Normal,0.16701496834875706
IA,1968,192981,95490,279969,196338,49.804,6.512216617109802e-05,4.693549005327924,3.953245668962646,1,Normal,0.174223347614834
IA,1969,204071,101530,290082,206896,51.905,6.467276118612622e-05,4.94274155375809,4.218536663721784,1,Normal,0.17471486495425237
IA,1970,211108,107641,302033,210247,53.51,6.43902063350529e-05,3.54457318220387,3.092187650515354,1,Normal,0.17443075705515787
IA,1971,208105,111153,292083,230011,53.432,6.350730728636766e-05,1.24243857299462,-0.1457671463277799,1,Normal,0.17842320430239955
IA,1972,221712,117270,305230,238881,56.437,6.390847602342227e-05,4.960943814241836,5.623970654289545,1,Normal,0.1714409219448001
IA,1973,219167,121866,343914,256476,59.498,6.319993626682954e-05,6.605661251218731,5.423746832751575,1,Normal,0.170247935011408
IA,1974,217264,123480,337557,246911,56.182,6.072331452325033e-05,-1.72207026582043,-5.573296581397691,1,Normal,0.16343377967100992
IA,1975,223659,132150,313264,248508,55.158,6.011240424551075e-05,-0.8248911331768971,-1.822647823146206,1,Normal,0.1765766330900786
IA,1976,222003,134542,342387,257384,58.469,6.113983244032308e-05,4.22142568340016,6.002755719931829,1,Normal,0.17359433163970106
IA,1977,224697,135796,340276,261075,58.73,6.105973415675083e-05,0.5781561743189556,0.4463903949101233,1,Normal,0.18080492163098277
IA,1978,225917,129276,323397,260059,57.997,6.17876737868215e-05,-2.41151121022618,-1.248084454282306,1,Normal,0.17437364751089596
IA,1979,244488,144205,367906,259122,63.374,6.239305636778568e-05,8.210941245405646,9.271169198406826,1,Normal,0.14425752967217947
IA,1980,233000,119619,369311,238037,59.223,6.169268142271409e-05,-5.489100364075994,-6.550004733802506,1,Normal,0.14565134297077043
IA,1981,218645,129418,370763,226744,58.696,6.207479306110923e-05,-1.499945831527716,-0.8898569812404,1,Normal,0.1735466229055101
IA,1982,232702,134505,342753,231164,57.775,6.138929472705539e-05,-0.4699815666545759,-1.56910181273,1,Normal,0.17652007214522664
IA,1983,227922,135751,328993,229299,56.599,6.138959872619754e-05,-2.035967591977683,-2.035482475118999,1,Normal,0.1715556406327295
IA,1984,214585,127912,340028,228259,57.119,6.271417011516464e-05,-1.212737156765342,0.9187441474231006,1,Normal,0.1768139522139806
IA,1985,203783,119693,329465,222333,56.172,6.41766216673217e-05,-3.898952879006301,-1.657942190864692,1,Normal,0.16191229556898484
IA,1986,195054,112698,352437,218170,54.421,6.19575117263992e-05,0.3528046138800311,-3.117211422060806,1,Normal,0.17073593344730448
IA,1987,182384,111141,365176,228123,56.235,6.341168033341452e-05,0.9636140079238631,3.333272082468164,1,Normal,0.173380610998623
IA,1988,204047,124453,396828,235332,60.46,6.293589823662899e-05,8.325891044897293,7.51311460834001,1,Normal,0.14926428307428985
IA,1989,202331,123242,356229,237178,60.385,6.570864903626951e-05,-4.338579726438074,-0.1240489579887538,1,Normal,0.16122005699347264
IA,1990,203676,133727,368845,235625,61.254,6.503424559362037e-05,2.49101994491725,1.439099114018383,1,Normal,0.1805744072879507
IA,1991,220148,143653,386022,228184,63.413,6.483893792279818e-05,3.836504496890769,3.524667776798251,1,Normal,0.1727227443505278
IA,1992,204348,136775,400716,226937,61.626,6.361229387628706e-05,-0.9440618072653839,-2.818034157034044,1,Normal,0.1700534074961233
IA,1993,223708,149468,428391,231808,64.606,6.25195355404099e-05,6.668008567520833,4.835621328659978,1,Normal,0.16243344281452637
IA,1994,218001,145810,451055,247614,65.769,6.190140049695053e-05,2.816698326741651,1.80014240163453,1,Normal,0.17906890745773357
IA,1995,228676,151434,463958,256890,69.138,6.279803589237737e-05,3.621526993449287,5.122474113944264,1,Normal,0.17254997903140123
IA,1996,238932,156969,473741,272661,72.199,6.320471608258396e-05,3.755456611423869,4.427377129798371,1,Normal,0.1748369152008949
IA,1997,231757,161686,470007,266370,71.751,6.350657626878619e-05,-1.092878953413456,-0.6205072092411168,1,Normal,0.1766299270306032
IA,1998,219831,159498,486508,275603,74.624,6.53771821158924e-05,1.028305393779538,4.004125378043488,1,Normal,0.172183172756182
IA,1999,232175,170641,511722,274154,76.406,6.427742785972133e-05,4.139778069417699,2.387971698113223,1,Normal,0.17169798730402025
IA,2000,235769,171942,507440,270870,77.763,6.556640323637311e-05,-0.2247850787126304,1.776038531005408,1,Normal,0.17309002904215814
IA,2001,228374,180427,479109,269728,76.552,6.612781035851481e-05,-2.3930476661841,-1.557295886218379,1,Normal,0.16576478266690453
IA,2002,235393,186111,483039,278502,77.061,6.513784344636087e-05,2.194815818775653,0.6649075138468019,1,Normal,0.17510468163111925
IA,2003,235938,191105,470651,281575,77.205,6.546852329705944e-05,-0.319176362691187,0.1868649511425957,1,Normal,0.17349321593442957
IA,2004,230261,181647,524679,296307,78.473,6.364948134185205e-05,4.547223746236018,1.64238067482676,1,Normal,0.17172354021453629
IA,2005,234060,180709,544319,300759,78.405,6.223379682913626e-05,2.186158896189694,-0.08665400838504533,1,Normal,0.1738131293084102
IA,2006,223610,188090,561897,307447,79.512,6.206807723382082e-05,1.682665976635245,1.411899751291368,1,Normal,0.17604438113661025
IA,2007,236094,193096,612170,313018,85.343,6.301273574492184e-05,5.724389072983382,7.333484253949085,1,Normal,0.14930452614173823
IA,2008,246469,200502,659262,305880,88.606,6.274701423042741e-05,4.263067078073535,3.823395006034458,1,Normal,0.16144127096339644
IA,2009,230729,193963,675535,298557,83.545,5.974165461750897e-05,-0.9685471792311495,-5.711802812450617,1,Normal,0.1443536429588595
IA,2010,230991,190976,715296,304935,88.485,6.13622651715314e-05,3.115762014476142,5.912981028188402,1,Normal,0.15705134554195915
IA,2011,225443,189970,718469,307516,85.501,5.931720109336626e-05,-0.04091511154569183,-3.372322992597609,1,Normal,0.15304471362165473
IA,2012,199180,177530,689598,291775,79.529,5.855974929367351e-05,-5.781590376156842,-6.984713629080375,1,Normal,0.12715032355842715
IA,2013,224389,191146,718023,296977,80.662,5.638585816784758e-05,5.334946391347217,1.424637553596808,1,Normal,0.1579433942584979
IA,2014,224473,188239,723638,307827,81.573,5.648411273972147e-05,0.9534887622541399,1.129404180407123,1,Normal,0.16647353911944485
IA,2015,196749,175333,733345,299540,75.344,5.362684417011633e-05,-2.714904554569531,-7.636105083789979,1,Normal,0.12957737865789337
IA,2016,192811,161666,743121,316201,71.905,5.085949397261417e-05,0.6284128891191898,-4.564397961350597,1,Normal,0.14397442973549868
IA,2017,186548,159789,803409,301184,73.839,5.089084303918386e-05,2.62640251747599,2.689659968013358,1,Normal,0.15028323354640527
IA,2018,214694,170649,831545,304218,79.855,5.249791599281577e-05,4.836832126175716,8.147455951461978,1,Normal,0.1354537850613653
IA,2019,208362,166693,823641,304554,75.125,4.99751205389929e-05,-1.174144110740327,-5.923235865005328,1,Normal,0.1308508179226831
IA,2020,182148,140658,749601,277457,63.357,4.693580469158027e-05,-10.20343948570029,-15.66455906821963,1,Normal,0.027127453356958986
IA,2021,181771,143924,764671,295630,71.166,5.134643148578243e-05,2.67671211565601,12.32539419480088,1,Normal,0.11240813828307211
IA,2022,194137,159006,776181,299296,71.577,5.010223159568786e-05,3.075187031429372,0.5775229744541033,1,Normal,0.15441594578766227
IA,2023,174604,140482,794931,293248,67.89,4.837999352938075e-05,-1.774650904124897,-5.151096022465318,1,Normal,0.12538830447979554
ID,1962,35713,28780,92231,44468,8.463,4.206429679112489e-05,4.033258873169521,3.043954705953977,1,Normal,0.14380465459213548
ID,1963,35990,29231,94607,43894,8.39,4.11835736935628e-05,1.257505268599157,-0.8625782819331018,1,Normal,0.1461151711902895
ID,1964,38181,30833,105728,45479,9.175,4.166288257197349e-05,8.09829080806197,9.356376638855778,1,Normal,0.12014074488594972
ID,1965,37419,27234,109911,49550,9.233,4.119778327101386e-05,1.768231768231776,0.6321525885558454,1,Normal,0.14865260465032715
ID,1966,38129,31119,111550,53667,9.372,3.997185080928923e-05,4.618631589280464,1.505469511534696,1,Normal,0.14582020053863853
ID,1967,44329,31399,124032,54383,10.286,4.047327685594331e-05,8.392723860704155,9.752454118651288,1,Normal,0.11971862634988328
ID,1968,45826,34477,138133,56019,10.763,3.921575771708398e-05,7.992744242414695,4.637371184133787,1,Normal,0.13670507417927485
ID,1969,43861,34985,133935,60261,10.103,3.700149793256007e-05,-0.5148366222636813,-6.132119297593608,1,Normal,0.13554851072442886
ID,1970,45235,33461,138621,65806,10.252,3.621041031636427e-05,3.691726211622348,1.474809462535887,1,Normal,0.1466498911529462
ID,1971,49613,39477,140118,68285,11.069,3.720759816197356e-05,5.075532542393235,7.969176746000772,1,Normal,0.13840386399403876
ID,1972,53530,43283,149595,73323,11.641,3.640873108957217e-05,7.475133868696071,5.167585147709808,1,Normal,0.13733493292329974
ID,1973,54774,44879,148747,75193,11.961,3.69630987073268e-05,1.207890382853094,2.748904733270341,1,Normal,0.15644809440633
ID,1974,56441,45811,152921,76433,12.073,3.640755472592557e-05,2.476567787313066,0.9363765571440474,1,Normal,0.152435591538091
ID,1975,67521,56325,140676,79098,13.13,3.821070307111615e-05,3.622963327070905,8.75507330406693,1,Normal,0.14167188526112418
ID,1976,69736,55902,137933,84321,12.91,3.710911113474546e-05,1.243230186746436,-1.67555217060168,1,Normal,0.15643485797849177
ID,1977,73748,60882,132727,88129,12.867,3.619551824825732e-05,2.182567628552468,-0.3330751355538286,1,Normal,0.15312932305848437
ID,1978,70731,53837,139652,93007,13.278,3.716953878195438e-05,0.4900333627765985,3.194217766379115,1,Normal,0.15634861274053397
ID,1979,75681,58641,136672,99686,13.305,3.589349303981871e-05,3.765662266115766,0.2033438770899121,1,Normal,0.14855288579069686
ID,1980,67716,55758,128003,83315,11.195,3.343867236971015e-05,-9.681666127117728,-15.85869973694099,1,Normal,0.04081996392967613
ID,1981,68998,60549,141101,76720,10.141,2.919390730840868e-05,3.756063466271597,-9.414917373827603,1,Normal,0.10368079785947587
ID,1982,71608,59821,126636,75113,9.734,2.921561447634598e-05,-4.084728831466434,-4.01341090622227,1,Normal,0.12248647797644174
ID,1983,69925,55825,127731,74453,9.615,2.932001353935103e-05,-1.574233592854268,-1.222519005547562,1,Normal,0.13520385056212209
ID,1984,74215,57028,121596,77642,9.751,2.950538909834726e-05,0.777292922639683,1.414456578263112,1,Normal,0.13593190010631112
ID,1985,77023,61082,122446,79813,9.93,2.917473403395786e-05,2.989875394121322,1.835709158035082,1,Normal,0.13445118800380101
ID,1986,71334,57236,118905,80510,9.794,2.986112169763861e-05,-3.636705517344718,-1.369587109768367,1,Normal,0.12802014477796558
ID,1987,66249,58660,126330,82283,10.061,3.016601653269209e-05,1.68788206777748,2.72615887277925,1,Normal,0.14212916980558365
ID,1988,70987,65314,134330,84336,10.616,2.99070054399423e-05,6.430179808767655,5.516350263393299,1,Normal,0.1336221447238518
ID,1989,76109,67720,153746,88615,11.221,2.905564618452057e-05,8.796028926632626,5.698944988696319,1,Normal,0.11398956800837279
ID,1990,59218,54126,136570,90874,11.373,3.337275189487862e-05,-11.75664828193377,1.354602976561803,1,Normal,0.0853300856003818
ID,1991,64460,56415,141108,88787,12.037,3.431593351768966e-05,2.929395780942357,5.83838916732613,1,Normal,0.1480692638745888
ID,1992,66732,64960,149698,89674,11.31,3.047991721104715e-05,5.785557487812532,-6.039710891418126,1,Normal,0.11347463526111634
ID,1993,68367,55746,141794,100692,12.4,3.382433169667212e-05,-1.20302697108855,9.637488947833784,1,Normal,0.12876257812678282
ID,1994,71598,65622,152823,103105,12.544,3.190655936186881e-05,7.24168030551009,1.161290322580655,1,Normal,0.13005576736986169
ID,1995,65622,56360,153694,110452,13.328,3.451696194795003e-05,-1.785332750007629,6.25,1,Normal,0.13915007837482102
ID,1996,66016,59546,162804,112208,13.704,3.421090734795569e-05,3.740977756138486,2.821128451380561,1,Normal,0.15050212036502897
ID,1997,65505,56706,158611,114869,13.798,3.487064401262601e-05,-1.219000733946785,0.6859311150029246,1,Normal,0.14952782361890704
ID,1998,69022,61278,168119,117181,14.016,3.372473532242541e-05,5.031451309228663,1.579939121611829,1,Normal,0.14579851849231856
ID,1999,74633,67016,169729,123440,14.914,3.429940802818651e-05,4.624157844080856,6.406963470319638,1,Normal,0.14277141687674216
ID,2000,85730,79249,177016,124232,15.699,3.367243853316089e-05,7.223482008564508,5.263510795225956,1,Normal,0.13621242757903018
ID,2001,86854,78497,163072,121405,15.599,3.467762194078194e-05,-3.51717082022277,-0.6369832473405945,1,Normal,0.13970846266684545
ID,2002,84618,77622,147158,123256,15.029,3.473684453823272e-05,-3.818339858034947,-3.654080389768577,1,Normal,0.1354894982454644
ID,2003,83402,61140,148427,117135,14.512,3.538614595322163e-05,-5.211797907329895,-3.440015969126353,1,Normal,0.1329568081847472
ID,2004,90183,63663,166107,122155,15.703,3.551855093902607e-05,7.803630298655961,8.207001102535827,1,Normal,0.12940222653739708
ID,2005,98781,65797,165242,123130,15.794,3.486926784251648e-05,2.452347508634789,0.5795071005540331,1,Normal,0.1496007767506694
ID,2006,97328,63380,155931,131162,15.83,3.535052400508262e-05,-1.136551797222207,0.2279346587311659,1,Normal,0.1462664192429426
ID,2007,105956,70079,164091,135467,16.293,3.425828386877015e-05,6.206328257417915,2.924826279216663,1,Normal,0.14438002727796934
ID,2008,111090,70656,162300,124001,15.499,3.311412504700373e-05,-1.586440506904008,-4.873258454551022,1,Normal,0.13429451928343766
ID,2009,99622,65080,140589,122820,15.175,3.544831903720731e-05,-8.537585888626808,-2.090457448867666,1,Normal,0.11387606735374672
ID,2010,96729,65485,155774,137576,16.266,3.57062891010866e-05,6.415036160789378,7.189456342668854,1,Normal,0.1373126547621133
ID,2011,89356,59705,140810,131707,15.964,3.786716131496113e-05,-7.457139721216111,-1.856633468584767,1,Normal,0.1286695642347505
ID,2012,86831,61394,146383,132983,15.776,3.689515657522393e-05,1.42583003422847,-1.177649711851669,1,Normal,0.15205221272940878
ID,2013,100219,68566,149254,137267,17.252,3.789100077749908e-05,6.481910241118838,9.355983772819476,1,Normal,0.13715314508585835
ID,2014,91788,65760,147646,139683,16.846,3.786664628650166e-05,-2.290547455996628,-2.353350336192894,1,Normal,0.14653185113754214
ID,2015,97557,69170,147313,153791,18.016,3.850963275199805e-05,5.159628391667814,6.945268906565349,1,Normal,0.1428462661558792
ID,2016,95747,68305,140349,159115,18.284,3.944640410774193e-05,-0.9225553672159381,1.487566607460034,1,Normal,0.15394674478530918
ID,2017,101990,68330,137274,161226,18.664,3.981058828548271e-05,1.144515279980141,2.078319842485254,1,Normal,0.158746323909834
ID,2018,98036,66679,138823,163676,18.994,4.06536605203172e-05,-0.3423488759011994,1.76810972996142,1,Normal,0.15754054393408468
ID,2019,107510,70590,137865,169189,20.026,4.127761494288411e-05,3.839559945635318,5.433294724649884,1,Normal,0.15444910490597025
ID,2020,97128,68343,139099,158519,19.323,4.172623032239953e-05,-4.547834295914289,-3.510436432637565,1,Normal,0.13970796449263134
ID,2021,104573,72073,144804,169330,20.437,4.164179134889085e-05,5.97961519359087,5.76515033897429,1,Normal,0.1516020429345174
ID,2022,117047,77118,148859,170772,20.872,4.062304762386702e-05,4.689668100435829,2.128492440182006,1,Normal,0.15647103707334753
ID,2023,114213,76431,144906,177048,21.819,4.25656022177266e-05,-0.2335552757217307,4.53717899578383,1,Normal,0.15720815966424212
IL,1962,619140,335997,1120348,520468,193.785,7.464891492600787e-05,3.666160040189359,2.201888086071402,1,Normal,0.10327107846068084
IL,1963,619669,341097,1144869,555233,197.748,7.431710253947208e-05,2.500662570032119,2.045049926464904,1,Normal,0.10458059973104716
IL,1964,641437,362011,1214651,568519,205.416,7.371513651489494e-05,4.72593905447396,3.877662479519395,1,Normal,0.08973917532632464
IL,1965,674172,403989,1281844,597149,217.522,7.355788707656077e-05,6.119781713969519,5.893406550609481,1,Normal,0.06789956416592996
IL,1966,706603,457732,1320572,630403,227.826,7.313108486795857e-05,5.348250378573449,4.736992120337247,1,Normal,0.07024930786971201
IL,1967,732637,485218,1340781,677242,233.129,7.204505237836531e-05,3.8701766437369,2.327653560173104,1,Normal,0.08362319732116458
IL,1968,760001,493149,1388353,729817,238.999,7.089181685511906e-05,4.185633698180213,2.51791926358369,1,Normal,0.07666583441827352
IL,1969,822447,522474,1442025,758377,247.829,6.990308076302216e-05,5.161272142662221,3.694576127933602,1,Normal,0.06632758449761134
IL,1970,836162,532649,1447530,790577,247.379,6.858457314954951e-05,1.737387538455604,-0.1815768130444817,1,Normal,0.08035200480945437
IL,1971,868165,544776,1403919,809827,243.92,6.725695731201581e-05,0.5480854990089989,-1.398259351036268,1,Normal,0.08252831365642194
IL,1972,911375,570472,1466887,884523,254.078,6.628258915271464e-05,5.695720172234275,4.164480157428674,1,Normal,0.062371263077420136
IL,1973,876920,580901,1541334,923133,257.555,6.566442928380378e-05,2.322752418702234,1.368477396704959,1,Normal,0.08079208213336758
IL,1974,884476,579433,1503332,881281,252.522,6.561531933557869e-05,-1.880763054041634,-1.954145716448918,1,Normal,0.06837763932900437
IL,1975,897776,589084,1386381,883637,245.726,6.54068985930354e-05,-2.381173863628683,-2.691250663308542,1,Normal,0.06853980554408934
IL,1976,944866,638483,1421280,919415,254.524,6.48626773807837e-05,4.449487633628091,3.580410701350289,1,Normal,0.06666421890985369
IL,1977,981412,654794,1442484,945472,256.595,6.376357021323441e-05,2.551423990148938,0.8136757240967629,1,Normal,0.07545409295016092
IL,1978,994962,679368,1453836,975791,259.06,6.312444306799511e-05,1.982871966170352,0.9606578460219284,1,Normal,0.07518784716577559
IL,1979,917075,640627,1468544,929761,249.518,6.307324259530577e-05,-3.605130365644671,-3.683316606191611,1,Normal,0.058088298301344043
IL,1980,880193,603546,1372229,821194,230.905,6.279426525909756e-05,-7.048450911576431,-7.459582074239135,1,Normal,0.027213043407634196
IL,1981,847941,613110,1218504,784170,213.129,6.1531696926461e-05,-5.804468494359927,-7.698404105584555,1,Normal,0.04202098822815015
IL,1982,846100,604265,1077979,767374,203.43,6.17255668493381e-05,-4.85055548546407,-4.550765029629932,1,Normal,0.06681450753088175
IL,1983,847080,606901,1122412,787395,209.828,6.23783924872904e-05,2.065589976323823,3.145062183552083,1,Normal,0.09673878965006827
IL,1984,880791,636403,1177333,707116,206.31,6.065006783482697e-05,1.125277328301721,-1.676611319747601,1,Normal,0.09205976941654875
IL,1985,848947,592387,1172718,732784,198.261,5.923833734309061e-05,-1.611249851174945,-3.901410498764002,1,Normal,0.08731137683899526
IL,1986,825252,575235,1199695,725445,196.06,5.895434961980068e-05,-0.633792632803043,-1.110152778408258,1,Normal,0.09774499341522774
IL,1987,812160,585459,1261288,735070,192.847,5.682031125699032e-05,2.055433807309548,-1.638784045700292,1,Normal,0.09534652022871626
IL,1988,897860,634210,1313985,787300,197.846,5.445267283121367e-05,7.052987937465738,2.592210405139816,1,Normal,0.07200235483529521
IL,1989,928051,624906,1181212,802004,194.009,5.486417645762971e-05,-2.674881659027728,-1.939387200145581,1,Normal,0.0818935096365559
IL,1990,893058,691370,1238875,788223,193.372,5.354303237552004e-05,2.131006747697861,-0.3283352834146713,1,Normal,0.08669087427610284
IL,1991,957743,704530,1255597,759395,193.177,5.25328355716835e-05,1.820200607776501,-0.1008419005854133,1,Normal,0.0813401053295083
IL,1992,918827,681633,1275674,773488,189.596,5.194943262679519e-05,-0.7515374210485981,-1.85374035211231,1,Normal,0.08095227400422594
IL,1993,955322,721950,1274300,801107,203.915,5.433845597936196e-05,2.823768791651537,7.552374522669258,1,Normal,0.06244839778964345
IL,1994,936682,735125,1319315,781817,203.655,5.397775688633515e-05,0.5398804002363145,-0.1275041071034488,1,Normal,0.08202181902127009
IL,1995,996290,758634,1330969,799891,207.725,5.345770812670397e-05,2.990742240208766,1.998477817878275,1,Normal,0.07089076582202841
IL,1996,1029076,776121,1339927,824320,222.18,5.597248989154669e-05,2.153183065853925,6.958719460825624,1,Normal,0.0535712175955117
IL,1997,978689,775074,1349486,833935,225.523,5.7280352252209e-05,-0.8129841665721949,1.504635880817351,1,Normal,0.07288850444867506
IL,1998,914175,764257,1322058,851800,217.047,5.6342316818745e-05,-2.156061484631511,-3.758374977275047,1,Normal,0.06880246575319604
IL,1999,958276,806750,1318789,939312,226.252,5.623779091458867e-05,4.434763625074023,4.241016922602014,1,Normal,0.06311117607326666
IL,2000,971873,838885,1249767,967815,234.319,5.816761788537762e-05,0.1295011273557911,3.565493343705239,1,Normal,0.06426096741566073
IL,2001,949281,826591,1190200,938563,224.607,5.752321857732047e-05,-3.070966435065947,-4.144776992049293,1,Normal,0.0585162715851828
IL,2002,1006246,829484,1176102,907445,226.782,5.786328229750773e-05,0.3749649134668687,0.9683580654209489,1,Normal,0.07287293362511388
IL,2003,997820,791677,1201877,953325,230.858,5.852367762873369e-05,0.6486151896027748,1.797320775017419,1,Normal,0.07249646969411094
IL,2004,974185,759975,1253104,1004849,237.248,5.942914971136854e-05,1.202146478281962,2.767935267567068,1,Normal,0.07116964460410535
IL,2005,1012120,778678,1238730,1109346,243.83,5.891218670207728e-05,3.676171653371707,2.774312112220123,1,Normal,0.05520511676818057
IL,2006,947786,780840,1202673,1057334,235.906,5.914454443688129e-05,-3.629902060271495,-3.249805192142063,1,Normal,0.052478682273903454
IL,2007,1001086,798044,1217450,1059315,243.387,5.971380007124821e-05,2.187640633951204,3.171178350699,1,Normal,0.06231006475521195
IL,2008,1024099,814812,1219337,1012156,241.683,5.93756932667355e-05,-0.1346699078385805,-0.7001195626717971,1,Normal,0.06571749640613411
IL,2009,971053,796145,1094147,983073,225.869,5.880250321128121e-05,-5.63229242902975,-6.543281902326603,1,Normal,0.029605972915502154
IL,2010,989274,774107,1214485,979609,232.158,5.86891596527764e-05,2.982859802777615,2.784357304455232,1,Normal,0.06831385196001244
IL,2011,969445,778002,1215563,969622,230.236,5.854209744234937e-05,-0.578756545581316,-0.827884457998429,1,Normal,0.07329394874753092
IL,2012,902018,751348,1210839,938266,217.279,5.714146707078942e-05,-3.314485149108992,-5.627703747459122,1,Normal,0.05921193520231788
IL,2013,995294,788242,1220226,957133,231.938,5.855702668919695e-05,4.166128639899003,6.746625306633414,1,Normal,0.04785843729308764
IL,2014,1015974,804010,1233861,983004,234.908,5.819087293988658e-05,1.917800818048265,1.280514620286466,1,Normal,0.06763559326490265
IL,2015,908426,775924,1166131,1018840,216.869,5.604836406613153e-05,-4.150113962534673,-7.679176528683563,1,Normal,0.036160759483338634
IL,2016,907598,779719,1168633,1017343,205.223,5.298407351258464e-05,0.1027829444923078,-5.370062111228435,1,Normal,0.06502328019941572
IL,2017,873177,774890,1161053,1020885,203.549,5.314584199301934e-05,-1.117601133504897,-0.8156980455407026,1,Normal,0.0743392165037054
IL,2018,971711,803060,1161680,1021491,210.49,5.318165188794991e-05,3.340358557997791,3.409989732202079,1,Normal,0.06563144463243376
IL,2019,949675,785712,1155733,991984,201.21,5.181676729916722e-05,-1.890830188602977,-4.408760511188181,1,Normal,0.05902107193425393
IL,2020,917903,714989,1114334,797168,167.731,4.732284579779133e-05,-8.722605048638899,-16.63883504795984,-1,Anomaly,-0.032721399023794784
IL,2021,907653,730864,1108176,881014,182.652,5.034910443527612e-05,2.350554311338615,8.895791475636571,1,Normal,0.04853467714784038
IL,2022,931009,744587,1109888,883298,183.07,4.989931279757784e-05,1.132311807638486,0.228850491645316,1,Normal,0.07873998103263141
IL,2023,827634,685758,1082236,883789,166.195,4.776519967718721e-05,-5.16170462834048,-9.217785546512259,1,Normal,0.028088455492269904
IN,1962,294235,110502,867636,277217,129.286,8.34323917939584e-05,1.761197185919627,0.9384466443896233,1,Normal,0.10984367877167717
IN,1963,293072,114789,912466,284318,133.445,8.316164437514566e-05,3.552939809885203,3.216898968179072,1,Normal,0.10121715569032241
IN,1964,295450,118722,978915,289382,139.946,8.317889769208367e-05,4.849917053356312,4.871669976394766,1,Normal,0.0935331365941241
IN,1965,305553,127194,1029382,300042,146.912,8.336993593126656e-05,4.737082979191309,4.977634230346006,1,Normal,0.0896105003079557
IN,1966,324768,136797,1104668,316147,156.203,8.298160680542356e-05,6.821759535118632,6.324194075364842,1,Normal,0.07698602338924188
IN,1967,341958,146406,1094645,326392,154.281,8.080073279525883e-05,1.435416103328713,-1.230450119395909,1,Normal,0.10449381242221012
IN,1968,364836,155539,1137925,342193,160.887,8.042367556397348e-05,4.770710814543411,4.281797499368034,1,Normal,0.09271810314344858
IN,1969,388470,168918,1191355,359239,169.539,8.042711919403524e-05,5.373175512236239,5.377687445225532,1,Normal,0.08101623556418164
IN,1970,402417,180735,1210802,377796,171.929,7.916614673242627e-05,3.024976956645276,1.409705141589845,1,Normal,0.10241286430749968
IN,1971,415745,191667,1185880,391294,169.063,7.738899846973364e-05,0.5911364526931973,-1.666967178311984,1,Normal,0.10429927728692157
IN,1972,441363,210393,1307357,424550,184.002,7.719289413571119e-05,9.11284375490653,8.836350946097028,1,Normal,0.043443053005056464
IN,1973,427625,204014,1347536,441971,188.323,7.778265150689097e-05,1.572326648249645,2.348344039738692,1,Normal,0.10105769684632149
IN,1974,426615,203319,1310819,430689,181.391,7.64897798427201e-05,-2.05287252637596,-3.68090992603135,1,Normal,0.08816774278783035
IN,1975,429069,210825,1244423,429976,178.716,7.72226531189844e-05,-2.409758454880384,-1.474714842522495,1,Normal,0.09510643340020386
IN,1976,433454,218042,1252095,445748,180.945,7.701947056642692e-05,1.514327257328896,1.247230242395747,1,Normal,0.10746525523394612
IN,1977,451756,219789,1312311,453325,185.716,7.620112080263189e-05,3.738963394415706,2.636712813285813,1,Normal,0.1039801138464595
IN,1978,472571,216497,1324000,463957,185.135,7.474083840864003e-05,1.63483892462688,-0.3128432660621683,1,Normal,0.1057551407694794
IN,1979,453436,217302,1385379,470907,192.591,7.621263289357988e-05,2.018388180019093,4.027331406811263,1,Normal,0.09267186535484317
IN,1980,439983,214844,1247021,441657,183.868,7.84585147211059e-05,-7.262144927903281,-4.529287453723185,1,Normal,0.06466244317002512
IN,1981,424565,200720,1233996,446984,179.043,7.763328254416446e-05,-1.589072099666056,-2.624165161964009,1,Normal,0.09762039457900579
IN,1982,429111,213245,1039823,432620,161.951,7.65798546339392e-05,-8.302034544150583,-9.546310104276634,1,Normal,0.05314767736305459
IN,1983,411360,227239,1050340,439574,168.348,7.909183547387309e-05,0.6484777040276724,3.9499601731388,1,Normal,0.10884957744102242
IN,1984,415049,236432,1045997,513196,185.288,8.381512433985095e-05,3.860065689051462,10.06248960486611,1,Normal,0.07028587590005259
IN,1985,406940,228637,1088681,520787,183.016,8.151996953290469e-05,1.554728759315593,-1.226199214196289,1,Normal,0.1009291340825686
IN,1986,405477,224329,1022561,552469,178.461,8.094071395786354e-05,-1.791010870606158,-2.488853433579563,1,Normal,0.09886255785186976
IN,1987,414615,227867,1109880,578042,184.796,7.929780445888161e-05,5.695162814830668,3.549795193347549,1,Normal,0.09568046204189418
IN,1988,449952,261205,1165992,562368,195.206,8.001836430601985e-05,4.682018790725206,5.633238814692954,1,Normal,0.08723120882960361
IN,1989,456224,273825,1154234,577378,199.666,8.111020883037198e-05,0.9078853788560437,2.284765837115676,1,Normal,0.10070958708485922
IN,1990,432572,277867,1194423,581671,206.208,8.29298935787727e-05,1.010333258451701,3.276471707751938,1,Normal,0.08478491772054086
IN,1991,460671,285187,1155054,567838,202.588,8.206099526521327e-05,-0.7152526368028767,-1.755509000620736,1,Normal,0.08777748132713942
IN,1992,449934,285573,1162292,558793,200.122,8.146322976577725e-05,-0.4923951361600509,-1.217248800521242,1,Normal,0.09567400643775431
IN,1993,483479,302917,1199372,580695,204.051,7.950672949765085e-05,4.472413623257898,1.963302385544807,1,Normal,0.0903359185617616
IN,1994,473010,303980,1172569,603534,203.869,7.985174067229801e-05,-0.5208727033558236,-0.08919338792752196,1,Normal,0.0962232006649878
IN,1995,492269,315010,1189286,621793,209.219,7.990468832172236e-05,2.556231772116502,2.624234189602137,1,Normal,0.09195867375010791
IN,1996,522309,324282,1245842,607596,213.905,7.9223193816365e-05,3.119246153217459,2.239758339347775,1,Normal,0.08885507089215938
IN,1997,502224,321314,1247459,608934,217.807,8.127333081585651e-05,-0.7443620996803735,1.824174282976077,1,Normal,0.08706947134425613
IN,1998,475100,323078,1258313,613596,219.56,8.222949955207469e-05,-0.3673227529653711,0.8048409830721859,1,Normal,0.08323267942512658
IN,1999,509889,330125,1310897,629855,225.98,8.126534873292153e-05,4.145144279888902,2.924029877937695,1,Normal,0.07656137325187834
IN,2000,515784,350409,1339218,658503,239.247,8.35385305135074e-05,2.990002398618796,5.870873528630871,1,Normal,0.055051120985497526
IN,2001,503120,391321,1268959,603605,229.875,8.307712990968219e-05,-3.383658436432402,-3.917290498940429,1,Normal,0.05161411759636969
IN,2002,534678,348625,1322033,648263,232.786,8.157628314279616e-05,3.129446365694055,1.266340402392596,1,Normal,0.07481302601187839
IN,2003,548521,369012,1345241,671900,239.318,8.154849385161063e-05,2.841043888787453,2.806010670744818,1,Normal,0.07013410407488002
IN,2004,529881,368377,1390035,639315,239.509,8.18103907930391e-05,-0.240572111831272,0.07981012711120172,1,Normal,0.06970330913747447
IN,2005,559833,366509,1351193,643978,238.08,8.149204932240567e-05,-0.2083268576323793,-0.5966372871165526,1,Normal,0.07365303239389831
IN,2006,516132,353184,1330893,656485,236.38,8.274602836216563e-05,-2.218679916426836,-0.7140456989247368,1,Normal,0.060534735523716465
IN,2007,577490,376908,1360238,640866,235.608,7.971843700325698e-05,3.458859597443609,-0.3265927743463903,1,Normal,0.0726285356804256
IN,2008,589724,399103,1322484,601516,231.44,7.94554295687902e-05,-1.443883306456906,-1.769040100505925,1,Normal,0.07046156067133885
IN,2009,555226,380983,1183716,581169,208.688,7.727902925736766e-05,-7.29119604727777,-9.830625648116143,1,Normal,0.022850616169212135
IN,2010,575619,378923,1289134,588612,218.252,7.706801697776083e-05,4.869266136581785,4.582918040328154,1,Normal,0.07399454802213751
IN,2011,550204,371272,1299280,580779,209.575,7.480616253577453e-05,-1.072268480264416,-3.975679489764139,1,Normal,0.08680925959028257
IN,2012,511645,354667,1279449,569045,195.286,7.193373812621464e-05,-3.097187509592825,-6.818084218060349,1,Normal,0.06991590302626166
IN,2013,558862,377612,1307283,596117,199.708,7.032286302943829e-05,4.606925582841348,2.264371229888473,1,Normal,0.0988151238604077
IN,2014,573355,383778,1316339,608587,205.455,7.12876007353079e-05,1.48545375092477,2.877701444108416,1,Normal,0.10037009352992388
IN,2015,522360,366133,1287049,610988,186.616,6.69707966329425e-05,-3.314645298602592,-9.169404492467937,1,Normal,0.05789942697796302
IN,2016,511925,359136,1253977,608689,181.047,6.622712053755146e-05,-1.894795243399672,-2.984202855060669,1,Normal,0.10157420607454454
IN,2017,483812,345837,1217386,584070,175.199,6.658763773685876e-05,-3.754029752034671,-3.230100471148367,1,Normal,0.09574225936633701
IN,2018,544397,367192,1283625,573956,188.552,6.808976559024226e-05,5.247379046970391,7.621618844856415,1,Normal,0.0843234220226648
IN,2019,521013,355358,1283389,573050,175.82,6.433675545446296e-05,-1.313029762007933,-6.752513895371037,1,Normal,0.08675376817933778
IN,2020,490723,323303,1161911,526297,153.976,6.153538736369685e-05,-8.437219153339715,-12.42407007166419,1,Normal,0.03737342231074181
IN,2021,500506,346493,1221611,581133,165.787,6.256717630080491e-05,5.895089789727992,7.670675949498618,1,Normal,0.09500498489563514
IN,2022,513283,356454,1185155,569930,163.535,6.230320116579201e-05,-0.9404304717738787,-1.35836947408422,1,Normal,0.1205442476689837
IN,2023,463604,333800,1192741,563541,153.606,6.015074692091895e-05,-2.710314020934734,-6.071483168740643,1,Normal,0.09875477173056485
KS,1962,136680,54783,258952,176565,37.843,6.035749089685334e-05,3.312867867570968,3.243847874720363,1,Normal,0.1683565563682165
KS,1963,133181,54917,246433,193960,38.127,6.066435318882849e-05,0.2408366441726262,0.7504690431519689,1,Normal,0.17263287402608973
KS,1964,135981,66406,263113,178331,38.72,6.014000568472161e-05,2.440766852667742,1.555328245075649,1,Normal,0.1738372174292569
KS,1965,145163,70655,296679,197148,42.264,5.955662275732621e-05,10.22209244351391,9.152892561983483,1,Normal,0.12807059627468415
KS,1966,144161,65928,330103,209458,44.448,5.929174853831593e-05,5.637333648984555,5.167518455423048,1,Normal,0.16593099109517612
KS,1967,140532,71145,281360,214514,42.961,6.071779883315996e-05,-5.615561416076053,-3.34548236141109,1,Normal,0.14845350928345213
KS,1968,153022,84122,312786,228465,46.722,6.002350991463203e-05,10.01240898195468,8.754451712017875,1,Normal,0.1315756729386947
KS,1969,164726,95253,325068,236882,49.294,5.997355002682713e-05,5.592790292846184,5.504901331278611,1,Normal,0.17305636667279606
KS,1970,174837,98514,332667,250710,51.02,5.955215657711666e-05,4.233820682808376,3.501440337566453,1,Normal,0.17649079607737062
KS,1971,176930,104170,352049,256558,52.738,5.92757607569242e-05,3.849296392787438,3.367306938455505,1,Normal,0.17614317929487588
KS,1972,184582,113222,371780,273146,56.009,5.941155941951505e-05,5.959609129307886,6.202358830444843,1,Normal,0.16969177212698439
KS,1973,183929,106381,388421,269163,56.951,6.008161250097584e-05,0.5478774918348694,1.681872556196318,1,Normal,0.17694248230853143
KS,1974,181083,106693,379617,271331,57.263,6.100076060533105e-05,-0.9671967540674342,0.5478393706870754,1,Normal,0.17574528532663347
KS,1975,176771,114273,343380,269148,57.389,6.351354791156424e-05,-3.744969245551955,0.2200373714265735,1,Normal,0.16466516690635052
KS,1976,182621,123718,372989,273595,60.263,6.324028959378584e-05,5.461662669563316,5.007928348638235,1,Normal,0.17192608283912136
KS,1977,180089,123190,393647,268827,61.669,6.385580592987448e-05,1.346701352997792,2.333106549624153,1,Normal,0.17736404741107387
KS,1978,189007,139660,401727,286644,67.461,6.633078967473223e-05,5.310358538509807,9.392077056543812,1,Normal,0.15614906237129028
KS,1979,183832,137066,502746,288878,72.68,6.532904517843243e-05,9.388332207516136,7.73632172662726,1,Normal,0.12716958263576011
KS,1980,179577,136107,406731,279218,67.607,6.749671037524685e-05,-9.96726356872044,-6.979911942762806,1,Normal,0.09824286804549531
KS,1981,168789,131089,361938,266030,64.354,6.935864218553981e-05,-7.366962383465414,-4.811631931604721,1,Normal,0.13589080859307456
KS,1982,180102,134479,352020,255159,62.754,6.808077608222549e-05,-0.6559292294825436,-2.486247941075925,1,Normal,0.17403210687039866
KS,1983,184250,137139,324273,246221,62.406,6.997121813336085e-05,-3.241306286465639,-0.5545463237403125,1,Normal,0.16772643016570338
KS,1984,178449,146161,411405,257072,69.213,6.969480015346086e-05,11.34747797071583,10.90760503797712,1,Normal,0.10184652446826548
KS,1985,180784,147326,394708,268172,66.812,6.741938120527835e-05,-0.2110590512210964,-3.469001488159729,1,Normal,0.16647120495557477
KS,1986,169783,144016,365978,273068,64.299,6.748106984871622e-05,-3.849278146824742,-3.761300365203846,1,Normal,0.1585897574150008
KS,1987,175197,147367,396610,278352,67.838,6.800631563118719e-05,4.689115228604868,5.503973623228964,1,Normal,0.171047992149083
KS,1988,184941,157660,416533,294398,69.801,6.625421320452231e-05,5.614696373524475,2.893658421533662,1,Normal,0.171285392073738
KS,1989,184631,158960,394140,285614,68.147,6.659240041237316e-05,-2.865406209392585,-2.369593558831529,1,Normal,0.16474745507665334
KS,1990,199384,177404,417239,280304,68.433,6.369830499008685e-05,4.9821907567829,0.4196809837557103,1,Normal,0.1715957692840996
KS,1991,210871,186564,412480,260471,67.441,6.30062426078069e-05,-0.3671125259464003,-1.449593032601237,1,Normal,0.1757653730941634
KS,1992,191327,178110,431932,255948,64.728,6.12189887820043e-05,-1.220774561700166,-4.022775462997297,1,Normal,0.163510414847493
KS,1993,216421,184989,424173,260226,71.133,6.55114011554497e-05,2.694740187209343,9.89525398591027,1,Normal,0.151061392616001
KS,1994,207463,184823,472193,247301,71.475,6.428868249351042e-05,2.391852725750621,0.4807895069798729,1,Normal,0.17361737330761662
KS,1995,213485,188555,402114,274175,69.481,6.443389314959242e-05,-3.00886324837063,-2.789786638684855,1,Normal,0.16453260758790833
KS,1996,230462,204352,401488,273318,74.317,6.697512033387976e-05,2.901801860283948,6.960176163267651,1,Normal,0.16475347039711385
KS,1997,219050,196837,414081,271115,70.778,6.42802910586295e-05,-0.7693617910980444,-4.762032913061597,1,Normal,0.1620272684156251
KS,1998,227335,199023,392394,270026,69.816,6.412326479778247e-05,-1.117625903200847,-1.359179406030131,1,Normal,0.1740600574055719
KS,1999,226051,194262,402444,285477,72.65,6.555462915841031e-05,1.787141180295704,4.059241434628169,1,Normal,0.17470586105099284
KS,2000,238841,207255,399934,269988,75.13,6.731976305020443e-05,0.7021067714818807,3.413626978664808,1,Normal,0.17134364437141658
KS,2001,227150,203031,382060,251272,71.439,6.717272583666192e-05,-4.704677437709281,-4.912817782510315,1,Normal,0.14756565852963593
KS,2002,236465,208709,391018,260517,75.998,6.929634999224955e-05,3.121544467763404,6.381668276431651,1,Normal,0.1636146235487312
KS,2003,235900,208525,407714,285798,78.266,6.877885155329337e-05,3.759152373918351,2.984289060238421,1,Normal,0.17007122807516534
KS,2004,229218,209796,406900,273211,76.123,6.802004421307342e-05,-1.653079212645336,-2.738098280223855,1,Normal,0.166073564692514
KS,2005,238654,206727,360738,258139,73.108,6.869386934371178e-05,-4.902754470899618,-3.960695190678243,1,Normal,0.14949253533048673
KS,2006,227010,206089,383534,272628,72.91,6.693528915475721e-05,2.349336345134367,-0.2708321934672075,1,Normal,0.17537761112291322
KS,2007,232899,210655,427990,279286,78.399,6.812393500685158e-05,5.652272504018785,7.528459744890958,1,Normal,0.15365851613938236
KS,2008,240315,214729,377723,276138,75.025,6.765689365355342e-05,-3.643026027324647,-4.303626321764298,1,Normal,0.1547804853761402
KS,2009,233809,205562,347750,285202,73.199,6.827946457721188e-05,-3.323461724369292,-2.433855381539496,1,Normal,0.16404714035237944
KS,2010,241237,208513,365669,274905,72.646,6.663676332051892e-05,1.691059185672317,-0.7554748015683233,1,Normal,0.17344402298504819
KS,2011,237375,207706,362628,266804,70.68,6.577765700134664e-05,-1.435544071202988,-2.706274261487207,1,Normal,0.1677606491028159
KS,2012,210399,196273,365494,264818,66.063,6.370698816372897e-05,-3.494275166142558,-6.532258064516139,1,Normal,0.15001077456334305
KS,2013,218599,190927,354262,281891,69.639,6.659685563461097e-05,0.8387802295507507,5.413014849461861,1,Normal,0.17093366259264609
KS,2014,221012,192902,360189,302112,70.213,6.524074208289428e-05,2.920013770943308,0.8242507790175102,1,Normal,0.1774710153292791
KS,2015,201011,195525,366141,278611,64.276,6.172745842404639e-05,-3.245358265177745,-8.45569908706365,1,Normal,0.1485899056315595
KS,2016,188621,188189,366865,274368,62.302,6.119786806438241e-05,-2.232333640965456,-3.071130748646456,1,Normal,0.16762431820918383
KS,2017,176480,178115,364409,266821,58.75,5.959475566150179e-05,-3.164604210828237,-5.701261596738472,1,Normal,0.15410893972821932
KS,2018,202818,186017,372009,283440,62.6,5.994532144002835e-05,5.930058580376851,6.553191489361709,1,Normal,0.16539741089701987
KS,2019,196205,180472,365050,289758,60.333,5.84914550298405e-05,-1.225814791938984,-3.621405750798723,1,Normal,0.17010005486867608
KS,2020,183013,166562,363071,258047,57.574,5.931208122831452e-05,-5.893256705872318,-4.57295344173172,1,Normal,0.14827142296179874
KS,2021,179855,169592,360581,258257,59.657,6.161105626035337e-05,-0.2484815019326292,3.61795254802515,1,Normal,0.17391815015495793
KS,2022,189341,175150,370401,267919,62.417,6.224209969984344e-05,3.565689405174521,4.626447860267868,1,Normal,0.17326424268150092
KS,2023,176426,170959,352054,260069,56.919,5.932108885083694e-05,-4.318165953670183,-8.808497684925587,1,Normal,0.13820528003499322
KY,1962,128837,57118,438288,169687,49.851,6.279017041804693e-05,2.311489923233845,3.812994585589324,1,Normal,0.15692159897567703
KY,1963,136098,59704,471940,180892,58.264,6.865621693215215e-05,6.890279999496185,16.87629134821769,1,Normal,0.09158558474397671
KY,1964,134782,53412,475553,187832,62.421,7.330030449318267e-05,0.3470282830996707,7.134765893175876,1,Normal,0.1397903459870452
KY,1965,139062,56742,473539,191777,64.783,7.523109438870308e-05,1.120389300346769,3.783982954454435,1,Normal,0.1495938375498398
KY,1966,137974,58515,468510,205416,66.303,7.617400894975385e-05,1.079408212560384,2.346294552583239,1,Normal,0.15089999104053753
KY,1967,154558,72992,473985,214533,70.067,7.648659653366722e-05,5.245084241425069,5.676967859674509,1,Normal,0.14579461026155727
KY,1968,177982,81787,483507,232321,72.827,7.464872754705841e-05,6.498091300982778,3.939086873992048,1,Normal,0.15151637293252174
KY,1969,195615,91078,497794,247884,78.682,7.621492294429323e-05,5.819417053780462,8.039600697543502,1,Normal,0.14506498047368438
KY,1970,204855,95591,503666,261341,85.986,8.070370067942932e-05,3.204568129643448,9.282936376807903,1,Normal,0.1360922596155852
KY,1971,203617,95851,509915,265443,88.13,8.199466704378196e-05,0.8797197060780748,2.493429162886973,1,Normal,0.14776860832968375
KY,1972,197606,100939,574693,284282,93.741,8.098427587922811e-05,7.693803462141768,6.366730965618972,1,Normal,0.12796861346619537
KY,1973,202073,110086,582754,297055,94.043,7.889731846603136e-05,2.975842338929491,0.3221642611024089,1,Normal,0.1483073737857618
KY,1974,197855,113986,579236,287068,94.799,8.046462871717828e-05,-1.159595861294815,0.8038875833395354,1,Normal,0.14808809568233028
KY,1975,215368,121441,596186,288098,90.868,7.441535936686179e-05,3.645306817072602,-4.146668213799732,1,Normal,0.14308107895540234
KY,1976,241217,148224,651735,302855,100.633,7.487407275135227e-05,10.0678736737281,10.74635735352378,1,Normal,0.08920696158370828
KY,1977,262371,156902,642006,309564,101.149,7.378598424473117e-05,1.9949703503642,0.5127542654993933,1,Normal,0.1609918720955908
KY,1978,258621,154851,604635,333814,102.35,7.570708643478428e-05,-1.380318533924019,1.187357265024858,1,Normal,0.1590102609087647
KY,1979,254830,155129,632417,342198,102.322,7.39013776790712e-05,2.415377821633058,-0.0273571079628665,1,Normal,0.1585842363784084
KY,1980,253736,157030,586480,324017,103.481,7.83197592000987e-05,-4.572666702778827,1.132698735364812,1,Normal,0.13604445377086544
KY,1981,248477,146139,535855,323231,102.934,8.210410616247414e-05,-5.113440700299643,-0.5285994530396909,1,Normal,0.12600263103288395
KY,1982,249439,144058,499996,318534,98.241,8.105512500959137e-05,-3.324078069651382,-4.559232129325586,1,Normal,0.1370621996603616
KY,1983,250143,152702,488114,332803,100.3,8.196038118523046e-05,0.9682127543363395,2.095866288006021,1,Normal,0.14797654779815034
KY,1984,259383,153939,571074,337644,104.99,7.941508621895992e-05,8.030891627620406,4.675972083748747,1,Normal,0.12557059764356765
KY,1985,256302,150787,554706,323387,107.782,8.38651646225982e-05,-2.788037587336545,2.659300885798643,1,Normal,0.13103135495062151
KY,1986,257754,151494,506563,344232,111.152,8.821286257691205e-05,-1.956065366617332,3.12668163515244,1,Normal,0.12397791909647898
KY,1987,263465,152920,528252,358877,113.004,8.669188569657534e-05,3.449882265922666,1.66618684324169,1,Normal,0.13556017753141003
KY,1988,280581,167118,551327,386223,123.077,8.884822234253745e-05,6.270516673021298,8.91384375774309,1,Normal,0.09662712028933823
KY,1989,285364,172443,602336,404451,119.299,8.145533847605549e-05,5.72777476989712,-3.069623081485562,1,Normal,0.12088749744261229
KY,1990,269660,174083,646222,379595,120.399,8.192860448025259e-05,0.3390700767584631,0.9220529929001797,1,Normal,0.13698582264878006
KY,1991,295323,185741,632298,378096,120.074,8.050779840934173e-05,1.490105882032711,-0.2699357968089511,1,Normal,0.14145126386126033
KY,1992,289803,184368,688722,393921,123.984,7.963952043113665e-05,4.382087863017259,3.256325266085902,1,Normal,0.1316359956989816
KY,1993,309408,190589,691356,407849,134.499,8.410387437226465e-05,2.722609944020316,8.480933023615943,1,Normal,0.10406097756784427
KY,1994,306771,195421,737113,405793,132.404,8.048395901034467e-05,2.869995704104733,-1.557632398753894,1,Normal,0.1260923288751749
KY,1995,325700,204481,767067,421760,137.857,8.019562433937228e-05,4.492802252510186,4.118455635781393,1,Normal,0.12350301731061286
KY,1996,339352,208407,793157,396465,138.994,8.000202603804231e-05,1.068755311926806,0.8247676940597914,1,Normal,0.13096520377635607
KY,1997,324970,224235,769762,427334,142.782,8.176253692805537e-05,0.513416458450977,2.725297494855905,1,Normal,0.12003339561820986
KY,1998,318359,224186,737942,424989,141.255,8.28243845120072e-05,-2.337798581115169,-1.06946253729463,1,Normal,0.1110453197894658
KY,1999,340310,241384,776076,440965,145.984,8.115925914601095e-05,5.468209461757301,3.347846093943585,1,Normal,0.11730487289434283
KY,2000,354678,250190,741748,441204,146.779,8.209942835408486e-05,-0.6068153452287284,0.5445802279701706,1,Normal,0.12453909788397338
KY,2001,338896,245828,775279,447987,150.643,8.332075029217546e-05,1.128133704735368,2.632529176517084,1,Normal,0.11867089368502898
KY,2002,372358,261706,862588,463151,150.724,7.690776925424098e-05,8.396787812315232,0.05376950804218961,1,Normal,0.10223240490729402
KY,2003,364218,255626,827723,448292,147.322,7.770725565561574e-05,-3.262727561253642,-2.257105703139506,1,Normal,0.11760248381236538
KY,2004,363234,261514,862925,484305,153.864,7.802525080160671e-05,4.014961028219921,4.440613078834121,1,Normal,0.12289784711356894
KY,2005,385619,268267,868289,475769,155.676,7.791806080747968e-05,1.316851058607682,1.177663391046635,1,Normal,0.13002761450461697
KY,2006,366855,261755,891033,472622,158.363,7.9488883512543e-05,-0.2842420587153338,1.726020709679088,1,Normal,0.12215555230518849
KY,2007,390383,271438,876323,493644,158.1,7.781327471826525e-05,1.983721049297626,-0.1660741461073645,1,Normal,0.1273971318242647
KY,2008,389482,268147,878204,458120,155.463,7.7967194829971e-05,-1.86205542214809,-1.667931688804558,1,Normal,0.1153336213291562
KY,2009,376678,252825,812177,465322,145.616,7.63773423395544e-05,-4.384253598628652,-6.333983005602606,1,Normal,0.10177102599328819
KY,2010,407223,260330,847502,462197,152.316,7.704396709966257e-05,3.696078853039064,4.601142731567953,1,Normal,0.12852185075899925
KY,2011,377734,249280,822688,457559,150.441,7.887687707526232e-05,-3.526148949848784,-1.230993460962737,1,Normal,0.11613845826813501
KY,2012,356074,248194,826614,441921,139.877,7.468858176754309e-05,-1.808116127131232,-7.022021922215349,1,Normal,0.1135383736316617
KY,2013,378158,279176,713369,441075,138.832,7.662748968140688e-05,-3.258484741854861,-0.7470849389106249,1,Normal,0.1262096945812563
KY,2014,387595,259641,657194,449768,139.575,7.956627473067464e-05,-3.178093563339435,0.5351792094041574,1,Normal,0.12222903949019176
KY,2015,353445,259935,633724,456328,130.455,7.658362646703831e-05,-2.893972060166528,-6.53412144008596,1,Normal,0.11701308372447994
KY,2016,347494,264991,607006,457090,125.79,7.502764553120576e-05,-1.576229635230519,-3.5759457284121,1,Normal,0.13601392762965842
KY,2017,321536,248751,589025,464921,115.807,7.129949951761847e-05,-3.122364429535807,-7.936242944590188,1,Normal,0.12876811216234818
KY,2018,359216,260145,601670,487767,121.764,7.125714757223942e-05,5.206395880393999,5.143903218285595,1,Normal,0.14526859954369709
KY,2019,341757,252132,601121,490746,114.553,6.795340730994603e-05,-1.348258453169104,-5.922111625767879,1,Normal,0.14236694205724792
KY,2020,313264,223389,550228,457247,101.056,6.544535168068968e-05,-8.401561790007817,-11.78231910120207,1,Normal,0.08260954469268961
KY,2021,325555,234692,591675,490957,110.651,6.735188653577044e-05,6.395259978447387,9.494735592146931,1,Normal,0.12560239600019546
KY,2022,336483,248840,591012,495047,109.644,6.560076296097304e-05,1.735003003873081,-0.9100685940479414,1,Normal,0.16047715651930028
KY,2023,297710,237208,575237,497386,104.56,6.504340166539972e-05,-3.81965115117241,-4.636824632446834,1,Normal,0.1401091750650028
LA,1962,113254,71118,1120754,255742,83.932,5.377264445167689e-05,0.7894658675148936,0.1133151233942087,1,Normal,0.12132928863193743
LA,1963,121081,79154,1261348,267068,90.364,5.227431810950742e-05,10.7492754031731,7.663346518610314,1,Normal,0.06671395830937399
LA,1964,134509,85551,1342389,283663,96.793,5.243073009654886e-05,6.795013449801868,7.114558895135237,1,Normal,0.09784957581740183
LA,1965,129055,85217,1284716,311111,95.288,5.264239544776531e-05,-1.95069421573556,-1.554864504664599,1,Normal,0.1032933398688331
LA,1966,142460,93623,1394872,318855,101.869,5.224560341776891e-05,7.718358101762335,6.906431030140214,1,Normal,0.09015996798590009
LA,1967,153502,125346,1587690,340707,114.426,5.184109602694762e-05,13.20308132587278,12.32661555527197,1,Normal,0.012152416975202085
LA,1968,168393,141266,1722839,358472,123.181,5.151925787441916e-05,8.323724824385149,7.651233111355804,1,Normal,0.06982518666076704
LA,1969,185560,150646,1943233,385711,139.182,5.222293220909434e-05,11.46735425371292,12.98982797671717,1,Normal,0.007402019632221424
LA,1970,199066,176095,2032358,392146,145.524,5.197905750185915e-05,5.047181191609784,4.55662370134069,1,Normal,0.07700328301070203
LA,1971,200865,179399,2085747,390656,148.145,5.185938718093499e-05,2.035992864863156,1.801077485500691,1,Normal,0.08998865373107062
LA,1972,219960,190289,2204463,425490,157.05,5.165764973975465e-05,6.425005084596846,6.011002733808102,1,Normal,0.06586850825961488
LA,1973,236575,200413,2363031,474447,170.665,5.211983729900964e-05,7.705558303905513,8.669213626233674,1,Normal,0.038287772846092194
LA,1974,233197,203796,2412864,509270,174.176,5.185161369452273e-05,2.585179355578737,2.057246652799338,1,Normal,0.06652453201348241
LA,1975,235104,175840,2141590,511105,161.471,5.27056223007998e-05,-8.796489799126206,-7.294345948925218,1,Normal,0.019511801513869886
LA,1976,241587,184413,2520108,546640,184.242,5.274998997921402e-05,14.00625204209764,14.1022226901425,-1,Anomaly,-0.03926301736632709
LA,1977,264493,218296,2832206,585306,206.433,5.292749425813104e-05,11.66871854188976,12.04448497085355,-1,Anomaly,-0.02660117982288901
LA,1978,262708,246891,2949888,588506,213.774,5.280986088418115e-05,3.786787573667438,3.55611748121667,1,Normal,0.03463668569197664
LA,1979,265978,348033,2801254,581420,208.375,5.213697154941446e-05,-1.267541404458605,-2.52556438107534,1,Normal,0.029980218033685002
LA,1980,262741,270745,2679127,646698,197.948,5.129103388947766e-05,-3.437199438334382,-5.00395920815836,1,Normal,0.018406371809650324
LA,1981,277263,301707,2670712,661771,198.294,5.069570001554409e-05,1.351174173621716,0.1747933800796186,1,Normal,0.04430606927080738
LA,1982,269986,291903,2434545,580651,182.626,5.105433437393681e-05,-8.548351304475876,-7.901398932897619,-1,Anomaly,-0.0007619748620865119
LA,1983,258015,204737,2307134,599633,171.267,5.082830788955103e-05,-5.802787796005193,-6.219815360353953,1,Normal,0.03548596924202818
LA,1984,278505,215081,2421517,598752,177.278,5.045107090208488e-05,4.28369619411666,3.509724582085272,1,Normal,0.05694487047107588
LA,1985,281829,224645,2194491,585793,167.012,5.081362900075333e-05,-6.463091870478621,-5.790904680783848,1,Normal,0.04296530407010046
LA,1986,276286,219181,2290876,661326,176.321,5.114200149376029e-05,4.89598254327368,5.573850980767858,1,Normal,0.05834384451320468
LA,1987,278906,205825,2383277,652239,177.83,5.051635595921421e-05,2.104925783317735,0.8558254547104571,1,Normal,0.06848746145627743
LA,1988,281585,206844,2381576,694274,184.975,5.189686222831477e-05,1.250906896847548,4.017882247089899,1,Normal,0.05897494090376115
LA,1989,287568,210924,2520500,693329,189.432,5.102791488128316e-05,4.153432347225139,2.409514799297208,1,Normal,0.05118507694341856
LA,1990,265632,189509,2554162,690571,192.977,5.215763754500146e-05,-0.3351272694360197,1.87138392668611,1,Normal,0.0476168865462086
LA,1991,270329,191263,2516796,725546,192.125,5.187048267829609e-05,0.1096522049363724,-0.4415033915958877,1,Normal,0.0464616721611566
LA,1992,264729,188924,2633873,725753,199.314,5.226831983447342e-05,2.95221004028956,3.741834743005845,1,Normal,0.03798772921757554
LA,1993,280588,191618,2679898,723701,202.419,5.222624432054203e-05,1.639662390825758,1.557843402871861,1,Normal,0.04306909307906259
LA,1994,280741,199682,2769329,764489,207.616,5.171978704848008e-05,3.571821116102192,2.567446731779133,1,Normal,0.03620902522713765
LA,1995,299736,204223,2790089,764491,208.338,5.133332659855174e-05,1.103220604013644,0.3477573982737292,1,Normal,0.037374146186077706
LA,1996,304837,207959,2880571,834585,214.342,5.069636486283207e-05,4.174488663761022,2.88185544643802,1,Normal,0.024412621059828665
LA,1997,296049,209366,3012355,801668,222.413,5.149114167987439e-05,2.16383519601433,3.765477601216749,1,Normal,0.026660575521345153
LA,1998,311888,219358,2728496,781161,209.004,5.172207710896445e-05,-6.448448665360019,-6.028874211489443,-1,Anomaly,-0.0038219584383986094
LA,1999,296047,216130,2732689,776293,207.56,5.16169976991691e-05,-0.4887271539420035,-0.690895868021657,1,Normal,0.03639017273173417
LA,2000,317347,236056,2919467,854201,222.186,5.13479216532022e-05,7.607588464610671,7.046637116978216,1,Normal,0.002197581852984354
LA,2001,291447,216876,2557306,753067,199.967,5.236524395625e-05,-11.74864556123325,-10.00018002934478,-1,Anomaly,-0.04297652548857844
LA,2002,309972,226616,2640891,775108,205.382,5.196146418683681e-05,3.50606502689268,2.707946811223838,1,Normal,0.039876371175562864
LA,2003,286020,218484,2527843,771855,202.426,5.321118763471952e-05,-3.754076764485403,-1.439269264102994,1,Normal,0.029579793507084506
LA,2004,289241,224137,2735268,756496,208.543,5.206886753964533e-05,5.282004100730764,3.02184501990852,1,Normal,0.03154819811517706
LA,2005,305426,231018,2596573,716705,202.489,5.259837079060295e-05,-3.880465542011291,-2.902998422387715,1,Normal,0.028018809069002004
LA,2006,267882,205433,2777727,770687,211.046,5.247636964553101e-05,4.468221065428124,4.225908567872816,1,Normal,0.02851587513892595
LA,2007,342273,281775,2941639,709979,211.382,4.943831051586745e-05,6.31414210885155,0.1592069975266064,1,Normal,0.018170930582545153
LA,2008,342066,266394,2933177,673653,205.138,4.866520484588134e-05,-1.412199064848751,-2.953893898250559,1,Normal,0.024426330225823967
LA,2009,347696,272908,2733894,667221,194.328,4.832762753248278e-05,-4.607914376492628,-5.269623375483823,1,Normal,0.011597883551356603
LA,2010,381348,278665,2838567,613529,204.015,4.961751116433521e-05,2.255627504629376,4.984870939854269,1,Normal,0.04107482214587277
LA,2011,366301,277271,2852752,628256,208.382,5.052155158201394e-05,0.3128105426540628,2.140528882680215,1,Normal,0.039152961852928825
LA,2012,334742,274247,2816307,570627,197.791,4.949820104141146e-05,-3.120120757908129,-5.082492729698352,1,Normal,0.019768878265963075
LA,2013,338053,265398,2746364,554690,189.484,4.852964528108593e-05,-2.287906949157925,-4.199887760312649,1,Normal,0.02756332719682908
LA,2014,342132,263837,2782716,533790,186.807,4.762482628934669e-05,0.4602637981815816,-1.412784192860617,1,Normal,0.04086726498787441
LA,2015,328034,266625,2761389,540344,185.068,4.749722564133625e-05,-0.6647595355070868,-0.9309073000476342,1,Normal,0.04215214622208874
LA,2016,310164,261972,2868191,571359,188.498,4.69871565414294e-05,2.959042150746494,1.853372814316878,1,Normal,0.039367198710167806
LA,2017,302997,262407,2999481,615926,192.867,4.613152436838151e-05,4.215552938760014,2.317796475294176,1,Normal,0.025863986054285193
LA,2018,325473,262915,3049592,582153,194.305,4.60424204941554e-05,0.9405600402027536,0.7455915216185272,1,Normal,0.031395172634590796
LA,2019,309294,253634,3070764,623705,195.398,4.589618383653275e-05,0.8829348858921504,0.5625176912585905,1,Normal,0.028835782819966793
LA,2020,292505,228907,3050060,606535,183.341,4.388243764247234e-05,-1.864686612058886,-6.170482809445332,1,Normal,0.006686872241231434
LA,2021,305340,238191,3016267,697704,188.67,4.431480114828112e-05,1.90258314735936,2.906605723760625,1,Normal,0.02519731696050942
LA,2022,302060,238746,2982767,756681,193.627,4.523726862938508e-05,0.5345867780436109,2.627338739598262,1,Normal,0.019432038557929743
LA,2023,284348,227183,2955587,750541,186.845,4.430066266649943e-05,-1.462459938125171,-3.502610689624908,1,Normal,0.015167202082847941
MA,1962,360261,199565,287660,242058,76.814,7.050098894492654e-05,2.8881139154322,2.331343919855056,1,Normal,0.16373573241996303
MA,1963,350420,189161,270493,251890,74.338,7.000048965878316e-05,-2.53142366767779,-3.223370739708908,1,Normal,0.1531735548788567
MA,1964,345132,199895,297498,254782,77.55,7.067302040358806e-05,3.328078917929411,4.320804971885184,1,Normal,0.16131630717039175
MA,1965,370964,233552,347609,268450,86.871,7.117219343342276e-05,11.23368391890327,12.01934235976789,1,Normal,0.07211673934451507
MA,1966,349710,239904,362806,270994,86.568,7.075930898346023e-05,0.232677221801203,-0.3487930379528215,1,Normal,0.1635910982554224
MA,1967,377222,265209,365043,290528,91.595,7.056614704753921e-05,6.096622977485144,5.806995656593661,1,Normal,0.1460531868181878
MA,1968,391061,272333,368386,313600,93.624,6.958926102662444e-05,3.650071417455436,2.215186418472626,1,Normal,0.1580197577091489
MA,1969,408910,276616,361279,324120,94.851,6.918754185127424e-05,1.898794392662295,1.31056139451422,1,Normal,0.1618735665954794
MA,1970,427945,293016,363011,348733,99.53,6.94700370767444e-05,4.506297203496024,4.933000179228486,1,Normal,0.1474627856007063
MA,1971,445851,299525,351594,362407,99.988,6.851426124197002e-05,1.861584807468963,0.4601627649954754,1,Normal,0.1534402581546529
MA,1972,464892,310217,357026,379789,103.886,6.87111711376836e-05,3.600719486081361,3.89846781613794,1,Normal,0.14477846672893657
MA,1973,468069,324575,362908,391231,103.217,6.673006702939777e-05,2.305739115021077,-0.6439751265810534,1,Normal,0.15020584745549453
MA,1974,449761,296991,319830,370961,94.409,6.567381589711341e-05,-7.062395266565979,-8.533478012342922,1,Normal,0.10446326082264651
MA,1975,438733,294444,281494,369272,91.762,6.630470597076182e-05,-3.728581525156793,-2.803758116281296,1,Normal,0.13990928663342334
MA,1976,470967,313758,299629,380611,96.473,6.585345042373026e-05,5.854355378541332,5.133933436498772,1,Normal,0.13701615193572153
MA,1977,465768,313328,296457,385205,95.167,6.514905275206434e-05,-0.2871740963094727,-1.353746644138776,1,Normal,0.153234982989223
MA,1978,450809,310594,291595,386691,93.417,6.488697551136079e-05,-1.442401821520056,-1.838872718484352,1,Normal,0.14947534379112526
MA,1979,376738,265108,249210,385547,80.151,6.278459317422878e-05,-11.32780157923106,-14.20084138861236,1,Normal,0.03561229190045756
MA,1980,390110,268168,198609,358149,76.726,6.314710016822546e-05,-4.82272092420275,-4.273184364511984,1,Normal,0.13285962102335086
MA,1981,360811,244736,220812,359009,72.177,6.088990010705528e-05,-2.441656049697294,-5.928889815707839,1,Normal,0.14764631773616604
MA,1982,361541,264321,209721,362259,75.301,6.286388355058514e-05,1.052246178194305,4.328248611053365,1,Normal,0.15918248707778115
MA,1983,365819,239550,223490,362303,72.704,6.103614702605773e-05,-0.5575860589293047,-3.448825380805043,1,Normal,0.1600701402820529
MA,1984,381910,258036,244147,369960,79.82,6.364962246412232e-05,5.27971402738332,9.787632042253524,1,Normal,0.13513279188863997
MA,1985,385543,265796,246939,381362,79.207,6.189782915677131e-05,2.040424128804763,-0.7679779503883766,1,Normal,0.16276586276650412
MA,1986,395781,283886,278270,389008,84.609,6.281548244360385e-05,5.259600153480548,6.820104283712292,1,Normal,0.14692418949531366
MA,1987,405607,291286,272648,403411,85.477,6.225786644971307e-05,1.930739562491413,1.025895590303638,1,Normal,0.16528464598205983
MA,1988,422155,312922,243357,420513,85.269,6.095227338848434e-05,1.8934397513094,-0.2433403137686141,1,Normal,0.1604846446785968
MA,1989,442134,337201,225522,420076,89.045,6.249061360034921e-05,1.857611474916498,4.428338552111555,1,Normal,0.1511586621801873
MA,1990,428678,348591,221545,406700,82.922,5.899759163011423e-05,-1.362799961261363,-6.876298500758049,1,Normal,0.12940950049426742
MA,1991,410665,353031,212483,389292,81.744,5.986505755157011e-05,-2.849062443303696,-1.420612141530597,1,Normal,0.14673691270251532
MA,1992,449840,358352,238801,386615,83.727,5.840299440293302e-05,4.98999978761907,2.425866118614217,1,Normal,0.1439595569695814
MA,1993,455507,348336,240170,390999,80.879,5.636124043648446e-05,0.09786496727137717,-3.40153116676819,1,Normal,0.14423931125903078
MA,1994,453414,369378,223699,394323,81.125,5.630489944586957e-05,0.4045265158246103,0.3041580632797025,1,Normal,0.1512934243100278
MA,1995,428933,373589,221651,401534,78.537,5.508639228564655e-05,-1.04871128582692,-3.190138674884435,1,Normal,0.1427867339009865
MA,1996,427277,377667,219183,419235,79.163,5.484625478570172e-05,1.23840399072459,0.7970765371735578,1,Normal,0.15434923180591248
MA,1997,415094,385928,217094,425548,85.211,5.902416284132793e-05,0.02085408927212651,7.639932796887439,1,Normal,0.13174670417187567
MA,1998,400967,375943,215509,425955,83.127,5.860725027390519e-05,-1.751724606088823,-2.445693631103973,1,Normal,0.14407442795431602
MA,1999,425168,344446,228893,437719,80.777,5.624254121565826e-05,1.258624312064383,-2.826999651136208,1,Normal,0.15056038690720153
MA,2000,456181,375990,238940,452568,82.316,5.402446707970178e-05,6.089153099860334,1.905245304975423,1,Normal,0.13645976598620252
MA,2001,454023,364175,242523,446628,82.016,5.441072080140645e-05,-1.071747348524621,-0.3644491957821017,1,Normal,0.14848210716056798
MA,2002,460055,367015,243191,448305,82.974,5.463974212496667e-05,0.7440209639433482,1.168064767850163,1,Normal,0.15093252842670546
MA,2003,470742,379060,189000,447291,84.855,5.709938745421721e-05,-2.138334546101084,2.266975197049681,1,Normal,0.13748223108793411
MA,2004,450632,375084,186338,473356,82.984,5.586605718286533e-05,-0.04595943860848939,-2.204937835130527,1,Normal,0.14145476478526864
MA,2005,445520,373098,187975,484809,84.381,5.657834479123992e-05,0.403322988265864,1.683457051961823,1,Normal,0.1465438683145337
MA,2006,404337,348591,186035,478177,76.526,5.400031048449694e-05,-4.979277873623522,-9.308967658596135,1,Normal,0.10118049298373039
MA,2007,420395,361770,178866,485980,79.835,5.51722755773445e-05,2.107978040278313,4.324020594307809,1,Normal,0.14477072362167626
MA,2008,426391,353231,162666,479010,76.666,5.394079641229607e-05,-1.777040012771136,-3.969436963737705,1,Normal,0.13372872434678212
MA,2009,419092,267421,231102,442847,70.354,5.17220591781402e-05,-4.296562510773594,-8.233115070565834,1,Normal,0.11748933675911
MA,2010,431487,283989,244642,457490,72.792,5.135292436957005e-05,4.209061395409019,3.465332461551585,1,Normal,0.15038348526564932
MA,2011,417301,271209,243568,457134,68.719,4.946567369168155e-05,-1.993601343224094,-5.595395098362466,1,Normal,0.13380424839054783
MA,2012,395808,262892,242835,448447,62.451,4.626061680822411e-05,-2.824882344557333,-9.12120374277855,1,Normal,0.11388772953032161
MA,2013,412039,293151,243019,466608,66.384,4.692055580333004e-05,4.80265662801429,6.297737426142103,1,Normal,0.13665384166848088
MA,2014,427032,381141,161770,450650,64.865,4.566050937882983e-05,0.4082506783562811,-2.288201976379856,1,Normal,0.13013782105770644
MA,2015,424894,387244,159981,464590,66.605,4.635939055202512e-05,1.134526215460729,2.682494411469993,1,Normal,0.13664477245423245
MA,2016,383012,375067,155269,475269,63.88,4.600263859843182e-05,-3.347509239860513,-4.091284438105247,1,Normal,0.12194312965139908
MA,2017,393357,378418,146011,469328,64.532,4.652242494499378e-05,-0.1080212240100908,1.020663744520967,1,Normal,0.13841193070592356
MA,2018,414042,383707,141513,476551,63.946,4.516560108262961e-05,2.06875272147391,-0.9080766131531637,1,Normal,0.13297721627468112
MA,2019,414014,382693,138788,478671,63.224,4.470755949788144e-05,-0.1161171115939164,-1.129077659275013,1,Normal,0.13191507658994744
MA,2020,388582,338584,131431,359850,52.16,4.280862672617416e-05,-13.84008123504421,-17.49968366443123,-1,Anomaly,-0.00522311690327526
MA,2021,395673,347129,136645,401756,56.074,4.37667128212413e-05,5.150494974746511,7.503834355828221,1,Normal,0.11460420847165403
MA,2022,398511,367102,137525,421119,59.312,4.478895680967789e-05,3.360360036902854,5.77451225166743,1,Normal,0.1258483528035625
MA,2023,371157,356848,128774,425206,56.742,4.426108282162648e-05,-3.192058931248132,-4.333018613434048,1,Normal,0.11923447345698696
MD,1962,154619,70497,309439,198166,53.238,7.265794210893369e-05,6.875296279819421,8.090877713032718,1,Normal,0.1518646356483876
MD,1963,160740,75730,323694,199621,55.891,7.356150284422192e-05,3.693766112886077,4.983282617679108,1,Normal,0.16858451919287615
MD,1964,165536,81418,352631,207162,59.76,7.407526771094284e-05,6.180819335970922,6.922402533502714,1,Normal,0.15780755417178283
MD,1965,169334,86301,367938,217118,63.781,7.586735197593409e-05,4.207514871452878,6.728580990629185,1,Normal,0.15918677773059142
MD,1966,175736,93318,382238,229080,66.717,7.578282337787138e-05,4.719926822102294,4.603251752089177,1,Normal,0.1645327545150272
MD,1967,189505,100331,376817,225512,67.306,7.544120201980575e-05,1.339662483203097,0.8828334607371424,1,Normal,0.16968985468096492
MD,1968,202494,106402,388049,248291,70.86,7.496540546487862e-05,5.948563326290546,5.280361334799277,1,Normal,0.16091408134183321
MD,1969,212764,114980,413620,255378,73.04,7.327874214189831e-05,5.449009559517415,3.076488851255998,1,Normal,0.16541831814662916
MD,1970,226513,123938,415914,273132,74.17,7.135188591394291e-05,4.289374783043165,1.547097480832416,1,Normal,0.17349636596444173
MD,1971,230769,136735,432361,273569,75.347,7.019241966211274e-05,3.264947628466097,1.58689497101252,1,Normal,0.17735126199758866
MD,1972,235378,144330,422996,289740,76.303,6.98461431432641e-05,1.770857108255264,1.268796368800351,1,Normal,0.1783894728414953
MD,1973,242946,152232,485084,303286,81.755,6.907620138769192e-05,8.339466370816261,7.145197436535922,1,Normal,0.1418006376410964
MD,1974,234660,143960,413763,296987,76.357,7.009293461897174e-05,-7.957429694444162,-6.602654271909969,1,Normal,0.12321641664216354
MD,1975,238469,144324,356037,297309,67.119,6.477798828149504e-05,-4.88622761087163,-12.09843236376494,1,Normal,0.11311998253311861
MD,1976,248272,153948,403278,310253,72.597,6.50655925918955e-05,7.683525086885057,8.161623385330529,1,Normal,0.15161683249771846
MD,1977,251611,154224,377363,321158,67.524,6.114338233629585e-05,-1.021374840802292,-6.987892061655431,1,Normal,0.15823779753284317
MD,1978,260763,153713,382649,325814,70.156,6.247534371858133e-05,1.682792218082052,3.897873348735281,1,Normal,0.18009666686368725
MD,1979,268349,163211,437221,318489,73.266,6.170963639273292e-05,5.728806284223809,4.432977934887972,1,Normal,0.16985382184657888
MD,1980,272854,156090,376307,318805,67.435,5.999261601967875e-05,-5.324399673199864,-7.958671143504493,1,Normal,0.13933742149529232
MD,1981,259700,146875,379565,323647,63.143,5.689645229539336e-05,-1.269243942689635,-6.364647438273896,1,Normal,0.16061732543845048
MD,1982,261182,150257,340721,312820,61.082,5.735501384531743e-05,-4.037437780909503,-3.264019764661164,1,Normal,0.16085052511249454
MD,1983,261147,160273,352231,305619,62.376,5.779456688820509e-05,1.341807975916942,2.118463704528328,1,Normal,0.1810730871534847
MD,1984,287746,150734,406855,308145,68.651,5.951647147455654e-05,6.875752243875732,10.05995895857381,1,Normal,0.14853419914583638
MD,1985,280848,144241,382745,317567,64.804,5.758303040427368e-05,-2.43420122949789,-5.603705699844131,1,Normal,0.16048092157712351
MD,1986,292043,149606,377385,325804,66.542,5.812355820086178e-05,1.727028854603829,2.681933213999144,1,Normal,0.1793587969681587
MD,1987,309881,168023,399329,338488,71.15,5.852498930674827e-05,6.191536437064848,6.92494965585646,1,Normal,0.16089214647854255
MD,1988,333240,168236,406022,351104,74.042,5.88288107192033e-05,3.527210212877963,4.064652143359093,1,Normal,0.17161261165123315
MD,1989,334530,166090,421810,360576,77.292,6.024289831848019e-05,1.939057731560667,4.389400610464333,1,Normal,0.17309891516706583
MD,1990,326233,172041,422339,331309,70.394,5.622874268524717e-05,-2.422747828147331,-8.924597629767629,1,Normal,0.1384237153199483
MD,1991,344035,187765,388169,336614,69.346,5.51861675671245e-05,0.3723075399266085,-1.48876324686763,1,Normal,0.17177954648222743
MD,1992,344597,196472,361263,344049,67.457,5.412229486810212e-05,-0.8118842925616487,-2.724021572981872,1,Normal,0.16562846086350863
MD,1993,376265,204530,375591,342219,69.641,5.36275877788764e-05,4.189970803470211,3.237618038157652,1,Normal,0.1646920298857652
MD,1994,372712,229038,359343,343230,70.783,5.426795796136543e-05,0.4404730002371737,1.639838600824217,1,Normal,0.16929802457735932
MD,1995,376482,345722,253836,348942,70.437,5.316068206158116e-05,1.583885598976931,-0.4888179365101886,1,Normal,0.15369711782817136
MD,1996,395920,336681,258208,357895,72.612,5.383835148409139e-05,1.790287120664935,3.087865752374452,1,Normal,0.1551898629327938
MD,1997,370920,341801,279415,368557,72.779,5.348675526864271e-05,0.8888532991671916,0.2299895334104685,1,Normal,0.1589040476662964
MD,1998,364878,363178,260174,379089,75.994,5.557883712579142e-05,0.4870315986277518,4.417483065169914,1,Normal,0.15010858428986323
MD,1999,383832,370076,253166,399939,78.55,5.582752670197553e-05,2.902980211640438,3.36342342816538,1,Normal,0.15222338016463827
MD,2000,402956,383340,254600,402622,78.443,5.434158378460385e-05,2.594505235207656,-0.136218968809676,1,Normal,0.1515963367304471
MD,2001,386994,387415,259099,404613,78.943,5.489311755191841e-05,-0.3737399698098498,0.6374055046339366,1,Normal,0.15503245083842687
MD,2002,406325,330797,375869,401206,78.928,5.212535233219477e-05,5.289815467672421,-0.01900105139150954,1,Normal,0.14925501028040483
MD,2003,427908,281661,434493,416798,82.046,5.256461181656267e-05,3.081767485847275,3.950435840259492,1,Normal,0.15980739813950978
MD,2004,439835,285057,380193,439181,83.213,5.388511183623039e-05,-1.063067795958639,1.422372815249973,1,Normal,0.16066239687740852
MD,2005,446377,291586,381606,457206,84.807,5.378506522169287e-05,2.105141144633671,1.915566077415809,1,Normal,0.16295325101523467
MD,2006,403916,412371,180997,463661,78.12,5.3472202257989e-05,-7.346002222256043,-7.884962326223066,1,Normal,0.0906971207611344
MD,2007,426860,422622,179318,457708,78.432,5.276261733042629e-05,1.749619766918142,0.3993855606758911,1,Normal,0.1424310146691855
MD,2008,414423,416570,170948,441441,74.527,5.163355810619912e-05,-2.901029056708104,-4.978835169318652,1,Normal,0.12176790781901459
MD,2009,415430,411295,147782,457224,71.305,4.98127437631902e-05,-0.8259761962001733,-4.323265393749908,1,Normal,0.12565821272850997
MD,2010,440499,419981,142997,459544,71.37,4.878745703668664e-05,2.194610960410381,0.09115770282588365,1,Normal,0.13576763035696643
MD,2011,402872,409923,136275,446961,66.794,4.784509404053015e-05,-4.568329783248892,-6.411657559198558,1,Normal,0.10560270861452165
MD,2012,385120,402405,124411,446268,62.276,4.585169396372418e-05,-2.710653724408996,-6.764080606042445,1,Normal,0.10856705155889046
MD,2013,412721,407045,108957,450701,61.475,4.456570278609043e-05,1.56228257148221,-1.2862097758366,1,Normal,0.12546708000219225
MD,2014,424110,408403,113177,445367,64.043,4.603912423367571e-05,0.8432505161574788,4.177307848718992,1,Normal,0.12406485348930657
MD,2015,408667,410767,111509,457444,62.052,4.469362266689523e-05,-0.1919405113812833,-3.108848742251313,1,Normal,0.12036873333360659
MD,2016,389244,403644,108118,445479,60.175,4.469043472448634e-05,-3.01796474467475,-3.024882356733072,1,Normal,0.1137426482171287
MD,2017,363581,383787,106090,444439,54.771,4.219980476108659e-05,-3.608506593092387,-8.980473618612372,1,Normal,0.09237783857026705
MD,2018,392167,387615,101439,461692,61.459,4.576536861975628e-05,3.46853409785215,12.21084150371547,1,Normal,0.08915832594726797
MD,2019,372703,376707,96874,465744,56.702,4.321699961128937e-05,-2.299847719326986,-7.740119429212977,1,Normal,0.10283015942567819
MD,2020,357655,334877,85151,386637,47.778,4.103511062250928e-05,-11.25812671966342,-15.73842192515256,1,Normal,0.006817290158252831
MD,2021,366954,344086,89630,419949,52.31,4.285527027248448e-05,4.835440428748106,9.48553727657082,1,Normal,0.10329042208091155
MD,2022,373085,351022,88034,395697,50.639,4.192532442264609e-05,-1.047172748275471,-3.194417893328239,1,Normal,0.12146009288979881
MD,2023,341613,338381,83467,423798,48.977,4.125219623704367e-05,-1.703870883346936,-3.282055332846234,1,Normal,0.11668208953186299
ME,1962,69720,17873,69242,70398,13.253,5.832339492943366e-05,-2.988063116909734,-3.071747239084321,1,Normal,0.14563180956635485
ME,1963,73189,19015,65979,72081,13.109,5.6930553323808e-05,1.333433084103097,-1.086546442314951,1,Normal,0.15586410214383511
ME,1964,65423,19043,76609,71079,13.256,5.710002842940462e-05,0.8212348488467525,1.121366999771145,1,Normal,0.15706621988932368
ME,1965,66780,19236,67050,68812,12.868,5.799583554926581e-05,-4.42637214952144,-2.926976463488229,1,Normal,0.1401357999270893
ME,1966,63552,18961,75686,75656,13.438,5.746271209633279e-05,5.398462217975641,4.429592788312098,1,Normal,0.1543076431424188
ME,1967,71018,19328,81114,73728,14.302,5.833075028141671e-05,4.845717022441165,6.42952820360172,1,Normal,0.15201060259395965
ME,1968,75058,20232,83785,80026,15.007,5.791972211501351e-05,5.674013410117951,4.929380506222913,1,Normal,0.1514404567653967
ME,1969,78101,22103,94454,81208,15.848,5.744838961086039e-05,6.470474720185249,5.604051442660096,1,Normal,0.15114802616853884
ME,1970,79551,24133,97993,87633,16.792,5.80415471293768e-05,4.873760716292397,5.956587582029282,1,Normal,0.15712019508092023
ME,1971,81434,27332,139043,93187,20.563,6.030293699321104e-05,17.86491998202619,22.45712243925677,1,Normal,0.02917535118865433
ME,1972,87214,29323,142704,108008,22.14,6.028607293689023e-05,7.699233126585425,7.669114428828494,1,Normal,0.14780621054588727
ME,1973,84393,29434,140397,111181,21.296,5.828053803314131e-05,-0.5021116463217012,-3.812104787714554,1,Normal,0.1576592223261269
ME,1974,83495,28427,131657,96675,18.729,5.504401110931507e-05,-6.882773908403006,-12.05390683696469,1,Normal,0.09812548281863204
ME,1975,83731,30597,104147,92405,16.053,5.163728769943387e-05,-8.633230959133586,-14.28800256287041,1,Normal,0.06818713371510193
ME,1976,99193,35527,133932,97198,18.639,5.094710947109471e-05,17.68206381883686,16.10913847878901,1,Normal,0.04437008147798127
ME,1977,106509,37868,140317,98683,18.986,4.952305433033281e-05,4.790761240945751,1.861687858790706,1,Normal,0.16042142731544012
ME,1978,101968,36492,133069,98767,17.646,4.765376887679046e-05,-3.412046106052269,-7.057832086800797,1,Normal,0.14039108469748934
ME,1979,92808,33270,129212,93555,16.175,4.636716488077834e-05,-5.792663166763889,-8.336166836676872,1,Normal,0.1280791458644061
ME,1980,82512,36398,164818,83348,14.578,3.971384672383921e-05,5.225801643131933,-9.873261205564155,1,Normal,0.11062923544540726
ME,1981,73911,34516,175527,82477,14.343,3.914243063496265e-05,-0.1757129313820549,-1.61201810948004,1,Normal,0.15174645175705537
ME,1982,73116,35157,216222,85807,17.401,4.241022466378424e-05,11.97251324260229,21.32050477584884,1,Normal,0.04625004054493537
ME,1983,65091,36825,188373,83798,13.298,3.554778554778555e-05,-8.82618169055963,-23.57910464915809,1,Normal,0.03251805758956727
ME,1984,69404,43370,199750,89155,15.151,3.771917376810836e-05,7.375537306729973,13.9344262295082,1,Normal,0.10102681935975422
ME,1985,80625,41190,192137,94003,14.756,3.617065607726343e-05,1.562441651169211,-2.607088641013788,1,Normal,0.1440451996729732
ME,1986,85048,49144,193429,100742,18.555,4.331616716702229e-05,5.002267406944383,25.74545947411222,1,Normal,0.07575352689933618
ME,1987,85072,46275,178721,108321,17.42,4.163579435454959e-05,-2.327937585500117,-6.116949609269728,1,Normal,0.1403557671682059
ME,1988,92184,58041,198315,122448,20.407,4.33279758125986e-05,12.57176318745667,17.14695752009183,1,Normal,0.05723634894325874
ME,1989,91242,60278,199598,110119,19.104,4.141905354514057e-05,-2.070536679200574,-6.385063948645076,1,Normal,0.1408221554305567
ME,1990,72525,53390,166771,115386,18.884,4.627603394490692e-05,-11.52639532387905,-1.151591289782239,1,Normal,0.10472251009038291
ME,1991,72373,53523,183188,105823,18.391,4.432559585642083e-05,1.674700359984604,-2.610675704299947,1,Normal,0.15682810527047603
ME,1992,74180,49547,201544,104061,19.23,4.479061609806886e-05,3.476441708623867,4.562014028600969,1,Normal,0.1558059746435428
ME,1993,77202,51507,199515,105456,18.769,4.327845415974912e-05,1.012971343788349,-2.397295891835682,1,Normal,0.15571524225522287
ME,1994,74434,49900,211469,107390,20.141,4.544531489738082e-05,2.193322265264719,7.309925941712403,1,Normal,0.15383672101152285
ME,1995,75491,39293,193031,101923,18.839,4.597827386835945e-05,-7.548647087492554,-6.46442579812323,1,Normal,0.12874894184340424
ME,1996,83542,48166,198871,105327,19.329,4.434202708375869e-05,6.387023871410191,2.600987313551695,1,Normal,0.1518554369615432
ME,1997,75455,43704,189066,110610,19.578,4.674383290834599e-05,-3.916202309208161,1.288219773397481,1,Normal,0.15013648141341251
ME,1998,79359,45120,163322,107844,19.252,4.865978339167688e-05,-5.53701210020151,-1.665134334457041,1,Normal,0.1467603135875365
ME,1999,80259,46989,169286,111710,20.231,4.955626918281514e-05,3.184167625017387,5.085185954706017,1,Normal,0.16076371646303828
ME,2000,80098,54114,188959,119837,22.253,5.023171191425869e-05,8.515516493852914,9.994562799663864,1,Normal,0.13571690618900667
ME,2001,83296,51458,170938,107048,22.383,5.423026602703881e-05,-6.832171952136202,0.5841908956095709,1,Normal,0.14379181471467495
ME,2002,76779,53262,166293,121971,23.89,5.711130129618031e-05,1.34854872316712,6.732788276817225,1,Normal,0.16441954032034994
ME,2003,95545,60584,128039,130785,23.783,5.731492482281126e-05,-0.8015663174805066,-0.4478861448304672,1,Normal,0.1695126504086868
ME,2004,101232,60216,145755,121273,24.084,5.620864694556275e-05,3.258682308598804,1.265609889416797,1,Normal,0.16990290988294293
ME,2005,98671,59670,140369,130753,23.067,5.371113760408323e-05,0.2308186008518565,-4.222720478325859,1,Normal,0.1606587732432485
ME,2006,86661,53652,136564,130856,21.223,5.205121979334515e-05,-5.060028314363951,-7.994104131443192,1,Normal,0.13744704856834516
ME,2007,91143,65031,148187,125218,20.896,4.864297370215956e-05,5.357918049311672,-1.540781227913102,1,Normal,0.1544977887918368
ME,2008,80301,63798,168840,116554,19.026,4.429874293643901e-05,-0.02001960058568564,-8.949081163859118,1,Normal,0.13555539947441125
ME,2009,83239,57204,127130,122085,18.32,4.702705339059408e-05,-9.297008333081102,-3.710711657731525,1,Normal,0.12253707695524846
ME,2010,81849,56891,138803,118218,17.765,4.489387457007766e-05,1.578178625793525,-3.029475982532748,1,Normal,0.1562976226023518
ME,2011,80192,56451,139029,118094,17.3,4.393416478105295e-05,-0.4902567783053757,-2.617506332676611,1,Normal,0.1563741985178247
ME,2012,72119,52955,138291,112687,15.616,4.152606148601394e-05,-4.499569546767034,-9.734104046242775,1,Normal,0.1249696803421882
ME,2013,77114,51937,135855,126086,16.337,4.178346360027827e-05,3.972578333373211,4.617059426229519,1,Normal,0.15611584648093502
ME,2014,82424,55562,124407,127404,16.417,4.211668607843037e-05,-0.3053770921144117,0.4896859888596561,1,Normal,0.15923718209642374
ME,2015,98463,59824,113565,127853,16.627,4.159828272921962e-05,2.541316271504734,1.279161844429533,1,Normal,0.1580208023480123
ME,2016,87927,55076,97706,127846,16.074,4.36134535864292e-05,-7.792766647319016,-3.32591567931676,1,Normal,0.13401722306449482
ME,2017,88174,55630,90602,120783,15.274,4.300233677749937e-05,-3.626585919100489,-4.976981460744079,1,Normal,0.14442701578271966
ME,2018,95139,59208,94879,107452,14.707,4.123326922322095e-05,0.4189307131394537,-3.71219065077909,1,Normal,0.1520708849698988
ME,2019,92966,55642,95190,107078,14.393,4.102018946864419e-05,-1.626677283151745,-2.135037737131973,1,Normal,0.1554698515486313
ME,2020,80480,52411,92684,97981,13.456,4.158785496173769e-05,-7.786226473170011,-6.510109080803172,1,Normal,0.1217694876869625
ME,2021,80584,56544,90380,105558,14.372,4.315060678664289e-05,2.939212995586549,6.807372175980975,1,Normal,0.15027745206732418
ME,2022,80751,56803,84764,107942,14.991,4.539164716177303e-05,-0.8427759062768381,4.306985805733365,1,Normal,0.15426113010118697
ME,2023,79004,56719,77166,114798,15.378,4.692892913054225e-05,-0.7787827129616454,2.581548929357624,1,Normal,0.16067362792346418
MI,1962,511205,197436,821887,405870,140.264,7.243552203627561e-05,5.665762107729644,6.792952749310954,1,Normal,0.11555188657142929
MI,1963,511087,203455,880264,429765,148.052,7.312759098100288e-05,4.553454403485224,5.552386927508124,1,Normal,0.12431038050230797
MI,1964,511153,210032,916885,450804,152.903,7.31987313745437e-05,3.176179052253536,3.276551481911771,1,Normal,0.1302899349373957
MI,1965,543980,229357,979499,467377,162.444,7.316595299640169e-05,6.287499251989703,6.239903729815643,1,Normal,0.10233301785010479
MI,1966,575721,249097,1045637,501020,174.014,7.337793003176082e-05,6.812994969401576,7.122454507399478,1,Normal,0.09134969604058352
MI,1967,603659,260198,1034237,526853,176.921,7.295870796351426e-05,2.254756109697076,1.670555242681604,1,Normal,0.11758338643438221
MI,1968,632449,280466,1074301,574018,187.013,7.30167852749047e-05,5.620164069565226,5.704240875871158,1,Normal,0.0981728690913452
MI,1969,659871,300446,1094106,606128,191.799,7.208998139482438e-05,3.877702653370463,2.559180377834691,1,Normal,0.10127912834382691
MI,1970,682478,311441,1044305,593490,186.895,7.101645543550706e-05,-1.083836048937248,-2.556843362061323,1,Normal,0.10003644917920668
MI,1971,706470,335249,1071688,607502,192.774,7.084911696789565e-05,3.389236064405177,3.145616522646399,1,Normal,0.10437924638023988
MI,1972,744791,360914,1126864,660210,199.603,6.90004317647494e-05,6.316639034969573,3.542490169836188,1,Normal,0.08924915561965913
MI,1973,732427,392093,1169399,688431,200.153,6.711239942931005e-05,3.096537965741586,0.2755469607170102,1,Normal,0.10149900741710455
MI,1974,723418,394013,1049745,665594,190.52,6.725565373575645e-05,-5.015566557301199,-4.812818194081514,1,Normal,0.07238496910589931
MI,1975,714894,376293,1034544,660805,191.919,6.887368402920329e-05,-1.632216912544704,0.7343061095947956,1,Normal,0.096110940130821
MI,1976,729666,384248,1097143,696664,193.636,6.659364279634422e-05,4.349091488500423,0.8946482630693087,1,Normal,0.09952612164256552
MI,1977,697568,345739,1058479,712202,184.992,6.574005896249883e-05,-3.223585449105404,-4.464045941870321,1,Normal,0.08326406757298793
MI,1978,733134,356535,1055786,724044,188.656,6.57452288742886e-05,1.972606887297479,1.98062618924062,1,Normal,0.10849211437254452
MI,1979,726034,387015,1048292,690809,188.708,6.616332778664827e-05,-0.6045301953196747,0.02756339581035938,1,Normal,0.10163237328154678
MI,1980,744278,405157,988645,620136,179.399,6.504163195222422e-05,-3.293510799206489,-4.933018208025097,1,Normal,0.08391218692196889
MI,1981,700904,380702,929745,600307,169.924,6.506377378618063e-05,-5.313756925667223,-5.281523308379644,1,Normal,0.07669770777589013
MI,1982,689264,374614,823293,567289,158.165,6.443983605355149e-05,-6.018908331236961,-6.920152538782053,1,Normal,0.0757539175359887
MI,1983,676183,368073,821685,577010,155.148,6.350838513880537e-05,-0.4688200255860808,-1.907501659659216,1,Normal,0.11775871918636277
MI,1984,672140,378465,870278,601213,162.449,6.441039247957946e-05,3.239522004721329,4.705829272694473,1,Normal,0.11683580407006477
MI,1985,680226,378627,894543,614673,166.381,6.47883934537559e-05,1.82289074986528,2.420451957229641,1,Normal,0.11828107474397132
MI,1986,675918,366198,905667,634968,169.906,6.578497011710009e-05,0.5716359535650861,2.118631334106658,1,Normal,0.11606263125270572
MI,1987,672392,415936,824587,667095,173.677,6.731637965884641e-05,-0.1059723983911742,2.21946252633809,1,Normal,0.11373192899744622
MI,1988,733835,417534,915964,692249,180.513,6.541309653444268e-05,6.960202882855926,3.93604219326682,1,Normal,0.09328168023201905
MI,1989,756226,443727,897011,685553,177.746,6.387959673906637e-05,0.8309582781468983,-1.532853589492167,1,Normal,0.1059343644378638
MI,1990,721196,455427,993310,683927,179.353,6.28456937140991e-05,2.564118229688517,0.9040991077154947,1,Normal,0.11134618764524673
MI,1991,724067,449340,920364,695925,177.956,6.379044032380578e-05,-2.248391040494935,-0.7789108629351116,1,Normal,0.10044100643429621
MI,1992,734345,454317,948111,701059,176.774,6.22918966690429e-05,1.725492051645761,-0.6642091303468156,1,Normal,0.11418352238968543
MI,1993,743666,537191,817244,738726,177.485,6.256455268733059e-05,-0.0353438697766939,0.4022084695713302,1,Normal,0.11133373908232169
MI,1994,727514,540143,850758,741774,185.124,6.472432619908035e-05,0.8235248499205206,4.304025692312008,1,Normal,0.10094707628038235
MI,1995,766183,569832,892906,760951,187.709,6.278161740703281e-05,4.533961356440397,1.396361357792619,1,Normal,0.10064917371700233
MI,1996,807613,598219,920502,767783,193.063,6.239686061987374e-05,3.486503770061056,2.852287317070568,1,Normal,0.09626841111543438
MI,1997,781666,596002,933602,782989,190.714,6.16348087328206e-05,0.00465399788114329,-1.216701284036814,1,Normal,0.10162710943281733
MI,1998,736163,593145,913496,801137,189.981,6.241281864109106e-05,-1.626108747234389,-0.3843451450863622,1,Normal,0.09787287723622923
MI,1999,780797,614988,975815,837783,197.888,6.165920365378642e-05,5.435090418937016,4.161995146883113,1,Normal,0.08539338009658443
MI,2000,804069,636613,954987,815945,193.869,6.036505055096976e-05,0.06939028467465302,-2.030946798188882,1,Normal,0.09670450372048439
MI,2001,810739,608678,870281,802845,189.408,6.124664313696324e-05,-3.70733059119881,-2.301038330006355,1,Normal,0.08065634693554546
MI,2002,858254,625634,840179,824666,188.783,5.995526451767394e-05,1.816820773828676,-0.3299755026186846,1,Normal,0.09951293843314402
MI,2003,870157,614931,906208,795737,187.114,5.871103311449866e-05,1.216426554062577,-0.8840838422951136,1,Normal,0.10019836630371459
MI,2004,832732,646378,868138,805703,188.787,5.987628732574658e-05,-1.069395892668823,0.8941073356349527,1,Normal,0.09478291004278816
MI,2005,877245,655456,868194,802986,189.987,5.929907443417009e-05,1.615216982439627,0.6356369877163148,1,Normal,0.09653468870711557
MI,2006,787361,625907,821592,798033,179.206,5.908743955857357e-05,-5.336751274549156,-5.674598788338148,1,Normal,0.06756862792223634
MI,2007,810711,639700,774029,789065,181.828,6.033773308414391e-05,-0.6393561267370007,1.463120654442385,1,Normal,0.09852400750170281
MI,2008,804655,629827,730794,740330,175.449,6.038294950621299e-05,-3.580516236248565,-3.508260553930087,1,Normal,0.07895640316175878
MI,2009,751885,597615,606972,723116,164.679,6.146647018775978e-05,-7.793110212847242,-6.138535984816107,1,Normal,0.05600839525252821
MI,2010,748224,589937,690822,745887,167.615,6.040957341178667e-05,3.563606313601841,1.782862417187392,1,Normal,0.10535035277144877
MI,2011,759404,605943,712542,733275,162.514,5.780976427742598e-05,1.317034299547726,-3.043283715657907,1,Normal,0.10057041032617814
MI,2012,696038,574782,710650,722084,155.474,5.750726636124153e-05,-3.828704326216759,-4.331934479491006,1,Normal,0.09142925765310961
MI,2013,763444,591335,735221,753437,163.922,5.764924631704518e-05,5.17404128047747,5.433705957266177,1,Normal,0.09221214875217881
MI,2014,777665,612343,745883,744873,163.804,5.686128511003153e-05,1.312777459110226,-0.07198545649760302,1,Normal,0.10840962494335527
MI,2015,730999,587227,708244,766828,164.139,5.876172180698229e-05,-3.036242109300824,0.2045127103123212,1,Normal,0.0956505944086159
MI,2016,720076,582472,693547,775929,154.055,5.557487556033025e-05,-0.7615370791086429,-6.143573434710826,1,Normal,0.09494200723274238
MI,2017,712426,583985,699600,764580,155.278,5.624805974658343e-05,-0.4124420189421052,0.7938723183278595,1,Normal,0.11333548054368237
MI,2018,775877,604889,705573,787990,163.322,5.682083460754199e-05,4.12012926208245,5.180386146137894,1,Normal,0.09892373909239505
MI,2019,771601,597570,694341,779255,159.031,5.594226757704634e-05,-1.09809823705187,-2.627325161337724,1,Normal,0.10270421872040103
MI,2020,749489,554460,608907,650279,136.558,5.327770356313516e-05,-9.836673385465588,-14.13120712313952,1,Normal,0.0016538922393121158
MI,2021,738265,568602,644780,710011,147.662,5.547751305109039e-05,3.843689917351245,8.13134345845723,1,Normal,0.08911909415710573
MI,2022,760789,579330,667687,711833,154.36,5.675759550175098e-05,2.178381495723536,4.536034998848737,1,Normal,0.10839614321767943
MI,2023,665984,533782,643367,701504,140.979,5.540233589034206e-05,-6.434537563115061,-8.668696553511268,1,Normal,0.06705871142960707
MN,1962,204036,80171,279377,185949,50.299,6.71071186992434e-05,5.158945061605413,5.177425088346599,1,Normal,0.16846638577380302
MN,1963,201933,82775,279962,194347,51.23,6.749528336688554e-05,1.265187790264077,1.850931430048308,1,Normal,0.1759603855087058
MN,1964,211130,63834,325883,197456,54.0,6.764357348472132e-05,5.175911970235147,5.406988092914311,1,Normal,0.1641140724700189
MN,1965,230525,70039,337886,207273,56.452,6.674998788019245e-05,5.940233144849949,4.540740740740734,1,Normal,0.162710281971225
MN,1966,245781,83759,351289,221296,60.448,6.700623527781627e-05,6.669086686775683,7.078580032594073,1,Normal,0.15832636114499793
MN,1967,246096,111519,326001,222770,59.288,6.541149732177827e-05,0.4722183732853047,-1.919004764425625,1,Normal,0.17148050455851888
MN,1968,260860,117988,344216,244657,62.494,6.457859711486793e-05,6.766991951543777,5.407502361354743,1,Normal,0.1643667595461924
MN,1969,274646,127659,392253,260291,68.53,6.496664451499693e-05,9.003534080105812,9.658527218613,1,Normal,0.12930896441722511
MN,1970,287766,134404,384241,274085,69.279,6.411771619911947e-05,2.43143805416699,1.092951991828395,1,Normal,0.17966409325907418
MN,1971,292688,136985,401182,288738,68.455,6.114275455455688e-05,3.618334895885877,-1.189393611339651,1,Normal,0.16984266695109307
MN,1972,307069,144300,426272,302868,72.64,6.153272738053892e-05,5.440995075889177,6.113505222408877,1,Normal,0.1648427510395567
MN,1973,296869,145228,463840,322903,75.938,6.179649099964193e-05,4.09399327409341,4.540198237885473,1,Normal,0.16928825078386533
MN,1974,302302,155116,430387,317686,74.504,6.180396502995881e-05,-1.900247387780341,-1.888382627933316,1,Normal,0.16944528580189627
MN,1975,302209,161212,429741,319516,72.675,5.992934645470603e-05,0.596355503866075,-2.454901750241612,1,Normal,0.1697923133985521
MN,1976,308422,155419,471850,326930,77.753,6.158073021236019e-05,4.118240786094907,6.987272101823194,1,Normal,0.16318731911913242
MN,1977,301511,145947,455491,330760,79.347,6.4315815155762e-05,-2.289685170269096,2.050081668874504,1,Normal,0.16466934583483872
MN,1978,315998,160866,492954,348762,80.58,6.111119537684478e-05,6.879337023560672,1.553933986162059,1,Normal,0.15972564446290405
MN,1979,312785,139464,505912,359554,76.615,5.814231453690669e-05,-0.06560087366712652,-4.920575825266815,1,Normal,0.15777760052122253
MN,1980,290796,139454,430422,331579,71.18,5.970219358172063e-05,-9.521330484968294,-7.093911114011597,1,Normal,0.10695510643269746
MN,1981,277773,145070,404507,317753,66.909,5.843050063575012e-05,-3.954452543969345,-6.000280977802753,1,Normal,0.15392494701990023
MN,1982,305961,159179,378409,306687,64.932,5.645107304159585e-05,0.4480815716301656,-2.954759449401434,1,Normal,0.1685291845177888
MN,1983,285396,165322,387442,310839,63.061,5.488332908326451e-05,-0.1072824248957827,-2.881476005667472,1,Normal,0.1706560192176143
MN,1984,287115,178094,406071,340655,67.772,5.592053692692837e-05,5.477192796176844,7.470544393523748,1,Normal,0.16154964396328625
MN,1985,297708,179591,412830,333044,66.65,5.448947490622742e-05,0.9272782181207972,-1.655550965000296,1,Normal,0.17282798743161426
MN,1986,292367,167189,413734,336886,64.223,5.306918420889541e-05,-1.062565199334187,-3.641410352588159,1,Normal,0.16541639041190004
MN,1987,282922,160937,441317,334133,68.47,5.615471045099277e-05,0.7548495052368542,6.612895691574661,1,Normal,0.16479287921892266
MN,1988,320974,184818,471065,348749,76.962,5.805788739959324e-05,8.717881424740215,12.40251204907259,1,Normal,0.10920135772707285
MN,1989,335031,191249,486473,343924,80.015,5.897862278300378e-05,2.343830151900117,3.966892752267359,1,Normal,0.17230927364645687
MN,1990,324448,202266,533797,339237,78.924,5.638439463075166e-05,3.174740063596526,-1.363494344810345,1,Normal,0.16560859576028808
MN,1991,341683,202028,521194,358208,78.946,5.547412224178808e-05,1.669227840134191,0.02787491764226768,1,Normal,0.1694423310682286
MN,1992,324271,192519,535020,380355,80.412,5.614724022335447e-05,0.6358591089680843,1.856965520735709,1,Normal,0.17121873565758045
MN,1993,338057,196780,540541,401059,84.482,5.722014740883125e-05,3.091477715874524,5.061433616873101,1,Normal,0.16319441945701785
MN,1994,338492,201363,555433,416902,86.02,5.688438622130817e-05,2.421503645937051,1.820506143320477,1,Normal,0.17174649366103906
MN,1995,357908,217832,592647,433207,88.779,5.543172043816403e-05,5.912087766748897,3.207393629388511,1,Normal,0.15574457176779233
MN,1996,380564,229532,615919,443367,93.714,5.613694169459117e-05,4.232663499817679,5.558747000979958,1,Normal,0.1549653570536637
MN,1997,356853,225360,615368,440457,91.521,5.587229608086254e-05,-1.87752114255455,-2.340098597861573,1,Normal,0.1565441750062967
MN,1998,327862,213422,609341,463324,91.66,5.679241214710759e-05,-1.47072200356646,0.1518777111264136,1,Normal,0.16229904971550924
MN,1999,348857,222866,615768,495464,92.475,5.494802591158165e-05,4.275602435766213,0.8891555749509061,1,Normal,0.1593221009662844
MN,2000,364813,233917,624254,512778,97.966,5.643979787539874e-05,3.137756587524088,5.937821032711543,1,Normal,0.15379625887591097
MN,2001,365434,316814,522489,501577,94.745,5.552615493171534e-05,-1.696546932440579,-3.287875385337757,1,Normal,0.15020403130880422
MN,2002,392408,331271,532177,511621,96.96,5.48578877450104e-05,3.584512337419921,2.337854240329285,1,Normal,0.15335764206673153
MN,2003,420864,353406,555904,513789,101.731,5.51697920022213e-05,4.327413781007494,4.920585808580857,1,Normal,0.1438706325011545
MN,2004,404292,335383,578058,528861,100.551,5.445211321377996e-05,0.1427903611896486,-1.159921754430793,1,Normal,0.15350510118903482
MN,2005,402021,342848,573975,532600,101.556,5.485232067510548e-05,0.2625914182590172,0.9994927947011956,1,Normal,0.15509387974481298
MN,2006,384229,337211,577103,522965,98.918,5.430555342057241e-05,-1.616900106079366,-2.597581629839685,1,Normal,0.14889343531925742
MN,2007,405047,340734,596580,527440,100.392,5.369124645283297e-05,2.651319675785113,1.490123132291377,1,Normal,0.15367505585456687
MN,2008,408068,344810,619313,502182,99.865,5.327917830612066e-05,0.244410905539727,-0.5249422264722248,1,Normal,0.154636700108767
MN,2009,393067,332911,554146,464077,91.749,5.264066829993172e-05,-7.012588749725246,-8.126971411405393,1,Normal,0.10872524898740538
MN,2010,386629,326484,636303,464794,91.74,5.058650905114729e-05,4.050478217713849,-0.009809371219304808,1,Normal,0.14797444545202704
MN,2011,380318,322984,635124,454445,90.971,5.073825383572409e-05,-1.134805271716388,-0.8382385001089898,1,Normal,0.1534351443167435
MN,2012,352318,308996,624430,462333,86.024,4.921064689942148e-05,-2.502583735046271,-5.437996724230798,1,Normal,0.13501507342461966
MN,2013,395128,336226,623822,466112,90.405,4.963797578305891e-05,4.188030618788541,5.092764809820505,1,Normal,0.14031210235049185
MN,2014,408321,345615,646986,467837,95.326,5.10103501898052e-05,2.606453568273426,5.443283004258603,1,Normal,0.14542346691129887
MN,2015,358038,326721,592860,468028,88.53,5.071474972588944e-05,-6.587904907965614,-7.129219730189029,1,Normal,0.11204293473122018
MN,2016,353541,325598,599009,492068,90.232,5.097225313492462e-05,1.407616435405568,1.922512142776456,1,Normal,0.15372225391165267
MN,2017,359716,328419,596965,494763,90.418,5.080051060080995e-05,0.5449046388636969,0.2061352956822526,1,Normal,0.1528255875812351
MN,2018,404987,347781,609825,495140,93.512,5.033664705135079e-05,4.374941006728594,3.421885022893667,1,Normal,0.14347597002444418
MN,2019,392885,330294,599995,499569,90.663,4.973987007493651e-05,-1.883425596372346,-3.046667807340242,1,Normal,0.13940549343135727
MN,2020,377689,309231,550222,403937,77.11,4.698729253017217e-05,-9.9663529087754,-14.94876631040226,1,Normal,0.03057103013821927
MN,2021,382661,317872,578734,443512,82.587,4.793824396512843e-05,4.978239966071163,7.102840098560503,1,Normal,0.1311530642495013
MN,2022,405375,338122,564963,448341,84.259,4.796155288896934e-05,1.974948614999361,2.024531705958554,1,Normal,0.15056641387169545
MN,2023,367144,311824,555459,453437,80.817,4.788122739746804e-05,-3.924116705174119,-4.08502355831425,1,Normal,0.13299756399495777
MO,1962,235443,109244,298936,276086,60.238,6.549680388035781e-05,4.450902764054798,7.181239101811321,1,Normal,0.1669755314684354
MO,1963,234772,109225,308202,282147,61.5,6.582137043304041e-05,1.591590383480002,2.095023075135294,1,Normal,0.1781488257217711
MO,1964,236272,116520,322999,292306,63.568,6.566290946352427e-05,3.612041350804351,3.362601626016248,1,Normal,0.17603496016287595
MO,1965,243576,116163,355257,304630,66.581,6.529936927915797e-05,5.322922520080664,4.739806191794615,1,Normal,0.17006879428465727
MO,1966,255543,143075,372940,305174,67.866,6.302961182541245e-05,5.600577466073386,1.929980024331268,1,Normal,0.17541297846345255
MO,1967,261208,161020,359005,322431,69.614,6.307535626784964e-05,2.501272368611684,2.575663808092421,1,Normal,0.1825227670575469
MO,1968,278704,165927,378482,359165,75.476,6.383941523109182e-05,7.123091810551041,8.420719970120949,1,Normal,0.1510138454771019
MO,1969,301700,169503,391764,370069,81.218,6.586831203630714e-05,4.293149079024494,7.607716360167482,1,Normal,0.158387174381992
MO,1970,313140,181696,390932,390887,86.596,6.783038487296881e-05,3.537528506872478,6.621684848186371,1,Normal,0.1598208662854348
MO,1971,316363,185548,386159,403843,89.024,6.890866490235798e-05,1.195154524910813,2.803824657028042,1,Normal,0.17114448961045425
MO,1972,334446,197224,393484,423903,94.664,7.017054888751839e-05,4.423130659727081,6.335370237239402,1,Normal,0.15903717967492897
MO,1973,332873,196222,427457,428118,99.888,7.213853996875788e-05,2.639845936714269,5.518465308881937,1,Normal,0.15982448869752963
MO,1974,332270,192210,415209,421345,97.604,7.171317668271086e-05,-1.706978346449584,-2.286560948262062,1,Normal,0.1585174279629848
MO,1975,356131,195607,395812,424725,100.81,7.346195186824798e-05,0.8259902588695578,3.284701446662019,1,Normal,0.15934367944463368
MO,1976,361328,242605,386529,444349,107.083,7.463212924907879e-05,4.557104078992924,6.222596964586846,1,Normal,0.14996923536553647
MO,1977,373624,247251,398604,456659,111.208,7.53371297263535e-05,2.880309671448011,3.852152068955861,1,Normal,0.15134762102108218
MO,1978,397720,256781,394199,468827,110.69,7.294104157619601e-05,2.803870640820838,-0.4657938277821794,1,Normal,0.15431952844884417
MO,1979,396427,256005,392425,446792,109.713,7.355148563770698e-05,-1.705274436632753,-0.8826452254042882,1,Normal,0.15118728960227418
MO,1980,388820,233678,349542,410564,104.349,7.547285808001285e-05,-7.310432950379075,-4.889119794372576,1,Normal,0.11572582110494312
MO,1981,345789,214784,367416,399232,101.739,7.665571645996897e-05,-4.005705180735175,-2.501221861254055,1,Normal,0.14159571686444078
MO,1982,355947,220815,335769,404843,100.888,7.658271423507238e-05,-0.7419267340757374,-0.8364540638299944,1,Normal,0.1522463193575142
MO,1983,369249,224458,310865,409781,102.474,7.796535633882222e-05,-0.2292441092993425,1.57204028229323,1,Normal,0.1516956154553084
MO,1984,360819,236513,318516,420918,106.219,7.945962160945026e-05,1.705325738214913,3.654585553408651,1,Normal,0.14463808370238784
MO,1985,363318,236302,335377,430001,100.596,7.36967032967033e-05,2.112035979344196,-5.293779832233392,1,Normal,0.14371590469385365
MO,1986,360937,243815,309969,449790,98.743,7.236511834642594e-05,-0.03582417582417285,-1.842021551552753,1,Normal,0.16007458113540385
MO,1987,363425,258009,312981,459201,101.416,7.277189180656063e-05,2.132925275061903,2.707027333583145,1,Normal,0.16038512863235177
MO,1988,388285,274184,328424,476640,105.311,7.176056688333414e-05,5.304047387549637,3.840616865188928,1,Normal,0.1485352301078125
MO,1989,393256,278731,316228,483578,105.627,7.176756513993476e-05,0.2902830805167511,0.3000636210842123,1,Normal,0.15466174057736543
MO,1990,395014,297004,321730,477139,102.948,6.905151094616828e-05,1.297329176045814,-2.536283336646883,1,Normal,0.15294978776567725
MO,1991,429195,312995,314734,474217,103.356,6.750255691503466e-05,2.70007049494696,0.3963165870148,1,Normal,0.15443761718543786
MO,1992,400871,306700,321487,491151,103.147,6.785053897194399e-05,-0.7140421985681322,-0.2022137079608188,1,Normal,0.15552134799091782
MO,1993,451525,329758,332129,505757,101.084,6.242959347022669e-05,6.509565461064892,-2.000058169408714,1,Normal,0.1311946826206709
MO,1994,435743,332536,354821,520026,108.712,6.616169423403927e-05,1.47964880728868,7.546199200664794,1,Normal,0.13230773694015213
MO,1995,457707,345869,359091,539986,115.81,6.801746218103416e-05,3.622668012069674,6.529178011627046,1,Normal,0.13534582508057696
MO,1996,488689,366972,369277,566693,122.265,6.824221255134282e-05,5.226085674633274,5.573784647267077,1,Normal,0.13137917947304278
MO,1997,476078,368979,366006,578788,125.826,7.029966723505631e-05,-0.09940651908063591,2.912526070420807,1,Normal,0.1354745970750854
MO,1998,470046,369500,365603,627746,130.927,7.143176699605433e-05,2.404891577627644,4.054011094686305,1,Normal,0.13039145812470998
MO,1999,476973,380165,397644,620741,131.386,7.005303056962275e-05,2.325609308984244,0.3505770391134089,1,Normal,0.13546389698738365
MO,2000,499068,399783,371907,555305,126.49,6.926928001349352e-05,-2.63713248898173,-3.726424428782371,1,Normal,0.12167959375805754
MO,2001,507721,402241,390990,555082,132.412,7.134132707626742e-05,1.641401003908949,4.681793027116776,1,Normal,0.12997993710375216
MO,2002,511543,398847,386835,570978,132.828,7.109937790453067e-05,0.6555372070031096,0.3141709210645605,1,Normal,0.1341043156362749
MO,2003,508579,398211,379353,593174,140.334,7.467287317679775e-05,0.5949570763761125,5.650916975336528,1,Normal,0.11902890007439676
MO,2004,499636,403433,404921,576862,141.282,7.495658808043714e-05,0.2944686819732922,0.6755312326307328,1,Normal,0.12745040471809083
MO,2005,538882,414766,430287,590732,144.066,7.295711124964361e-05,4.765151197627815,1.970527031044278,1,Normal,0.12287045473775404
MO,2006,517439,412200,441955,594669,142.892,7.26718284014761e-05,-0.4255401037238205,-0.8149042799827866,1,Normal,0.12801943300213087
MO,2007,532171,413232,430404,601368,141.348,7.148987823536107e-05,0.5549102256868776,-1.080536349130801,1,Normal,0.12998493141007234
MO,2008,543200,421107,395788,574146,138.231,7.146520445735332e-05,-2.171431461554996,-2.205195687240014,1,Normal,0.1209517209358163
MO,2009,522284,406902,341992,559822,131.866,7.203938221364884e-05,-5.364943993564408,-4.604611121962499,1,Normal,0.10016115945863208
MO,2010,557291,414247,363065,575746,136.843,7.164307411366936e-05,4.348334390438313,3.774286017623929,1,Normal,0.12330270741501226
MO,2011,534438,408410,347876,563480,136.593,7.366534051472385e-05,-2.922883293038037,-0.1826911131734943,1,Normal,0.11556904061159684
MO,2012,486841,393398,352531,544421,128.903,7.253187755283478e-05,-4.155132272735362,-5.629863902249744,1,Normal,0.10476111192251125
MO,2013,530935,406050,351091,549624,133.642,7.272242477009305e-05,3.40475503195774,3.676407841555274,1,Normal,0.12380417052727438
MO,2014,554267,423720,362383,558195,133.168,7.014135932066623e-05,3.312074876203952,-0.3546789183041188,1,Normal,0.12621730927235797
MO,2015,490005,407208,356650,558993,124.375,6.860721425198692e-05,-4.514459860758069,-6.60293764267692,1,Normal,0.10286857327564963
MO,2016,484634,404528,302894,570037,118.509,6.725471768783923e-05,-2.800222411487729,-4.71638190954774,1,Normal,0.12099414209625697
MO,2017,462228,395133,299678,566039,124.042,7.198865750050637e-05,-2.214129568717182,4.668843716510973,1,Normal,0.12231822698676026
MO,2018,545573,418084,306735,566383,124.378,6.771542513372624e-05,6.598544348279267,0.2708759936150607,1,Normal,0.1136346515256092
MO,2019,515182,393858,295273,567848,116.668,6.583374761096763e-05,-3.517796137251428,-6.198845454983992,1,Normal,0.11159874347146959
MO,2020,480439,363808,298773,511386,108.354,6.549428071982418e-05,-6.64482515979079,-7.126204271951186,1,Normal,0.10121760343165426
MO,2021,481201,373679,296663,544647,116.558,6.871753754001616e-05,2.525743409711301,7.571478671761089,1,Normal,0.12461777755695069
MO,2022,507439,382566,295367,544705,113.1,6.537281288636286e-05,1.997830431732295,-2.966763328128497,1,Normal,0.13085111696096485
MO,2023,468843,369168,292898,547438,101.275,6.034218232842473e-05,-2.990155929475968,-10.45534924845268,1,Normal,0.09916980023739702
MS,1962,84662,39018,163029,141230,20.835,4.868673178482965e-05,6.313101200413396,6.994299799722703,1,Normal,0.15055857242617876
MS,1963,87639,41663,180288,153210,23.033,4.976879861711322e-05,8.146001775949907,10.54955603551715,1,Normal,0.13350867445210512
MS,1964,92463,44434,207130,157763,25.077,4.997508918073298e-05,8.424805531547097,8.874223939564985,1,Normal,0.13610904245422667
MS,1965,90938,37055,208693,161776,24.758,4.966878117088163e-05,-0.6632256521652447,-1.272081987478579,1,Normal,0.15891467473210263
MS,1966,101216,42472,240424,168991,27.2,4.917718612480157e-05,10.96171824532261,9.863478471605136,1,Normal,0.10774277880482969
MS,1967,99567,45116,243531,176286,29.004,5.137998228520815e-05,2.060741056803272,6.632352941176478,1,Normal,0.15933809927325504
MS,1968,113698,50562,266553,198757,33.085,5.255174166494591e-05,11.52701505757308,14.07047303820161,1,Normal,0.07908672350549634
MS,1969,122519,53263,280597,210252,35.754,5.363378895702576e-05,5.886875168765981,8.06709989421186,1,Normal,0.15486137610373846
MS,1970,137957,63017,310959,216001,38.587,5.300892663345853e-05,9.195778180465375,7.92358896906642,1,Normal,0.13621529912052266
MS,1971,145919,67669,323587,228125,40.413,5.280667345266764e-05,5.13329505147444,4.732163682069079,1,Normal,0.16461348336874682
MS,1972,155781,72401,340555,240855,43.202,5.336254962363851e-05,5.787657405386892,6.901244648999083,1,Normal,0.15983096537050884
MS,1973,157852,76976,340266,251348,43.949,5.317850111864944e-05,2.081166609436336,1.729086616360354,1,Normal,0.17453701238236252
MS,1974,151744,79624,315221,246921,43.195,5.443535683230205e-05,-3.984908820088018,-1.715624928894854,1,Normal,0.16286204548098016
MS,1975,140674,78156,299085,231074,40.697,5.433591147533542e-05,-5.610641327771548,-5.783076744993632,1,Normal,0.14189840077066596
MS,1976,141961,79484,301250,234643,43.181,5.701681415695501e-05,1.114702619130581,6.103644003243458,1,Normal,0.17024663164255988
MS,1977,153715,85627,313846,248691,47.058,5.868459121065496e-05,5.881389815379667,8.978485908154067,1,Normal,0.16263609199401352
MS,1978,159134,90037,320114,258179,49.937,6.034945326926609e-05,3.190502319549049,6.117982064686123,1,Normal,0.17539990572588116
MS,1979,153991,119562,324357,258528,50.229,5.864872880465369e-05,3.501542061044338,0.5847367683280869,1,Normal,0.17434806258233204
MS,1980,154794,101001,295390,260868,47.492,5.848393945215331e-05,-5.182628514848709,-5.44904338131359,1,Normal,0.14810041403572444
MS,1981,149204,102671,287626,257914,45.058,5.650501118613121e-05,-1.802347632910206,-5.125073696622584,1,Normal,0.16162927370133784
MS,1982,152254,84234,300677,252704,45.374,5.744496872266161e-05,-0.9464319752801598,0.7013183008566681,1,Normal,0.17747443596632423
MS,1983,149535,89101,313247,241494,42.754,5.388869842294195e-05,0.4439976755639119,-5.774231938995911,1,Normal,0.16099787184127312
MS,1984,155814,85279,349064,243198,44.404,5.328335069286116e-05,5.039224781188234,3.859288019834417,1,Normal,0.1703661979245833
MS,1985,159157,88351,316270,250723,43.621,5.355535829825059e-05,-2.262298465481738,-1.763354652733995,1,Normal,0.17113929950166412
MS,1986,158800,87769,306550,269475,44.686,5.432334094746734e-05,0.9932437326811483,2.441484606038369,1,Normal,0.17790411118150667
MS,1987,161129,90541,302791,294124,46.309,5.457195852865826e-05,3.159885873086687,3.632010025511345,1,Normal,0.17401070748882302
MS,1988,166864,92442,332253,308474,49.286,5.476015350531202e-05,6.062791514354471,6.428556004232444,1,Normal,0.162931700374901
MS,1989,170601,100989,376420,288807,45.956,4.905541951585047e-05,4.086956714968548,-6.75648257111553,1,Normal,0.142532081988894
MS,1990,181113,108434,434085,291495,48.288,4.756838546469016e-05,8.359147667956845,5.07441900948733,1,Normal,0.1403896491936641
MS,1991,182337,107954,431692,315059,48.045,4.632888542604832e-05,2.158742542812342,-0.5032306163021749,1,Normal,0.15902287275959753
MS,1992,184206,107824,442595,327507,48.11,4.529568829486354e-05,2.419381278675314,0.1352898324487484,1,Normal,0.15768027454448003
MS,1993,192772,107335,442106,329774,50.382,4.699874811797915e-05,0.9277566253535374,4.722510912492206,1,Normal,0.15723894462057175
MS,1994,197762,114123,446092,331430,50.046,4.59387960044281e-05,1.625021222292089,-0.6669048469691519,1,Normal,0.16024750200486315
MS,1995,206016,120911,452339,335696,51.424,4.612175123457122e-05,2.345865545076853,2.7534668105343,1,Normal,0.16306909441694256
MS,1996,216059,126689,453801,340820,54.201,4.765471891707968e-05,2.009664903377884,5.400202240199126,1,Normal,0.15704857270670913
MS,1997,207417,148430,431313,350986,55.811,4.903676681199073e-05,0.06831555985788995,2.970424899909596,1,Normal,0.16499665143569076
MS,1998,223766,159194,400956,352206,56.661,4.987224094574267e-05,-0.1777452101927146,1.522997258604941,1,Normal,0.1695042869602098
MS,1999,226778,164826,468178,370166,61.424,4.994032268030844e-05,8.25834878793934,8.406134731120174,1,Normal,0.13186870729430616
MS,2000,246012,172577,464343,359299,61.337,4.937652447614371e-05,0.9985788017054409,-0.1416384475123711,1,Normal,0.1667232381436735
MS,2001,220722,155875,407846,348225,69.731,6.156349433373239e-05,-8.819783775951318,13.68505143714234,1,Normal,0.07929074582469486
MS,2002,238018,166910,410985,354483,62.505,5.340495575432952e-05,3.330984895838851,-10.36267943956059,1,Normal,0.12666144446016753
MS,2003,237831,172424,415213,376156,64.036,5.329121255900348e-05,2.66806903982153,2.449404047676174,1,Normal,0.17170653647420164
MS,2004,230335,168755,443372,363594,65.723,5.449415284199075e-05,0.3688341777461135,2.634455618714471,1,Normal,0.17437617029588648
MS,2005,230910,163674,421953,356824,64.0,5.454416841875604e-05,-2.710902312993757,-2.621608873605885,1,Normal,0.16483523062757371
MS,2006,229386,164077,439224,376574,66.206,5.474914017734799e-05,3.059586947239601,3.446875000000005,1,Normal,0.16951045591873537
MS,2007,231684,174097,445067,372737,68.308,5.582607189032893e-05,1.184607789385428,3.174938827296625,1,Normal,0.17510272977171742
MS,2008,227522,165625,409445,361046,64.762,5.565476548548604e-05,-4.899369558004096,-5.191192832464731,1,Normal,0.14893168164940795
MS,2009,220730,158955,374707,356078,60.631,5.46151912941416e-05,-4.596704473384339,-6.378740619499091,1,Normal,0.14467657143945595
MS,2010,240291,164910,412017,336408,63.703,5.522813259676172e-05,3.900647570731497,5.066715046758263,1,Normal,0.1705748132420974
MS,2011,228371,163481,408866,325772,58.51,5.193917497403485e-05,-2.335771232786454,-8.151892375555313,1,Normal,0.1461298452435298
MS,2012,194273,149470,417146,351987,60.089,5.399438391553409e-05,-1.210375407231179,2.69868398564348,1,Normal,0.17156672073166634
MS,2013,210681,159989,400272,319115,56.96,5.225419611469502e-05,-2.050454902841736,-5.207275874120054,1,Normal,0.15574126559292906
MS,2014,217703,162074,399706,322977,59.675,5.412899708742003e-05,1.137831450861237,4.76650280898876,1,Normal,0.17091974855061004
MS,2015,196642,157679,392664,338217,61.079,5.628347875927361e-05,-1.565228276062869,2.35274403016339,1,Normal,0.1734255206092628
MS,2016,187713,153834,385665,344560,61.976,5.782578554560629e-05,-1.237740772924512,1.468589859035019,1,Normal,0.1746029837729533
MS,2017,178117,152732,400047,337111,60.161,5.633015513943261e-05,-0.3511944249284582,-2.928552988253519,1,Normal,0.16674504182760774
MS,2018,200446,156755,408078,339251,62.974,5.701424405471643e-05,3.419827772664408,4.675786639184842,1,Normal,0.17191552262954973
MS,2019,195833,154174,394171,348065,62.4,5.713009181098729e-05,-1.112417849747993,-0.911487280464951,1,Normal,0.17475373562456814
MS,2020,179061,139026,385242,332443,62.938,6.076439676337724e-05,-5.170364863528665,0.8621794871795041,1,Normal,0.1559793887547843
MS,2021,189687,147230,396191,348408,62.836,5.809987267883907e-05,4.416613324759999,-0.1620642537100037,1,Normal,0.1695044221747849
MS,2022,191825,150771,403530,353479,65.056,5.916306309993134e-05,1.672465620050345,3.533006556750906,1,Normal,0.17681791942162445
MS,2023,184431,149714,385686,356637,63.914,5.937374880279878e-05,-2.104028264695046,-1.755410723069351,1,Normal,0.16787401575319044
MT,1962,36786,25885,117554,60378,12.31,5.116333197562781e-05,2.593819690515486,4.810557684120909,1,Normal,0.1573958505502127
MT,1963,36295,26765,124063,58193,12.339,5.029839064716529e-05,1.959252209042317,0.2355808285946281,1,Normal,0.15979077002440178
MT,1964,38852,29134,130290,57799,12.466,4.868105047349409e-05,4.385771820835171,1.029256827943903,1,Normal,0.1557705274227123
MT,1965,40131,28164,124042,57766,11.723,4.687268845235763e-05,-2.332129259006155,-5.960211776030788,1,Normal,0.14257379387628344
MT,1966,40745,28092,135524,62119,12.384,4.647253077154008e-05,6.54810218190105,5.638488441525213,1,Normal,0.14831683966775738
MT,1967,41058,30022,123091,56816,11.421,4.550434883081593e-05,-5.813944761332934,-7.776162790697683,1,Normal,0.1296202983830958
MT,1968,42437,28780,137933,61677,12.32,4.549012657480024e-05,7.905190308661414,7.87146484546013,1,Normal,0.13462988831064715
MT,1969,45134,32234,158880,66235,13.772,4.552983142854309e-05,11.68823016822484,11.78571428571429,1,Normal,0.09196540334711534
MT,1970,49207,35733,158640,68133,14.343,4.601348034891069e-05,3.05141115368468,4.146093523090322,1,Normal,0.15753491841012585
MT,1971,51548,36442,163231,71279,14.835,4.599985736478337e-05,3.46087586979047,3.430244718678099,1,Normal,0.15954914780749785
MT,1972,51977,38743,164960,75979,15.663,4.722607489597781e-05,2.839991193825764,5.581395348837215,1,Normal,0.15990507034307844
MT,1973,53327,39403,161939,83795,16.965,5.012364719334166e-05,2.051197008985106,8.31258379620763,1,Normal,0.1546649819451169
MT,1974,50858,36850,167223,85511,16.534,4.856627560641754e-05,0.5847020206049214,-2.540524609490136,1,Normal,0.1586898559173881
MT,1975,56962,42217,153177,82156,16.789,5.018952982254748e-05,-1.741853237849622,1.542276521108032,1,Normal,0.16143658838029312
MT,1976,58221,42562,165362,88270,19.405,5.475219728284638e-05,5.949861290476877,15.58163082970994,1,Normal,0.11852015397595117
MT,1977,59103,42458,165616,85826,20.594,5.83394475401059e-05,-0.3984030021302765,6.127286781757268,1,Normal,0.16493895889883486
MT,1978,65826,45207,164293,97496,21.279,5.707564756277141e-05,5.614116593909957,3.326211517917832,1,Normal,0.16592375971112427
MT,1979,65857,45365,183690,91657,22.7,5.872157694596063e-05,3.687828743552535,6.677945392170681,1,Normal,0.16340244304355123
MT,1980,58675,40261,162211,88911,20.229,5.778756663181529e-05,-9.445119900664823,-10.88546255506608,1,Normal,0.09503348740565881
MT,1981,54834,40414,148519,83829,18.651,5.693310337459363e-05,-6.416936621931224,-7.800682188936669,1,Normal,0.13569338010118087
MT,1982,61596,43084,120548,80847,16.319,5.331682327265123e-05,-6.568781574810356,-12.50335102675461,1,Normal,0.10478763085865062
MT,1983,58828,48265,121997,83360,16.604,5.314130260841735e-05,2.082489316378933,1.746430541087074,1,Normal,0.17004934444886116
MT,1984,60502,70865,131250,82805,20.599,5.963430238954091e-05,10.55272843654984,24.06046735726333,1,Normal,0.05844355896054554
MT,1985,64756,65086,146804,81484,22.078,6.164817705351983e-05,3.678688676459529,7.179960192242341,1,Normal,0.16112195162714682
MT,1986,57455,61600,139882,81233,23.442,6.891280510569746e-05,-5.014952712570054,6.178095842014675,1,Normal,0.1420867783905463
MT,1987,53348,44458,140117,82080,23.48,7.337431211582391e-05,-5.928229791662377,0.1621022097090696,1,Normal,0.1436605536715831
MT,1988,57169,47720,144517,84305,28.578,8.56372299301789e-05,4.283397343149908,21.71209540034071,1,Normal,0.07489555613994969
MT,1989,62087,49018,147856,82922,29.006,8.48421385156282e-05,2.448832818914637,1.497655539225984,1,Normal,0.15314494182395355
MT,1990,51762,42367,134364,81965,27.909,8.98962178458922e-05,-9.191475421344208,-3.781976142866994,1,Normal,0.0968593633579316
MT,1991,53541,43188,135749,81075,29.145,9.295079300788064e-05,0.9969142363862371,4.428678920778251,1,Normal,0.13678996971586516
MT,1992,51974,44586,134054,87906,30.49,9.5723973376868e-05,1.584102209195892,4.614856750729102,1,Normal,0.13539468792872672
MT,1993,56640,45844,136027,90766,27.989,8.500112367057623e-05,3.377495918623641,-8.20268940636274,1,Normal,0.1239031130582195
MT,1994,56050,48076,141743,94515,30.969,9.098280466415774e-05,3.372530202442925,10.6470399085355,1,Normal,0.12483835218382783
MT,1995,56319,44744,151352,98500,30.652,8.734853925155878e-05,3.094455363516979,-1.023604249410703,1,Normal,0.15036988763407383
MT,1996,58193,44871,145271,97001,27.858,8.066949483834537e-05,-1.590409100753454,-9.11522902257602,1,Normal,0.1323551831296061
MT,1997,58088,45170,125284,99053,29.863,9.11582899616905e-05,-5.137040844397466,7.197214444683753,1,Normal,0.11272038369832177
MT,1998,55896,45697,150454,99527,32.032,9.111000497760078e-05,7.320014041728351,7.263168469343317,1,Normal,0.12760599792338778
MT,1999,54008,41070,154821,103986,32.777,9.262048405555477e-05,0.6570433051269253,2.325799200799206,1,Normal,0.14094049535579972
MT,2000,61055,51855,153298,105831,31.739,8.531094858334745e-05,5.129915085409098,-3.166854806724229,1,Normal,0.13556018528188363
MT,2001,62167,54705,110747,107460,32.049,9.564610136714028e-05,-9.934442356849683,0.9767163426698922,1,Normal,0.08760012160597075
MT,2002,61989,54094,123298,107757,30.938,8.912305768887301e-05,3.59885280784531,-3.466566819557559,1,Normal,0.13543527321320148
MT,2003,65951,59182,121658,102752,33.123,9.476114458348353e-05,0.6925199776457669,7.062512121016229,1,Normal,0.13146720658383793
MT,2004,67184,58599,135229,110574,34.77,9.357187838077861e-05,6.306538270079143,4.972375690607755,1,Normal,0.13387421816313005
MT,2005,72278,59828,139860,117882,35.813,9.186400853666045e-05,4.914609269455794,2.999712395743459,1,Normal,0.14027840214087373
MT,2006,72007,60797,152112,120856,36.002,8.872492119939572e-05,4.084412386365965,0.5277413229832773,1,Normal,0.14956044473901614
MT,2007,74844,59415,172811,126825,37.962,8.74912133119764e-05,6.931002954868637,5.444141992111562,1,Normal,0.14134849024672086
MT,2008,79387,61157,160969,117756,37.195,8.871392828947525e-05,-3.370861613984955,-2.020441494125713,1,Normal,0.13792794995386204
MT,2009,75794,67258,134487,112363,33.129,8.496990184436162e-05,-7.006957347192378,-10.93157682484206,1,Normal,0.09340551738824143
MT,2010,73498,64344,118456,117157,34.975,9.365401969211325e-05,-4.217076054589619,5.572157324398574,1,Normal,0.11807030269382585
MT,2011,72147,63310,109030,118155,32.07,8.843407979748679e-05,-2.893567796405938,-8.305932809149397,1,Normal,0.12221945238799625
MT,2012,66698,60954,114570,115231,30.785,8.612321060391156e-05,-1.431159570155771,-4.006859993763645,1,Normal,0.14456528107301164
MT,2013,71991,63944,115907,117736,32.155,8.700463772194232e-05,3.39205434001113,4.450219262627897,1,Normal,0.15096632974599622
MT,2014,72782,64003,114619,113190,32.604,8.942549795114565e-05,-1.348565120218193,1.396361374591826,1,Normal,0.1444558455961804
MT,2015,77170,64124,115700,111483,32.535,8.829611697912482e-05,1.064745991431559,-0.2116304747883824,1,Normal,0.15199528856624678
MT,2016,76041,65298,111723,116303,31.148,8.432850973968839e-05,0.241264017195153,-4.263101275549397,1,Normal,0.14556241063274272
MT,2017,81018,67125,115980,118256,31.27,8.17777173372945e-05,3.523073382697328,0.3916784384230043,1,Normal,0.1542934841318767
MT,2018,85367,70934,118574,118872,31.272,7.942135579101354e-05,2.973497429245398,0.006395906619749425,1,Normal,0.15730592584331893
MT,2019,91841,73763,123740,116909,32.321,7.955879710426753e-05,3.175889147373456,3.354438475313382,1,Normal,0.15722836542793056
MT,2020,74637,64932,114597,116813,26.236,7.072117484055659e-05,-8.683012802366996,-18.82676897373224,1,Normal,0.05313089913655461
MT,2021,77254,67649,115906,119445,28.497,7.494181536074477e-05,2.500687372297006,8.617929562433302,1,Normal,0.15308043080279016
MT,2022,84794,70806,117341,116261,29.643,7.616353461698552e-05,2.352894767984637,4.021475944836306,1,Normal,0.1625555865292166
MT,2023,79999,71357,116242,114615,29.414,7.695688802607963e-05,-1.795468676933831,-0.7725263974631469,1,Normal,0.156800783047353
NC,1962,245127,61316,315501,249869,59.348,6.807423151524466e-05,4.915225477725405,5.614578328261532,1,Normal,0.1661269254646301
NC,1963,246364,64327,324565,264626,62.37,6.930901017132226e-05,3.219727166261577,5.091999730403729,1,Normal,0.16805657378875
NC,1964,241239,69213,348564,274217,64.223,6.881775505152518e-05,3.706037340409818,2.970979637646298,1,Normal,0.17094673674796762
NC,1965,247234,82520,355651,279390,69.043,7.156227845057402e-05,3.382113577209545,7.505099419211203,1,Normal,0.16167709521716211
NC,1966,269151,94359,394810,295241,77.461,7.352303283815556e-05,9.200390548882865,12.19240183653665,1,Normal,0.1018783077873131
NC,1967,274310,107533,406193,307337,81.216,7.414460644912737e-05,3.968635892938321,4.847600728108326,1,Normal,0.16482767310720264
NC,1968,296531,122585,419149,328939,87.268,7.4766707447884e-05,6.55767487422092,7.451733648542169,1,Normal,0.14712652113297836
NC,1969,308323,136201,438064,348128,92.482,7.514487501584443e-05,5.441379570323601,5.974698629509101,1,Normal,0.15280828037959626
NC,1970,324047,145850,457479,364046,97.166,7.52396004091617e-05,4.932494580390601,5.064769360524202,1,Normal,0.15287619051201073
NC,1971,329621,159970,483322,374922,99.084,7.351344934654465e-05,4.368366318961825,1.973941502171539,1,Normal,0.1582053869053967
NC,1972,336170,168854,520234,399104,104.335,7.325039087703188e-05,5.677697937803949,5.299543821404051,1,Normal,0.14310377029623988
NC,1973,341775,181478,543895,426207,108.832,7.287751405392555e-05,4.843856297666105,4.310154789859588,1,Normal,0.15236439444108957
NC,1974,323924,173063,514438,426363,104.065,7.23785425945967e-05,-3.720950477281026,-4.380145545427816,1,Normal,0.14155977194429475
NC,1975,326125,165087,480988,423769,94.953,6.801941876932797e-05,-2.908565101391858,-8.75606592033824,1,Normal,0.13331883205674105
NC,1976,355639,172493,527917,442970,105.71,7.051945305563171e-05,7.381969083840678,11.32876265099574,1,Normal,0.10639312139497092
NC,1977,382917,183598,556173,463617,107.929,6.80379876505464e-05,5.822874826803393,2.099139154290053,1,Normal,0.1537840190171988
NC,1978,389087,188565,545247,483389,102.775,6.398292211608379e-05,1.259719915148727,-4.775361580298155,1,Normal,0.14893685460085226
NC,1979,392507,192087,606907,480386,110.422,6.604632968615702e-05,4.083887820863996,7.440525419605937,1,Normal,0.1426307532482649
NC,1980,384357,203674,575625,443752,112.41,6.99324191913819e-05,-3.856600356363793,1.800365869120291,1,Normal,0.14514388696519837
NC,1981,367425,211328,545119,448448,112.341,7.14491506505351e-05,-2.182891846443558,-0.06138243928476284,1,Normal,0.15326910342585381
NC,1982,361332,206946,508995,448510,108.084,7.083838265336552e-05,-2.959828177579515,-3.789355622613289,1,Normal,0.14845514266843557
NC,1983,363113,223273,539827,468538,107.526,6.742490368408379e-05,4.520236494966845,-0.5162651271233498,1,Normal,0.15522920931734796
NC,1984,408400,250220,590208,478735,109.14,6.317566237777587e-05,8.328066056665872,1.501032308464922,1,Normal,0.13097647777268584
NC,1985,401894,256524,581476,493450,107.077,6.177477651592729e-05,0.3346330439856438,-1.890232728605468,1,Normal,0.15570223195657112
NC,1986,421337,267732,601688,519831,112.311,6.203015927983577e-05,4.4562392368513,4.888071201098287,1,Normal,0.14622523250067282
NC,1987,449335,290048,620940,544494,107.45,5.640961835178917e-05,5.204389515665353,-4.328160198021569,1,Normal,0.13188006123180906
NC,1988,468955,309111,637376,575667,111.707,5.610290546625021e-05,4.530198963994958,3.961842717543029,1,Normal,0.14323408136392246
NC,1989,471561,321476,654733,549735,115.717,5.79307396323215e-05,0.3212782424267147,3.589748180507946,1,Normal,0.14415152775887957
NC,1990,448572,333277,690605,537113,111.129,5.529994506281947e-05,0.6038530046968527,-3.96484526906159,1,Normal,0.1418176815550412
NC,1991,468784,344331,661998,530406,110.784,5.523956641647375e-05,-0.2014860905428462,-0.3104500175471703,1,Normal,0.15168202269641
NC,1992,484232,353614,722900,539320,121.302,5.776104179582927e-05,4.714340776626891,9.494150779896016,1,Normal,0.11372960574935048
NC,1993,529227,375981,729682,559650,126.605,5.769093189959258e-05,4.498572901994513,4.37173335971377,1,Normal,0.13203306895753003
NC,1994,506404,380020,723490,579176,121.705,5.559616096186087e-05,-0.2482981619374325,-3.870305280202213,1,Normal,0.1354209305643545
NC,1995,547783,402670,767272,601138,128.146,5.526245201309952e-05,5.928125385434124,5.292305164126354,1,Normal,0.11949020077562467
NC,1996,585390,425364,750992,638394,139.972,5.831824047003906e-05,3.505124496412471,9.228536200895876,1,Normal,0.10489010355299472
NC,1997,552273,423632,758653,649491,142.028,5.957430387307638e-05,-0.6705022746580358,1.468865201611735,1,Normal,0.13389089951670208
NC,1998,576761,450627,741555,664594,141.941,5.83270119472143e-05,2.075881022529757,-0.0612555270791626,1,Normal,0.13076182604707914
NC,1999,589154,470298,723637,679167,140.664,5.712809715967795e-05,1.180092523724707,-0.8996695810231103,1,Normal,0.12900662667255758
NC,2000,640967,503473,740735,702536,148.876,5.753192686509429e-05,5.095124146311347,5.838025365409782,1,Normal,0.10485985004220622
NC,2001,621695,505876,709692,692594,144.069,5.694746503558697e-05,-2.235682423578211,-3.228861602944744,1,Normal,0.10741367169737925
NC,2002,655006,516166,673226,700812,145.458,5.714970473949105e-05,0.6068324783446322,0.9641213585157127,1,Normal,0.11902931194309829
NC,2003,651575,520671,655911,714602,147.183,5.788318908712937e-05,-0.09629853725232618,1.185909334653301,1,Normal,0.11974668656717513
NC,2004,686947,547757,656501,735540,150.102,5.71437273127007e-05,3.302947703655756,1.983245347628459,1,Normal,0.11480601827409154
NC,2005,708033,559288,645536,749003,154.051,5.787344187898687e-05,1.336825614972148,2.63087766985115,1,Normal,0.11527410357613577
NC,2006,682922,561533,635120,740177,148.399,5.664620162519201e-05,-1.581901377232464,-3.66891483989068,1,Normal,0.1069558134715552
NC,2007,718536,580128,604025,758883,154.26,5.79582509728277e-05,1.596296137955044,3.949487530239426,1,Normal,0.11018798495822069
NC,2008,726159,589518,598488,756870,148.921,5.575406378204096e-05,0.3555418961207479,-3.461039802930121,1,Normal,0.10379268883073878
NC,2009,716813,580440,517081,699847,132.733,5.280412907578751e-05,-5.890902174962953,-10.87019292107896,1,Normal,0.05415526328867548
NC,2010,791783,597153,564743,762643,147.057,5.414358172290998e-05,8.050727099566135,10.79158913005807,1,Normal,0.053384758768341756
NC,2011,719137,563483,562639,742682,132.447,5.117791073473747e-05,-4.715808510575625,-9.934923193047585,1,Normal,0.06457437988649961
NC,2012,659230,554123,564428,720800,124.32,4.975626155656412e-05,-3.454133197731657,-6.136039321388942,1,Normal,0.09505208562022432
NC,2013,668315,537645,553851,742652,125.864,5.029602823457201e-05,0.155448294631344,1.241956241956244,1,Normal,0.11625367753083049
NC,2014,701612,555776,544526,754662,128.958,5.044170423320262e-05,2.162308828418702,2.458208860357214,1,Normal,0.1104807884978698
NC,2015,669478,561337,546888,769894,124.365,4.881659069311198e-05,-0.3511729560055965,-3.561624715023504,1,Normal,0.10863548409731849
NC,2016,664060,559709,545890,790751,124.324,4.85563048716045e-05,0.5029052868251949,-0.03296747477183892,1,Normal,0.11362252652854199
NC,2017,620593,540810,546105,798967,120.602,4.8116179096141e-05,-2.106460335048033,-2.993790418583697,1,Normal,0.10115688309425985
NC,2018,685740,551637,546203,810890,123.708,4.768141470126847e-05,3.510707268175417,2.575413343062305,1,Normal,0.10056814040952106
NC,2019,656903,544528,536580,827380,122.25,4.765353598982144e-05,-1.120768403566041,-1.17858182170919,1,Normal,0.10508329404215128
NC,2020,621419,498329,506772,736214,106.175,4.493736702369671e-05,-7.899728384589954,-13.14928425357873,1,Normal,0.030187937133084985
NC,2021,658436,524540,529633,806409,115.271,4.576031047031441e-05,6.614543412226426,8.56698846244408,1,Normal,0.06775883827722873
NC,2022,674309,558593,541167,807362,116.811,4.525050069147721e-05,2.477672838253975,1.335982163770599,1,Normal,0.10005908146482834
NC,2023,624962,520508,499583,827063,111.142,4.495824629588579e-05,-4.234629643259746,-4.853138831103243,1,Normal,0.0799270227817746
ND,1962,31037,13310,71733,46790,11.389,6.992736493746508e-05,6.500444653693238,5.463468839707386,1,Normal,0.13580363198959328
ND,1963,31255,13540,76337,47514,11.285,6.69153137340939e-05,3.547022453628368,-0.9131618228114813,1,Normal,0.14143493145558783
ND,1964,31102,13384,77131,48313,11.576,6.812176707016377e-05,0.7619510691033282,2.578644217988479,1,Normal,0.14422440606323383
ND,1965,29360,16005,74438,47312,11.257,6.736039637138276e-05,-1.65655471926841,-2.755701451278514,1,Normal,0.13696866523355272
ND,1966,33036,19074,76021,49886,12.646,7.1038159276923e-05,6.523013954378998,12.3389890734654,1,Normal,0.11769451985309515
ND,1967,32958,17687,78736,52606,13.487,7.410968915362087e-05,2.230124089272367,6.65032421318994,1,Normal,0.14005029343840564
ND,1968,34988,18532,77708,57642,14.403,7.625880235082331e-05,3.782138284602743,6.791725365166457,1,Normal,0.14189841597268554
ND,1969,36101,19126,78351,55525,14.317,7.57100627700248e-05,0.123365277704246,-0.5970978268416305,1,Normal,0.14575608233557796
ND,1970,36914,20603,75772,54265,14.742,7.860094372317454e-05,-0.8186015028846749,2.968498987218005,1,Normal,0.13947760927145042
ND,1971,36272,20576,76361,58251,15.906,8.307783911960264e-05,2.081522753325693,7.895807895807883,1,Normal,0.1275328011257067
ND,1972,39977,22520,76431,60802,16.848,8.43543000766038e-05,4.319462652578365,5.922293474160689,1,Normal,0.13503759982215507
ND,1973,35935,23413,76063,62694,16.386,8.271371242522905e-05,-0.813101752875145,-2.74216524216524,1,Normal,0.13031360679077425
ND,1974,38148,27789,73388,60288,16.864,8.448347552514115e-05,0.7612124883269011,2.917124374466007,1,Normal,0.13888864320483058
ND,1975,40109,27765,71068,63051,16.204,8.02202045605315e-05,1.192808083641839,-3.913662239089188,1,Normal,0.14191435757664927
ND,1976,41421,27715,71138,65875,18.608,9.026480846378106e-05,2.056991791835405,14.83584300172798,1,Normal,0.0845977223816331
ND,1977,41661,26712,67972,70600,19.909,9.62047703726612e-05,0.3856433938558945,6.991616509028376,1,Normal,0.11307793857918702
ND,1978,47253,31097,73676,73158,22.366,9.932322012221117e-05,8.813978660893774,12.34115224270431,1,Normal,0.07882280068619218
ND,1979,51530,31976,76502,72991,24.841,0.0001066137339055794,3.470939320733257,11.06590360368418,1,Normal,0.09617249673835171
ND,1980,47839,32287,64917,72472,25.441,0.0001169620485943498,-6.645922746781119,2.415361700414631,1,Normal,0.0749748794426025
ND,1981,48348,28154,82162,72620,26.904,0.0001163250217266293,6.32967841298302,5.750560119492154,1,Normal,0.09700440118355852
ND,1982,51279,31305,72539,73199,28.796,0.0001261201285903242,-1.280249737334782,7.032411537317862,1,Normal,0.0806074823356176
ND,1983,47996,30103,76740,69206,30.049,0.0001341209762368106,-1.873669641996834,4.351298791498825,1,Normal,0.07185267968251019
ND,1984,47751,33350,101079,70543,33.904,0.0001341547860701242,12.80061059434754,12.82904589171021,1,Normal,0.01235796617559315
ND,1985,51302,35703,138491,68752,37.987,0.0001290985835077894,16.4310331865323,12.04282680509674,1,Normal,0.014585504472524824
ND,1986,49687,32751,148419,66907,38.649,0.0001297974234628767,1.194910415703765,1.74270145049622,1,Normal,0.09764395276456334
ND,1987,45422,29900,155020,67693,39.206,0.0001315483080846209,0.09101167367444596,1.441175709591458,1,Normal,0.08911745214600275
ND,1988,50802,32384,150352,68573,44.162,0.0001461785442388534,1.367289076786293,12.64092230781002,1,Normal,0.041305817910895826
ND,1989,52744,34037,159645,67317,43.845,0.0001397481378070586,3.850584224289166,-0.7178116933109879,1,Normal,0.07991713478722262
ND,1990,50716,37631,156112,65276,44.613,0.0001440364958319074,-1.277797432930772,1.751625042764293,1,Normal,0.07188244510113606
ND,1991,54190,39299,159695,66390,45.562,0.0001425710477072603,3.17691955032382,2.127182659762838,1,Normal,0.08185035586326811
ND,1992,50953,36407,169143,69684,47.338,0.0001451257871275898,2.069004362056992,3.897985163074491,1,Normal,0.07474977959204393
ND,1993,53404,37753,165200,73265,47.578,0.0001443410937376753,1.053386718007521,0.5069922683679007,1,Normal,0.07739605709156067
ND,1994,52501,39051,174362,72715,47.892,0.0001414295332931713,2.732220543531683,0.659968893185936,1,Normal,0.08607390927253045
ND,1995,54854,42618,175198,72855,47.776,0.0001382707474133565,2.036748290159118,-0.2422116428631105,1,Normal,0.08688762394688587
ND,1996,59426,45353,168005,74552,48.632,0.00014001428012069,0.5241299471818284,1.791694574681846,1,Normal,0.08346026377194204
ND,1997,58079,44565,174933,75700,47.298,0.0001338836097453273,1.710447520556468,-2.743049843724288,1,Normal,0.09097660594618939
ND,1998,53817,43966,178934,66695,48.506,0.0001412472482033243,-2.792426339671139,2.554019197429058,1,Normal,0.07132590154173979
ND,1999,55506,44163,188582,81957,49.547,0.0001338355735154292,7.802872351577705,2.146126252422365,1,Normal,0.07789418295563211
ND,2000,58297,47417,190841,80608,50.996,0.0001352094452531134,1.878673610510839,2.924495933154381,1,Normal,0.09131172825986728
ND,2001,59985,54559,201897,87888,51.589,0.0001275916394817092,7.20272136980562,1.162836300886338,1,Normal,0.08734173412354934
ND,2002,61551,58723,189650,87647,51.534,0.0001296224564227683,-1.671658476141957,-0.1066118746244404,1,Normal,0.09870918107211402
ND,2003,62979,56885,187653,89093,51.341,0.0001294492588455691,-0.241215383454485,-0.374510032211739,1,Normal,0.10332985024182101
ND,2004,62380,57826,187831,92139,49.763,0.0001243527847746991,0.8988656391275107,-3.073566934808447,1,Normal,0.10522731596745749
ND,2005,60513,58383,194684,92015,52.701,0.0001299350337158989,1.354154172164246,5.903984888370872,1,Normal,0.09815429459758884
ND,2006,58692,56944,204356,91178,50.95,0.0001239146824914269,1.374523847680575,-3.322517599286534,1,Normal,0.10744535303752684
ND,2007,62500,61171,205959,103217,52.694,0.0001217381661418469,5.272028601308465,3.422963689892056,1,Normal,0.1065512374331326
ND,2008,66893,63173,213792,92914,53.121,0.0001216218072587071,0.9067869247101124,0.810338938019517,1,Normal,0.11426773934713813
ND,2009,64841,61554,211142,86879,51.616,0.0001216629660533548,-2.866026210471362,-2.833154496338552,1,Normal,0.10279678661126873
ND,2010,60700,60963,237040,100697,52.529,0.0001143642788251149,8.263681662400346,1.768831370117807,1,Normal,0.0976579083730223
ND,2011,61873,66333,262352,115678,53.999,0.0001066653234488303,10.2183042935863,2.798454187210875,1,Normal,0.08979711800047929
ND,2012,58302,66975,273556,131173,56.356,0.0001063306711043439,4.693361145843822,4.364895646215672,1,Normal,0.12063932800461569
ND,2013,67156,78436,289086,136692,56.895,9.957645658680016e-05,7.804236547819188,0.956419902051242,1,Normal,0.11066166475977429
ND,2014,70638,75033,322810,146030,58.921,9.588289856959203e-05,7.550273903075055,3.560945601546694,1,Normal,0.1164985869780441
ND,2015,63407,77492,307331,136092,57.55,9.849004745662928e-05,-4.912369204732226,-2.326844418798057,1,Normal,0.11357833700034531
ND,2016,60618,75595,296806,122632,54.524,9.812634189446253e-05,-4.90687513584096,-5.258036490008678,1,Normal,0.10613292064328661
ND,2017,59822,75420,329300,130890,56.453,9.480999541510128e-05,7.159529992747249,3.53789157068447,1,Normal,0.11685453956209285
ND,2018,66032,79792,340305,138265,58.808,9.418412092364756e-05,4.863855379194626,4.171611783253315,1,Normal,0.12817441800815488
ND,2019,68820,83354,343226,146033,56.804,8.855796318555485e-05,2.728885927795588,-3.407699632703032,1,Normal,0.1359316665008271
ND,2020,57215,73009,360556,128597,55.535,8.966253241154836e-05,-3.438394968765246,-2.233997605802418,1,Normal,0.1262181032385412
ND,2021,59761,77222,380476,136039,56.219,8.602780727714546e-05,5.508752328949362,1.231655712613677,1,Normal,0.13513486316293793
ND,2022,64001,89972,385797,135784,57.458,8.505315637239954e-05,3.375067712525515,2.203881250111173,1,Normal,0.14547490625538945
ND,2023,64016,115074,387065,139215,54.453,7.719778272396048e-05,4.413562794388004,-5.229907062550032,1,Normal,0.13491032778589335
NE,1962,82487,42530,93804,101163,19.63,6.134681734086704e-05,3.830566002225977,4.995721009841669,1,Normal,0.16304217402937338
NE,1963,81160,43950,94166,108334,20.179,6.159457892005738e-05,2.38324416220812,2.796739684156901,1,Normal,0.16917613037071527
NE,1964,85549,46635,99982,107127,20.693,6.09885850872255e-05,3.566130459998162,2.54720253729126,1,Normal,0.16785552412429255
NE,1965,91691,49345,96807,102134,20.146,5.925712403228463e-05,0.2013009404850719,-2.643405982699465,1,Normal,0.16746940165801988
NE,1966,97810,54492,121114,107674,22.378,5.872103702537458e-05,12.09320657928794,11.07912240643303,1,Normal,0.10229675276117367
NE,1967,97624,65786,96711,116443,22.433,5.957303293207245e-05,-1.18790836810202,0.2457771025113908,1,Normal,0.16940511958567805
NE,1968,103669,72786,106886,129823,24.379,5.900562488503355e-05,9.719754728956387,8.67472027816165,1,Normal,0.12820609753580492
NE,1969,113354,84424,113712,132426,25.975,5.851345415225888e-05,7.442807214568559,6.546617990893799,1,Normal,0.1553337591909435
NE,1970,122524,88913,124375,139324,27.502,5.788249655361107e-05,7.032877915817215,5.878729547641948,1,Normal,0.1595467661107846
NE,1971,123471,91788,124882,142822,27.489,5.69175214613158e-05,1.647321287634052,-0.04726928950621323,1,Normal,0.17235199658546535
NE,1972,125627,90629,125805,155550,29.434,5.915062167034089e-05,3.033157888198246,7.075557495725571,1,Normal,0.16499789063535703
NE,1973,117327,85469,143860,163493,30.131,5.90630206801921e-05,2.519839794538314,2.368009784602831,1,Normal,0.17587947741870108
NE,1974,114066,87317,150235,153188,28.996,5.743988779848099e-05,-1.047535038714109,-3.766884603896326,1,Normal,0.16544642031112738
NE,1975,119875,85161,156616,149936,28.623,5.594920922850179e-05,1.343684504542342,-1.286384328872936,1,Normal,0.17136360906061077
NE,1976,122892,94346,166349,158184,31.054,5.731952673643797e-05,5.899462263653055,8.493169828459624,1,Normal,0.15973771750240462
NE,1977,121957,94858,161641,168375,31.064,5.680741729605179e-05,0.933975672333287,0.03220197076061471,1,Normal,0.17275019681274179
NE,1978,122103,88298,160477,172968,30.699,5.64479650489293e-05,-0.5456906168278985,-1.174993561679105,1,Normal,0.17082200945697568
NE,1979,119714,91438,165129,156116,31.465,5.910063354977583e-05,-2.105191543194218,2.495195283233986,1,Normal,0.1659779403223895
NE,1980,120712,88870,143586,141002,30.03,6.076843845551439e-05,-7.179980353007254,-4.560622914349278,1,Normal,0.13736619826712898
NE,1981,114475,90567,128511,131799,28.237,6.06787979851811e-05,-5.83178697252571,-5.970695970695983,1,Normal,0.1391219917730832
NE,1982,125841,94961,120866,135509,28.7,6.014539678148779e-05,2.541087177018686,1.639692601905307,1,Normal,0.17142863304715816
NE,1983,126865,95339,119464,144332,29.758,6.123045267489711e-05,1.848999427885256,3.686411149825775,1,Normal,0.17052039320734452
NE,1984,122532,106252,120420,141399,31.532,6.427192658830052e-05,0.9471193415637957,5.961422138584593,1,Normal,0.16262999696443875
NE,1985,122665,103407,118957,141050,30.445,6.263398055456121e-05,-0.9223343518078742,-3.447291640238492,1,Normal,0.16235688842973872
NE,1986,117623,97703,111446,141525,28.853,6.161274065975367e-05,-3.658260608379726,-5.229101658728852,1,Normal,0.15041980969329766
NE,1987,114675,97546,123458,148017,30.059,6.214427627212904e-05,3.288731913148957,4.179807992236517,1,Normal,0.16892507837531928
NE,1988,124890,107558,130645,161225,33.969,6.47870185650693e-05,8.39802603696116,13.00775142220301,1,Normal,0.11721026929920841
NE,1989,127037,107854,132270,153416,32.476,6.238474305384804e-05,-0.713689020785091,-4.395183844093154,1,Normal,0.16111119507980814
NE,1990,127649,113076,133926,151842,32.834,6.236360217514764e-05,1.13662558396852,1.102352506466331,1,Normal,0.17255563312442684
NE,1991,135384,119286,133264,148328,33.773,6.29785440698763e-05,1.855485258113587,2.859840409331782,1,Normal,0.17146998162071236
NE,1992,126022,111057,133803,154150,32.724,6.232774826629284e-05,-2.094312108633467,-3.106031445237334,1,Normal,0.16086183383626368
NE,1993,140245,112798,150260,150645,35.819,6.466130394910714e-05,5.507674784917471,9.457890233467815,1,Normal,0.15039821791873625
NE,1994,137800,123991,160508,153903,35.74,6.202675098880083e-05,4.017525110660203,-0.2205533376141156,1,Normal,0.1677573446215208
NE,1995,140228,127309,173559,163477,38.358,6.344664232985042e-05,4.923264891019308,7.325125909345265,1,Normal,0.158749550113844
NE,1996,148277,129723,178879,177952,39.481,6.2191354864523e-05,5.005202035823753,2.927681318108366,1,Normal,0.1690773655966829
NE,1997,146608,128817,191692,180913,40.855,6.304501804703184e-05,2.078978499789708,3.480155011271235,1,Normal,0.16933321216325098
NE,1998,143515,123315,208866,188843,42.9,6.455603057156916e-05,2.547725487593921,5.005507281850452,1,Normal,0.17038964570397297
NE,1999,140468,120673,199460,194152,41.684,6.366370218998615e-05,-1.472599802268937,-2.834498834498833,1,Normal,0.1692696399732989
NE,2000,149201,133189,203584,172532,41.586,6.315204417271824e-05,0.573193249973647,-0.235102197485848,1,Normal,0.1712031281437147
NE,2001,155797,131853,207434,162378,42.847,6.517030642075131e-05,-0.1585406966679082,3.032270475640853,1,Normal,0.17081825730985545
NE,2002,157010,134563,210602,167079,42.245,6.312252149408146e-05,1.793563734481984,-1.404999183140021,1,Normal,0.1700580618478289
NE,2003,153895,129811,223138,172437,43.572,6.41442937458872e-05,1.498235348612043,3.141200142028655,1,Normal,0.17206451828811764
NE,2004,149532,131642,237053,173748,43.325,6.261055296715493e-05,1.868887838758915,-0.5668778114385375,1,Normal,0.17196725807642604
NE,2005,154986,132163,238792,172778,43.734,6.2591775222622e-05,0.9743112477889504,0.9440276976341533,1,Normal,0.1735460719082635
NE,2006,151009,134351,254036,174783,44.233,6.193553987941381e-05,2.212623690816606,1.14098870444046,1,Normal,0.1753632466193174
NE,2007,158502,139490,279299,176955,44.563,5.908284564982778e-05,5.610366043199311,0.7460493296859827,1,Normal,0.16333127097986955
NE,2008,164053,144691,307143,176571,46.635,5.884854465473248e-05,5.066251594307425,4.649597199470401,1,Normal,0.16837431265024122
NE,2009,157146,137355,303052,176668,47.222,6.101648486539987e-05,-2.339051407140824,1.258711268360679,1,Normal,0.16372402683969006
NE,2010,160470,138045,353146,206535,50.016,5.829126050655217e-05,10.86853713940164,5.916733725805767,1,Normal,0.13216357416619823
NE,2011,155956,131229,361251,199959,52.392,6.175301622325003e-05,-1.121631260226841,4.75047984644914,1,Normal,0.1677527865648754
NE,2012,142280,127349,374765,193183,50.583,6.039198737311629e-05,-1.27697392304682,-3.452817224003668,1,Normal,0.16348363240063424
NE,2013,158332,135536,368282,194009,53.354,6.231786385472792e-05,2.218420254591225,5.478125061779648,1,Normal,0.1710519929218703
NE,2014,157086,135457,365455,201084,52.035,6.057046940804254e-05,0.3414085467769334,-2.472167035273831,1,Normal,0.1719015398455847
NE,2015,141298,129914,363615,200774,50.531,6.047264184700592e-05,-2.733266440223403,-2.890362256173729,1,Normal,0.15929161439552741
NE,2016,140748,127221,379383,199248,48.09,5.680368532955351e-05,1.316298089638468,-4.830697987374077,1,Normal,0.15975264903928887
NE,2017,135025,124447,378228,200753,47.598,5.67688349853838e-05,-0.9623198677061184,-1.02308172177169,1,Normal,0.16902601654318322
NE,2018,156018,136566,371940,209483,52.111,5.96230922635631e-05,4.240428503446236,9.481490818941962,1,Normal,0.15493001909957965
NE,2019,155462,135640,366806,208868,50.333,5.806921280699973e-05,-0.8273389114732521,-3.411947573448981,1,Normal,0.16698973911945397
NE,2020,142671,122186,356972,191304,46.373,5.703003075757594e-05,-6.188796182635425,-7.867601772197164,1,Normal,0.13163991760333893
NE,2021,142014,123385,379498,199085,47.106,5.581398655421562e-05,3.793844303453442,1.580661160589147,1,Normal,0.17042182645252563
NE,2022,143364,122730,381662,200447,48.249,5.688378843272188e-05,0.5001291496738114,2.426442491402381,1,Normal,0.17151138664168908
NE,2023,137504,137406,366222,197082,45.527,5.431435685201733e-05,-1.177784091779921,-5.641567700884997,1,Normal,0.15363189804628502
NH,1962,47195,9253,31800,35657,8.024,6.475929139259916e-05,6.916041073431711,6.278145695364223,1,Normal,0.12213974151279555
NH,1963,49866,9812,32977,36650,8.218,6.355516027995823e-05,4.358177636092164,2.41774675972084,1,Normal,0.13239770626812303
NH,1964,46343,9804,34962,37780,8.06,6.25349140338899e-05,-0.3224933297242938,-1.922608907276702,1,Normal,0.1358860834592393
NH,1965,47743,9757,31993,37345,8.035,6.334852331320267e-05,-1.590528210539388,-0.3101736972704772,1,Normal,0.1355641079435438
NH,1966,47104,10025,42456,40709,8.744,6.232625771593938e-05,10.60880808590485,8.823895457373986,1,Normal,0.089894688356423
NH,1967,51692,11374,36403,44988,9.137,6.325109375865315e-05,2.966627225683216,4.494510521500472,1,Normal,0.13956441011486775
NH,1968,55805,11945,39026,47517,10.478,6.790975611336872e-05,6.809685994351211,14.67658969027033,1,Normal,0.08753134091719383
NH,1969,60000,13404,48459,48630,12.075,7.08240221006141e-05,10.49950419007992,15.24145829356747,1,Normal,0.05380444689949987
NH,1970,62564,14808,52628,50712,12.805,7.085860374518571e-05,5.993794466634994,6.045548654244315,1,Normal,0.13696164891382506
NH,1971,66671,16118,59046,52923,13.334,6.846480485938888e-05,7.772035061313032,4.131198750488085,1,Normal,0.13546091116861314
NH,1972,71073,17238,62370,55069,14.072,6.839401406568196e-05,5.643956314792287,5.534723263836794,1,Normal,0.1453946894866796
NH,1973,71487,17615,64040,56834,13.578,6.466422512941893e-05,2.054931008170158,-3.510517339397379,1,Normal,0.14511865762258608
NH,1974,68811,16924,56901,56615,12.56,6.303607008245881e-05,-5.108178514789719,-7.497422300780665,1,Normal,0.12443049415614649
NH,1975,67032,17038,54016,56621,12.543,6.441987191010081e-05,-2.280540624639271,-0.13535031847135,1,Normal,0.14595721532304884
NH,1976,78593,18520,63069,59805,13.594,6.179456058767109e-05,12.98361127232199,8.379175635812807,1,Normal,0.09119276912298607
NH,1977,77025,19084,66214,62329,14.03,6.245214821145594e-05,2.120579852445825,3.207297337060466,1,Normal,0.15489729472728375
NH,1978,79327,20200,63320,63585,13.498,5.961171565856416e-05,0.7923365917062775,-3.79187455452602,1,Normal,0.14486528789115427
NH,1979,64697,18872,55069,65314,12.867,6.308837373499647e-05,-9.927925381571512,-4.67476663209363,1,Normal,0.10354981054940599
NH,1980,62145,25808,55727,57873,12.723,6.312452246048206e-05,-1.175766847101278,-1.119141991140127,1,Normal,0.1572551029359362
NH,1981,60470,24238,52958,56210,11.446,5.903773545977842e-05,-3.809400954582887,-10.03694097304095,1,Normal,0.12062663671325052
NH,1982,58185,25973,53559,56118,11.164,5.759508037722611e-05,-0.0206317440013204,-2.46374279224183,1,Normal,0.1575358512947666
NH,1983,58878,24318,56000,57206,11.164,5.684230892603473e-05,1.324315400647968,0.0,1,Normal,0.16106221777629415
NH,1984,63807,26261,63584,62668,12.985,6.002681213017751e-05,10.14088379505404,16.31135793622358,1,Normal,0.08211138947351093
NH,1985,68125,27654,67124,62955,13.199,5.843937341161261e-05,4.409208579881652,1.648055448594543,1,Normal,0.15984629608746453
NH,1986,67591,33618,74047,68908,13.9,5.692894939466916e-05,8.105092580293816,5.311008409728024,1,Normal,0.15047678663045566
NH,1987,75061,39848,76208,74832,15.165,5.70224254365515e-05,8.921872184269585,9.100719424460424,1,Normal,0.13612320330796557
NH,1988,77093,40053,72470,77318,15.617,5.850509863861479e-05,0.3707491690104758,2.980547312891546,1,Normal,0.1639496213697077
NH,1989,83191,41900,63074,76524,15.815,5.97493662373578e-05,-0.8410318655547866,1.267849138759036,1,Normal,0.1593864773868095
NH,1990,75552,42909,65161,72989,14.581,5.682141451457654e-05,-3.051883531238553,-7.802718937717357,1,Normal,0.14192789171943898
NH,1991,74121,42216,55683,74312,14.279,5.796671957650479e-05,-4.006063652766246,-2.071188533022428,1,Normal,0.15046615421804616
NH,1992,76398,41030,64120,73745,14.4,5.640577689164999e-05,3.638194137156914,0.8473982771902921,1,Normal,0.16248732393619236
NH,1993,76843,41841,61633,75190,14.857,5.814713491215505e-05,0.08382525176953148,3.173611111111097,1,Normal,0.16240574228063875
NH,1994,76843,54685,48491,77427,14.918,5.79459073129615e-05,0.7592746969750319,0.4105808709699232,1,Normal,0.16206721688609232
NH,1995,78072,53431,49422,80643,15.043,5.7510637728477e-05,1.60110624711105,0.83791392948116,1,Normal,0.16328419940568595
NH,1996,80823,55024,53170,82930,15.234,5.601826826550762e-05,3.967595548402136,1.269693545170525,1,Normal,0.16314520521675857
NH,1997,78822,55556,50687,87422,16.495,6.053499799990459e-05,0.1985681033436659,8.277537088092423,1,Normal,0.14992167608637796
NH,1998,77301,53759,48443,95884,16.518,5.998126266404247e-05,1.063903966060775,0.1394361927856913,1,Normal,0.16333760008904918
NH,1999,80289,57008,49215,99555,16.686,5.832899285831641e-05,3.87855591787527,1.017072284780229,1,Normal,0.16283638598848937
NH,2000,82465,63703,55181,101593,17.431,5.753925681898456e-05,5.898618155886548,4.464820807862879,1,Normal,0.15906323150774704
NH,2001,83669,64494,51631,101738,16.939,5.617627258044725e-05,-0.4647769697729953,-2.822557512477775,1,Normal,0.15921977210223526
NH,2002,84264,66972,46283,113407,17.665,5.681416156899069e-05,3.115081931330899,4.285967294409354,1,Normal,0.16035063467529242
NH,2003,93195,70762,50112,106264,21.026,6.563794551295059e-05,3.025478731273679,19.02632323804132,1,Normal,0.10424749451348514
NH,2004,93801,71992,53257,108874,21.967,6.698828688442103e-05,2.369409333412409,4.475411395415185,1,Normal,0.1623040824372043
NH,2005,92008,73929,50554,103959,21.241,6.628491184272117e-05,-2.278888641540855,-3.304957436154232,1,Normal,0.15138380378896743
NH,2006,86710,66845,45215,103970,19.364,6.396268733133162e-05,-5.526915275393973,-8.83668377195047,1,Normal,0.12475915891749995
NH,2007,88458,68133,42799,105708,19.164,6.281260447462783e-05,0.77921906328553,-1.032844453625281,1,Normal,0.16030788837972415
NH,2008,85615,66242,41238,103300,18.721,6.316212094630157e-05,-2.852198310051202,-2.311625965351705,1,Normal,0.15282322108065877
NH,2009,88238,65269,35771,102856,17.061,5.841067901002098e-05,-1.453798296873099,-8.867047700443354,1,Normal,0.13575368791239184
NH,2010,86319,64152,38373,105145,16.728,5.690492713393477e-05,0.6426167545970918,-1.951819940214516,1,Normal,0.16020629907585876
NH,2011,85211,64065,39253,102555,16.326,5.608651738661427e-05,-0.9790314460274008,-2.403156384505023,1,Normal,0.15870741946530437
NH,2012,79084,64086,39166,100094,14.698,5.204121375208016e-05,-2.973691623781283,-9.971824084282744,1,Normal,0.12695846510381503
NH,2013,89337,67305,41706,101229,14.409,4.809781792327181e-05,6.071238891052655,-1.966253912096882,1,Normal,0.14561688063154427
NH,2014,94987,68413,42073,102407,15.127,4.913293858951082e-05,2.771240782837125,4.98299673814977,1,Normal,0.15401933466825524
NH,2015,98711,69505,40804,101686,15.239,4.904620752026829e-05,0.9185426742324143,0.7403979639055924,1,Normal,0.15588102035309076
NH,2016,91951,68159,39832,101569,13.764,4.565007578496307e-05,-2.95970158380725,-9.679112802677349,1,Normal,0.12294265492041573
NH,2017,96750,66930,44608,102063,13.468,4.339588596174666e-05,2.932231328210255,-2.1505376344086,1,Normal,0.14812311486124657
NH,2018,104101,70057,40886,103181,14.198,4.461623065441119e-05,2.536796927359908,5.420255420255415,1,Normal,0.1518362317544666
NH,2019,102110,68027,39247,103093,13.907,4.450567561772546e-05,-1.806269149186901,-2.049584448513875,1,Normal,0.14768796038951065
NH,2020,95168,62308,38411,88990,12.381,4.346086205625586e-05,-8.832650083046111,-10.97289134968001,1,Normal,0.08492946404016938
NH,2021,91458,64207,38090,98846,13.282,4.5392872888336e-05,2.71134559827575,7.277279702770367,1,Normal,0.14686114466716438
NH,2022,94504,64504,38612,100372,13.818,4.63705279689655e-05,1.842098967535999,4.035536816744467,1,Normal,0.15463528775561897
NH,2023,90718,63678,37929,102296,13.493,4.57978216080999e-05,-1.130906638119944,-2.352004631639881,1,Normal,0.15366519845986765
NJ,1962,338195,194294,531610,364881,99.156,6.938935464457165e-05,7.236662394150151,6.620501295712877,1,Normal,0.13841190584241936
NJ,1963,359430,197758,529710,383313,102.124,6.946213842774948e-05,2.885344791389666,2.993263140909264,1,Normal,0.16059373711614566
NJ,1964,366594,204782,534086,399699,105.253,6.992802103693822e-05,2.377277819306212,3.063922290548748,1,Normal,0.15852224361282313
NJ,1965,382135,203634,547186,399649,107.877,7.038804544422434e-05,1.82319245370266,2.493040578415817,1,Normal,0.1605162145298481
NJ,1966,399924,228763,583671,417858,114.68,7.03465062298493e-05,6.369029442700147,6.30625619918983,1,Normal,0.1383875758310673
NJ,1967,426200,255887,604824,438637,120.03,6.956047031988081e-05,5.847875373570122,4.665155214509942,1,Normal,0.14282376694161703
NJ,1968,445250,267075,622395,463976,123.9,6.888323541054186e-05,4.239056671239116,3.224193951512122,1,Normal,0.14511057541819855
NJ,1969,468643,277144,636863,465559,125.729,6.802747957617347e-05,2.752716412334277,1.476190476190475,1,Normal,0.14882802950362356
NJ,1970,481146,313838,641510,493104,129.759,6.724661445201826e-05,4.403722739149085,3.205306651607809,1,Normal,0.13789260634645212
NJ,1971,489333,317326,602409,510282,125.214,6.523771068330424e-05,-0.5311466268380083,-3.502647215222054,1,Normal,0.13848904265316353
NJ,1972,519155,333739,619920,556325,128.72,6.343577251238087e-05,5.72011358011828,2.800006389061926,1,Normal,0.13235777842377594
NJ,1973,520089,346973,645092,558938,132.163,6.38132577531638e-05,2.067428599026488,2.674798011187085,1,Normal,0.14274818551913598
NJ,1974,487022,321470,588992,528711,120.435,6.252482225319866e-05,-6.996074530802621,-8.87389057451784,1,Normal,0.09672872052158699
NJ,1975,479733,306571,525723,519423,106.39,5.809058396352617e-05,-4.918764714891277,-11.6618923070536,1,Normal,0.09125490352654092
NJ,1976,513367,374499,584959,549074,117.866,5.829473099038626e-05,10.39875508476891,10.78672807594698,1,Normal,0.07407637207049894
NJ,1977,500929,337531,579859,549866,114.357,5.810279933176979e-05,-2.656612747032738,-2.977109599036198,1,Normal,0.13617017032615392
NJ,1978,497421,330246,577191,568577,111.907,5.670673556855714e-05,0.2667433532637098,-2.142413669473664,1,Normal,0.14726743562474198
NJ,1979,443042,341627,649357,552331,110.559,5.565923513168593e-05,0.6547470044602433,-1.204571653247788,1,Normal,0.1509057032567936
NJ,1980,487470,367457,574433,566314,111.041,5.564079539965405e-05,0.4692514681413851,0.4359663166273231,1,Normal,0.15047680640856126
NJ,1981,491310,347232,529179,614941,107.42,5.417965635107933e-05,-0.6520597531863848,-3.260957664286157,1,Normal,0.1415175323351529
NJ,1982,463290,339481,495664,714713,109.492,5.438845032754671e-05,1.537578499220493,1.928877304040211,1,Normal,0.14608783166286293
NJ,1983,460866,338576,466257,764774,110.773,5.455532238579128e-05,0.8604931182406794,1.16994848938734,1,Normal,0.14145143308653135
NJ,1984,477021,362388,494732,797481,117.103,5.493612607494484e-05,4.98160279068256,5.714388885378208,1,Normal,0.12220484902689271
NJ,1985,482898,362436,447856,796740,111.734,5.346300906584954e-05,-1.955788575924144,-4.584852651084947,1,Normal,0.11749145721285625
NJ,1986,487752,392332,444437,826164,113.762,5.289568072698665e-05,2.907033772885326,1.815024970018086,1,Normal,0.1280118263212916
NJ,1987,512213,408972,470619,840506,118.162,5.293261240598304e-05,3.795254165415129,3.867723844517501,1,Normal,0.12411928013513474
NJ,1988,543517,441500,466420,803645,116.4,5.16167940826933e-05,1.02001962093079,-1.491173135187285,1,Normal,0.12551872431773092
NJ,1989,550261,472095,457215,827047,120.973,5.244604871721282e-05,2.285417812228396,3.928694158075596,1,Normal,0.1196593045729934
NJ,1990,512187,498323,440419,798476,109.457,4.866044516680863e-05,-2.480428055273998,-9.519479553288758,1,Normal,0.08213718270465742
NJ,1991,521279,504987,443086,808040,109.953,4.828024700194214e-05,1.244196240426354,0.4531459842677998,1,Normal,0.1201229608786461
NJ,1992,531585,506030,513054,811423,116.885,4.948363612963752e-05,3.719299847940039,6.304511927823708,1,Normal,0.10528039291398705
NJ,1993,542762,511447,548344,770234,113.796,4.795877254942288e-05,0.452733887813106,-2.642768533173634,1,Normal,0.11679675424787361
NJ,1994,576306,526681,535722,843802,123.725,4.983865126881612e-05,4.62422264441662,8.725262750887541,1,Normal,0.08381647858445246
NJ,1995,547624,522515,547071,857719,123.433,4.987337005359348e-05,-0.3054568539676117,-0.2360072741967922,1,Normal,0.1180718827155754
NJ,1996,569892,530751,527887,827562,123.541,5.029976446350813e-05,-0.7609514296981534,0.08749686064504214,1,Normal,0.11715878334533752
NJ,1997,550146,538227,547332,837040,125.199,5.063154459392732e-05,0.6779868042563475,1.342064577751523,1,Normal,0.11926677044837564
NJ,1998,532411,536619,532180,849859,120.48,4.915404292819055e-05,-0.8766363885993944,-3.76919943450027,1,Normal,0.10753796650777986
NJ,1999,567201,579961,565360,848821,124.058,4.843474692768599e-05,4.498973917513571,2.969787516600264,1,Normal,0.09805704145090688
NJ,2000,582731,578511,410539,905840,124.205,5.013081112584749e-05,-3.268792973061396,0.1184929629689302,1,Normal,0.09035354677448454
NJ,2001,575601,554459,441138,881416,120.773,4.924254316311366e-05,-1.00915476074197,-2.763173785274342,1,Normal,0.10321515456543917
NJ,2002,591176,576134,423749,888669,120.793,4.871217782265724e-05,1.105513910662692,0.01655999271361619,1,Normal,0.10089180857542973
NJ,2003,639805,604240,394175,869522,123.37,4.919565090826728e-05,1.129679896472569,2.133401769970122,1,Normal,0.09729113412321994
NJ,2004,634057,631593,384716,901123,125.879,4.933546698773384e-05,1.744557454474971,2.033719704952586,1,Normal,0.08948233584808496
NJ,2005,636062,648416,388809,974377,130.39,4.924722264397797e-05,3.769207886682735,3.58360012392851,1,Normal,0.07822496827413722
NJ,2006,573535,616042,363557,978213,123.061,4.861484759491591e-05,-4.393158945514952,-5.620829818237583,1,Normal,0.06941636511244276
NJ,2007,614709,646384,365314,1028825,130.709,4.922694166575966e-05,4.894115620701389,6.214804040272703,1,Normal,0.062189339819248624
NJ,2008,598698,633117,315108,1035031,128.219,4.965969558702269e-05,-2.759833129521971,-1.904995065374238,1,Normal,0.0751634633892434
NJ,2009,586415,627353,262023,885467,111.34,4.716225867147636e-05,-8.565880169003847,-13.16419563403239,-1,Anomaly,-0.004091920666032256
NJ,2010,593651,626137,270882,787836,105.509,4.631134193114552e-05,-3.49595431352101,-5.237111550206574,1,Normal,0.07206208466787861
NJ,2011,569610,625516,275942,790687,104.861,4.636205474879355e-05,-0.722878133869187,-0.6141656162033549,1,Normal,0.09660143423145118
NJ,2012,533050,594752,273792,753749,98.858,4.586648157625028e-05,-4.706106018034428,-5.724721297717927,1,Normal,0.07422379166774012
NJ,2013,575928,594839,269885,758327,100.197,4.556527876371604e-05,2.024457360151022,1.354468024843714,1,Normal,0.09879534460812556
NJ,2014,589410,618650,258344,746320,104.629,4.728517758436099e-05,0.6251088574368957,4.423286126331138,1,Normal,0.08422735015482474
NJ,2015,576645,585341,262194,743148,103.332,4.767718377392233e-05,-2.051635021645271,-1.239618079117655,1,Normal,0.09717330244282424
NJ,2016,533177,558776,258171,775261,105.123,4.946068594631091e-05,-1.935149580635309,1.733248170944157,1,Normal,0.10042738904133025
NJ,2017,528977,549292,253901,739242,98.947,4.776785326351951e-05,-2.539351693928393,-5.875022592582024,1,Normal,0.09145499377125915
NJ,2018,577024,571779,259751,763621,104.718,4.820886734159756e-05,4.864261803772685,5.832415333461349,1,Normal,0.08883625845410031
NJ,2019,552809,544661,258981,718669,100.578,4.846856901631618e-05,-4.468106361694025,-3.953475047269805,1,Normal,0.09059195499681977
NJ,2020,547555,503155,235510,576204,83.511,4.483995051610159e-05,-10.24973037677858,-16.96891964445506,-1,Anomaly,-0.01681301941716884
NJ,2021,567311,529719,239668,628879,88.746,4.515007799232592e-05,5.538695807184624,6.268635269605194,1,Normal,0.08653320556756933
NJ,2022,573079,546833,257625,647036,92.749,4.581168059801311e-05,3.001305468416926,4.510625831023374,1,Normal,0.10021825610802104
NJ,2023,531861,523751,258372,670115,91.419,4.607577940840713e-05,-1.99894199808256,-1.433977724827218,1,Normal,0.10259961781100818
NM,1962,45857,27378,188000,108739,20.524,5.547431839620729e-05,10.59552563612014,10.33815386269556,1,Normal,0.10981448216809692
NM,1963,49699,26277,176616,111915,21.644,5.937899513313909e-05,-1.477675397934441,5.457025920873115,1,Normal,0.15573240866386984
NM,1964,49441,30652,170225,109081,22.838,6.354515050167224e-05,-1.401348674644587,5.516540380705992,1,Normal,0.15548309873191912
NM,1965,47326,31157,154343,114959,24.108,6.93186882700519e-05,-3.231236679113403,5.560907259830095,1,Normal,0.14437513227518772
NM,1966,53163,34468,169913,112959,24.595,6.63825491762572e-05,6.532484149690188,2.020076323212194,1,Normal,0.1586512742329167
NM,1967,55882,50218,178146,117206,27.007,6.727329792851948e-05,8.352946256990478,9.806871315307998,1,Normal,0.13800345706550193
NM,1968,58257,55295,188030,128538,28.262,6.570724448990979e-05,7.141077887269209,4.646943385048319,1,Normal,0.15758380545592238
NM,1969,56681,55276,176738,133432,28.869,6.838920896031536e-05,-1.858086115502655,2.147760243436414,1,Normal,0.16380872956655473
NM,1970,60226,61714,191189,138476,34.897,7.727310974610611e-05,6.983189932911338,20.880529287471,1,Normal,0.08337584614498189
NM,1971,62633,64656,191783,142560,37.168,8.051434909191737e-05,2.22007679260241,6.507722726881959,1,Normal,0.15160233322851957
NM,1972,67297,66173,201022,159294,39.588,8.017254473100641e-05,6.965071745459595,6.510977184674993,1,Normal,0.14594615959320312
NM,1973,55742,61170,194090,158879,39.949,8.501957946709798e-05,-4.841175815385235,0.9118924926745375,1,Normal,0.13488957650102795
NM,1974,57620,60958,189002,160039,40.45,8.65018604850092e-05,-0.4809738656678331,1.254098976194662,1,Normal,0.1517120417963259
NM,1975,59253,55732,178195,158105,39.086,8.661045680667427e-05,-3.493220991403279,-3.372064276885056,1,Normal,0.13706642076787884
NM,1976,69960,70148,197866,163095,41.872,8.356550408327812e-05,11.03138814717972,7.127871872281633,1,Normal,0.10771776768824087
NM,1977,61238,64657,176976,164222,41.617,8.909788842907086e-05,-6.78051681608085,-0.608998853649223,1,Normal,0.12126527437574974
NM,1978,61615,64306,167386,173990,39.99,8.557726670618472e-05,0.04367438604304663,-3.909460076411075,1,Normal,0.1451816799617216
NM,1979,67267,65693,165873,173599,40.42,8.555710545199002e-05,1.099086876226463,1.0752688172043,1,Normal,0.15368801051968883
NM,1980,65444,68647,161934,176352,44.737,9.470593465402707e-05,-0.01164186244398957,10.68035625927759,1,Normal,0.11290220247043176
NM,1981,59656,64777,147279,193266,43.979,9.458276610341542e-05,-1.566330354080847,-1.694346961128379,1,Normal,0.1340274221997162
NM,1982,63598,65257,152052,174915,45.144,9.903865982773978e-05,-1.969336249594067,2.648991564155612,1,Normal,0.12660849721641648
NM,1983,66500,74559,163018,158784,48.651,0.0001051090821886437,1.544462531426749,7.768474215842658,1,Normal,0.11712306667110328
NM,1984,68663,78183,174661,141950,45.744,9.870171342756717e-05,0.1285480337551936,-5.97521119812543,1,Normal,0.12446501516436098
NM,1985,70224,71362,150748,163649,46.668,0.0001023459207909067,-1.612663094958111,2.019937040923403,1,Normal,0.12703746355017126
NM,1986,67674,75289,131193,170061,43.194,9.723626065639091e-05,-2.580359355502293,-7.444073026484954,1,Normal,0.11117386608618796
NM,1987,70321,78769,149450,177792,46.436,9.748642231380148e-05,7.229799850073282,7.505672084085746,1,Normal,0.11730400850434347
NM,1988,71479,92245,146444,192216,48.163,9.58690879269402e-05,5.468863169253435,3.719097252131953,1,Normal,0.12678356987995498
NM,1989,72656,94205,152006,205982,50.414,9.60542937111436e-05,4.471886986621754,4.673712185702739,1,Normal,0.1299361075740309
NM,1990,79454,95236,191585,230438,52.762,8.842091856400219e-05,13.69250965515796,4.657436426389494,1,Normal,0.08877961676040258
NM,1991,80834,96025,187414,225511,47.973,8.13400860994637e-05,-1.16152796817236,-9.076608164967215,1,Normal,0.12986120881972008
NM,1992,82908,98993,193003,211705,50.693,8.641716444371709e-05,-0.5383335904900588,5.669855960644532,1,Normal,0.14406885305156847
NM,1993,83277,101425,193439,223530,51.477,8.555700892018701e-05,2.567472656356551,1.546564614443802,1,Normal,0.15306401863988428
NM,1994,82023,99457,195582,213109,51.477,8.722402019757018e-05,-1.911183723941234,0.0,1,Normal,0.14702500696994897
NM,1995,81893,100773,203888,195058,50.114,8.616412000460789e-05,-1.450260094549027,-2.647784447423118,1,Normal,0.14691543872707563
NM,1996,90246,107285,220336,186613,52.492,8.683841787721327e-05,3.931837602796362,4.74518098734884,1,Normal,0.14747552879615744
NM,1997,96001,107315,206622,233533,55.815,8.674037098739339e-05,6.450679014490168,6.330488455383687,1,Normal,0.13901628905347052
NM,1998,96269,111207,196963,230985,55.386,8.716370932840225e-05,-1.250559464902901,-0.7686105885514549,1,Normal,0.1499130623758787
NM,1999,98499,114559,195359,230756,56.269,8.803420675498926e-05,0.5896840697171113,1.594265698913078,1,Normal,0.15053605617377835
NM,2000,100927,123014,211594,226271,58.298,8.808912568165644e-05,3.541300307272532,3.605893120545955,1,Normal,0.1461375107329736
NM,2001,103384,124443,203002,229944,58.455,8.846443716005775e-05,-0.1560878020329226,0.2693059796219366,1,Normal,0.1517484541797367
NM,2002,104043,128862,200200,225558,55.5,8.426160267086508e-05,-0.3194738291760868,-5.055170644085194,1,Normal,0.14398270206258051
NM,2003,103430,122236,215606,218337,57.956,8.786404087263687e-05,0.1437761040167684,4.425225225225238,1,Normal,0.14635508368125083
NM,2004,107616,123318,225616,225743,58.975,8.643647230735182e-05,3.438850229681178,1.758230381668846,1,Normal,0.15203002872875454
NM,2005,115423,124392,222595,219213,59.531,8.733713504385855e-05,-0.09819828138351028,0.9427723611699745,1,Normal,0.15447539518156833
NM,2006,111925,122242,225490,227066,60.429,8.799630709370022e-05,0.7480674801173093,1.508457778300376,1,Normal,0.15414630663575535
NM,2007,117901,124803,248401,217882,58.827,8.29731955971046e-05,3.24236008166332,-2.651045028049448,1,Normal,0.14797225381614187
NM,2008,117676,123574,227007,201680,56.822,8.48169305472007e-05,-5.507991672637614,-3.408298910364282,1,Normal,0.12905477602523918
NM,2009,113248,117832,208976,197832,57.723,9.053551514885355e-05,-4.830902010189019,1.585653444088542,1,Normal,0.12265020579155667
NM,2010,117620,120096,211319,195789,53.904,8.361707771467752e-05,1.110461076613967,-6.616080245309486,1,Normal,0.13781281654564348
NM,2011,117637,122811,219590,201356,56.215,8.499215317486476e-05,2.60000341268869,4.287251409913928,1,Normal,0.15225991651712872
NM,2012,112180,121168,222006,201841,54.14,8.238041981451472e-05,-0.6378758236142534,-3.691185626612115,1,Normal,0.14963159387302755
NM,2013,119297,121617,217023,202940,53.705,8.126310756296926e-05,0.560412054260917,-0.8034724787587821,1,Normal,0.16062111060250783
NM,2014,112441,120270,225482,209278,50.536,7.57126526845361e-05,0.9976122673171162,-5.900754119728136,1,Normal,0.15179924953841978
NM,2015,113570,119887,221806,212151,50.53,7.571012894545215e-05,-0.00853969685574718,-0.0118727243944905,1,Normal,0.1661425569324208
NM,2016,111538,115976,217433,207923,48.692,7.458146338474734e-05,-2.179157164818235,-3.637443103107063,1,Normal,0.1571253227868299
NM,2017,104114,111929,220053,221771,49.459,7.518084962462018e-05,0.7653897406834531,1.575207426271263,1,Normal,0.1681844190306217
NM,2018,109825,109591,219529,229088,45.681,6.838135241821886e-05,1.545297149727842,-7.638650195111119,1,Normal,0.1542458692730158
NM,2019,121842,116027,231157,233100,48.807,6.951306530015226e-05,5.103640089636285,6.843107637748758,1,Normal,0.1633822146949998
NM,2020,109372,102464,224879,218398,45.095,6.883534774100385e-05,-6.695797199082221,-7.605466428995844,1,Normal,0.12986693021514323
NM,2021,103050,101271,238004,238292,45.88,6.740962217994021e-05,3.892604951199341,1.740769486639326,1,Normal,0.17174610949850144
NM,2022,104048,101724,247312,230728,46.622,6.817955812416278e-05,0.4697222365066978,1.617262423714028,1,Normal,0.1732252713933135
NM,2023,100369,99375,249638,228625,42.116,6.21173527706941e-05,-0.8489175387387138,-9.664965037964912,1,Normal,0.14189749985074335
NV,1962,15032,11505,29513,52523,5.899,5.433210835106334e-05,7.79151154132538,9.93291092061126,1,Normal,0.1094278069246159
NV,1963,19350,13585,30543,55192,6.127,5.16305721749389e-05,9.299733819642086,3.865061874894038,1,Normal,0.11193952156587789
NV,1964,24067,16110,28828,59623,6.734,5.235252044655907e-05,8.391337321985336,9.906969152929657,1,Normal,0.11383350046689139
NV,1965,22373,17808,28989,55891,7.076,5.65803887702801e-05,-2.773113163541374,5.07870507870507,1,Normal,0.128792204099468
NV,1966,24948,21274,36478,56519,7.675,5.512936545561637e-05,11.32007580300813,8.46523459581685,1,Normal,0.09983316229474187
NV,1967,25210,24474,33871,60568,7.864,5.456488253007868e-05,3.522533005789485,2.462540716612382,1,Normal,0.15214841551861374
NV,1968,26631,27078,33173,70357,9.21,5.857362724023455e-05,9.100623083221148,17.11597151576807,1,Normal,0.08192489374746709
NV,1969,30099,30267,36759,72607,9.969,5.873376852921075e-05,7.945916381536278,8.241042345276849,1,Normal,0.1373201714814184
NV,1970,34330,34942,40544,73099,10.772,5.889041964617639e-05,7.767539415077884,8.054970408265639,1,Normal,0.14342659973023641
NV,1971,38060,38136,42475,75199,13.793,7.114561303966575e-05,5.988541188305008,28.04493130337913,1,Normal,0.07285576349171508
NV,1972,40549,42425,45334,81261,18.921,9.028529982965037e-05,8.097694331252892,37.17827883709128,1,Normal,0.03938184893226826
NV,1973,43219,44509,48959,88446,20.102,8.928944224080877e-05,7.42667092938365,6.2417419798108,1,Normal,0.12574561842530452
NV,1974,43114,45639,47934,87395,20.4,9.103810212332984e-05,-0.4668351596611831,1.48243955825289,1,Normal,0.13155432190954436
NV,1975,44748,47825,44079,92134,20.951,9.157505955372949e-05,2.098785266107939,2.700980392156871,1,Normal,0.13479038057947157
NV,1976,44578,48349,52484,96458,22.239,9.19468470405345e-05,5.718469305242913,6.147677915135308,1,Normal,0.12993353282112557
NV,1977,47571,47885,52391,102370,23.729,9.48336843619738e-05,3.451882845188292,6.69994154413418,1,Normal,0.12615294591358145
NV,1978,52729,53321,54179,113267,22.538,8.240705531342323e-05,9.303524540698671,-5.019174849340469,1,Normal,0.10578853245757142
NV,1979,57233,43752,72128,113529,23.442,8.17811703059206e-05,4.80701728727293,4.011003638299759,1,Normal,0.14837134670872704
NV,1980,58458,32822,74059,116207,22.343,7.935825762042438e-05,-1.778170058225736,-4.688166538691241,1,Normal,0.1431735545891613
NV,1981,56995,33689,71559,114936,23.864,8.609567789883831e-05,-1.550723505217622,6.807501230810553,1,Normal,0.12974490636766917
NV,1982,62701,30632,72547,113046,25.347,9.087356503158544e-05,0.6299155783245469,6.214381495139132,1,Normal,0.12701356935336716
NV,1983,57181,36365,79948,115444,25.198,8.720932244745395e-05,3.589123997045807,-0.5878407701108701,1,Normal,0.14000608037488083
NV,1984,61602,50036,67787,110017,26.473,9.146219277091783e-05,0.1747785849510519,5.05992539090403,1,Normal,0.13350056340010874
NV,1985,64474,51729,65320,111173,23.459,8.014800338918195e-05,1.124232143227322,-11.38518490537529,1,Normal,0.1129765744101035
NV,1986,62143,51640,63646,115443,27.107,9.255579229151302e-05,0.06013064749774699,15.55053497591543,1,Normal,0.08435770224378358
NV,1987,66037,56884,71357,126816,27.487,8.560421558795866e-05,9.63629162227868,1.401851920168218,1,Normal,0.11438250769569447
NV,1988,72472,60450,80619,131203,31.412,9.111662243107223e-05,7.365755822282583,14.27947757121548,1,Normal,0.08704806961078793
NV,1989,78392,65267,101114,132861,31.409,8.317312530121757e-05,9.540094852717228,-0.009550490258503075,1,Normal,0.11527438014103003
NV,1990,85004,69536,107315,132736,30.747,7.792099180926121e-05,4.490591419204848,-2.107676143780446,1,Normal,0.15061877532663487
NV,1991,87862,71142,104810,138198,32.696,8.13309055451081e-05,1.880423323331448,6.338829804533774,1,Normal,0.15082650511361884
NV,1992,89876,72862,113939,141152,33.715,8.069109777228909e-05,3.934210919077041,3.116589185221441,1,Normal,0.15723533760588426
NV,1993,94627,78494,120008,146016,34.073,7.758958337128596e-05,5.101620762610448,1.061841910129013,1,Normal,0.1570653277804483
NV,1994,104567,86090,133635,154154,36.283,7.583509946786054e-05,8.949683930555818,6.486074017550547,1,Normal,0.13557418779398817
NV,1995,99610,85713,145032,161155,35.482,7.21896356337905e-05,2.730715692053032,-2.207645453793794,1,Normal,0.16597980940620494
NV,1996,113145,94872,149263,178132,38.21,7.136546927325261e-05,8.93204831631438,7.688405388647768,1,Normal,0.1369502581090416
NV,1997,115765,93549,150237,177800,38.157,7.100931977549166e-05,0.3621503400178971,-0.1387071447265242,1,Normal,0.17051217779820876
NV,1998,120013,94907,156208,183785,40.82,7.356121330949772e-05,3.267876550194293,6.979060198652953,1,Normal,0.16017777127117822
NV,1999,124473,100550,156935,196380,41.422,7.162247682151268e-05,4.221570266997299,1.474767270945598,1,Normal,0.16856275389985714
NV,2000,135162,104468,158904,204781,45.605,7.559069474486793e-05,4.318754776618516,10.09849838250205,1,Normal,0.1477620222104689
NV,2001,139134,103284,161983,205057,44.767,7.345379008889866e-05,1.018207735594179,-1.837517816028933,1,Normal,0.1688346708043157
NV,2002,135257,107740,152013,208479,41.675,6.905653936844128e-05,-0.9790666461019448,-6.906873366542332,1,Normal,0.15743851603282266
NV,2003,145314,111617,161699,214561,43.972,6.94450805523136e-05,4.921365853011883,5.511697660467907,1,Normal,0.16919711092372425
NV,2004,150471,114455,174724,228031,48.099,7.203889282456741e-05,5.447013618323693,9.385518056945319,1,Normal,0.15357871677380003
NV,2005,151706,115738,182235,237970,50.188,7.298480331564022e-05,2.990799498562935,4.343125636707645,1,Normal,0.16838955410833373
NV,2006,159316,119850,187531,253153,41.684,5.790650830034035e-05,4.682614702246779,-16.94428947158684,1,Normal,0.09641063310403003
NV,2007,157732,118028,177518,255864,41.831,5.898810254067234e-05,-1.487393206918108,0.3526532962287776,1,Normal,0.17577879732403162
NV,2008,153425,116450,173187,231262,40.946,6.072155225084677e-05,-4.910011097902678,-2.115655853314535,1,Normal,0.1575100362325158
NV,2009,145380,108445,160791,210191,39.496,6.321392959975929e-05,-7.344392309928161,-3.541249450495765,1,Normal,0.1422320069509162
NV,2010,144638,109770,162089,253508,41.415,6.18134328358209e-05,7.234486610894053,4.858719870366612,1,Normal,0.16332056413705076
NV,2011,143868,110952,152384,249173,37.935,5.779452966816327e-05,-2.033283582089551,-8.402752625860188,1,Normal,0.15067641512359625
NV,2012,140774,108529,153231,248723,37.955,5.827960390444939e-05,-0.7800395199709875,0.05272176090680425,1,Normal,0.17295870136385127
NV,2013,145857,110744,155129,253652,39.768,5.976717133917059e-05,2.168882637729808,4.776709260966938,1,Normal,0.17041863389605288
NV,2014,137215,109451,167286,253813,40.583,6.077437421847506e-05,0.3581401360421621,2.049386441359879,1,Normal,0.17441421814877672
NV,2015,136667,112433,147847,257339,38.507,5.88535577003905e-05,-2.018674234199158,-5.115442426631844,1,Normal,0.1599148655000262
NV,2016,139796,114346,154484,268336,39.963,5.903294281354465e-05,3.465767975729239,3.781130703508451,1,Normal,0.16918722129161734
NV,2017,143327,124267,153544,278259,40.195,5.747093567744786e-05,3.314223419074369,0.5805369967219587,1,Normal,0.17032693407748717
NV,2018,148961,132742,154265,278870,41.373,5.787744915631234e-05,2.207758969512308,2.93071277522079,1,Normal,0.17285431498870685
NV,2019,150980,131110,153983,278993,41.754,5.839181278371506e-05,0.03189533852425708,0.920890435791466,1,Normal,0.17392481224216927
NV,2020,158230,122056,136631,226809,36.212,5.625374771253608e-05,-9.976701451334558,-13.27297983426736,1,Normal,0.06623399514023814
NV,2021,156675,128629,142170,260174,39.466,5.739273581832566e-05,6.823089326825382,8.985971501159828,1,Normal,0.154637254319142
NV,2022,157641,129937,142697,276403,40.465,5.72608741180566e-05,2.767404253338923,2.531292758323622,1,Normal,0.17391761967969732
NV,2023,153198,127543,138398,267273,39.129,5.700512228807188e-05,-2.867784195913836,-3.301618682812324,1,Normal,0.1617214973958787
NY,1962,800332,545294,990852,814306,218.611,6.93830487903963e-05,4.443789577247137,2.664637897594124,1,Normal,0.08044790728498868
NY,1963,814905,615386,957098,834563,223.649,6.941413155751545e-05,2.258739412159017,2.304550091257984,1,Normal,0.08594427611356142
NY,1964,821647,606034,1010412,856273,232.032,7.043297557102035e-05,2.247519516119412,3.748284141668412,1,Normal,0.0782563743042653
NY,1965,873885,699719,1113275,881479,251.199,7.039622414672963e-05,8.317017599137433,8.260498551923877,1,Normal,0.024350133642803917
NY,1966,910867,767525,1166011,927999,261.651,6.935923866034462e-05,5.718146632667853,4.160844589349488,1,Normal,0.04511272138177147
NY,1967,921984,822987,1124290,979823,269.41,6.999329450676954e-05,2.032656638222385,2.965400476206859,1,Normal,0.05756747068256213
NY,1968,963656,840352,1131173,1014732,274.096,6.939293837432327e-05,2.61955899625963,1.739356371329936,1,Normal,0.05488192068542164
NY,1969,995658,857440,1160217,1072914,280.393,6.861901278660594e-05,3.451140177300149,2.297370264432885,1,Normal,0.04221122937514743
NY,1970,1041322,893663,1159439,1096026,284.865,6.797958882210474e-05,2.550517849097544,1.594904295043031,1,Normal,0.03456443864796532
NY,1971,1052958,890676,1056686,1133043,277.0,6.70156480328488e-05,-1.362288384848498,-2.760956944517579,1,Normal,0.025829114874643344
NY,1972,1089941,908852,1026253,1130470,275.568,6.631380226036965e-05,0.5359316372648637,-0.516967509025279,1,Normal,0.029412975438328326
NY,1973,1084372,932069,1106697,1182571,281.422,6.536016931930639e-05,3.614377519994516,2.124339545956011,1,Normal,0.02259289369611861
NY,1974,1035335,862653,1040940,1066921,259.637,6.481449121384536e-05,-6.964308565995259,-7.741043699497563,-1,Anomaly,-0.011896046243107583
NY,1975,1013220,831046,915643,1047313,244.94,6.433565698856384e-05,-4.95845074501079,-5.660595369689226,1,Normal,0.01737717169817854
NY,1976,1081036,899389,1030098,1106424,263.176,6.392502407122946e-05,8.135279810465379,7.445088593124849,-1,Anomaly,-0.008017969111508316
NY,1977,1075650,907949,1034745,1093209,260.087,6.325765222361397e-05,-0.1311165455575303,-1.173739246739824,1,Normal,0.040223872787597204
NY,1978,1084186,908618,999439,1100762,254.627,6.221025275549248e-05,-0.4509977988836344,-2.099297542745304,1,Normal,0.035850593785564544
NY,1979,960325,813084,1010730,1087004,233.217,6.024499740774237e-05,-5.420562437347409,-8.408377744701067,1,Normal,0.013510929648720138
NY,1980,985435,858375,893734,1025285,221.579,5.888629509507212e-05,-2.798010820060126,-4.990202257982912,1,Normal,0.048191158599499406
NY,1981,977959,799575,840611,959685,205.522,5.744316669983386e-05,-4.916408616072809,-7.246625357096126,1,Normal,0.03588919905039889
NY,1982,953448,834370,767119,860423,195.409,5.721470894894627e-05,-4.540990186235683,-4.920641099249712,1,Normal,0.04955856364721889
NY,1983,949405,791364,702159,786603,177.919,5.509126399738415e-05,-5.441032183109085,-8.950457757830998,1,Normal,0.025566418387657053
NY,1984,984561,875414,706873,722037,182.92,5.561766715325537e-05,1.837758535911704,2.810829647198987,1,Normal,0.0692775115882826
NY,1985,973488,884412,706614,843105,187.798,5.511115962979462e-05,3.610313896845829,2.666739558276854,1,Normal,0.06714505942875332
NY,1986,1003575,942291,644813,859382,190.625,5.525264625755893e-05,1.245413957299246,1.50534084495042,1,Normal,0.06494439292410525
NY,1987,1039041,946020,675416,907929,201.548,5.648124120405582e-05,3.430229204643043,5.730098360655744,1,Normal,0.040997808953251225
NY,1988,1098964,996436,705836,867379,208.878,5.693650434101389e-05,2.808172612645543,3.636850775001488,1,Normal,0.038996914924318116
NY,1989,1093732,1016106,689736,873244,213.794,5.820979966881016e-05,0.1146209752841187,2.353526939170236,1,Normal,0.04109491400540166
NY,1990,986030,988888,668231,924917,207.317,5.810344929061029e-05,-2.852060733747219,-3.029551811556919,1,Normal,0.04520824223070219
NY,1991,978147,980317,650749,899701,199.53,5.686374758686021e-05,-1.657844429490818,-3.756083678617772,1,Normal,0.046707519544624265
NY,1992,1033195,997367,680913,877100,199.001,5.545401422346518e-05,2.270303575408228,-0.265123039141979,1,Normal,0.05315484006759519
NY,1993,1039369,1005695,668848,891037,193.592,5.37017007998167e-05,0.4562811387355037,-2.718076793583946,1,Normal,0.04760479224932268
NY,1994,1021470,996166,660506,879781,191.651,5.386600770506147e-05,-1.304594708776896,-1.002624075375014,1,Normal,0.04975375888097733
NY,1995,1007021,1032043,663371,907434,197.351,5.466983575585824e-05,1.460094251671129,2.974156148415608,1,Normal,0.047842367678042064
NY,1996,1051887,1050420,684473,948753,199.841,5.349730453530874e-05,3.481122588902097,1.261711367056662,1,Normal,0.039767647300533504
NY,1997,1053808,1127938,670330,947881,204.163,5.372772737368538e-05,1.724572711692618,2.162719361892695,1,Normal,0.034576606384992936
NY,1998,1002771,1131576,648530,955660,203.011,5.430231590840578e-05,-1.61641345320841,-0.5642550315189454,1,Normal,0.03677032381478651
NY,1999,1096872,1230907,595512,963720,205.636,5.290333402452371e-05,3.971638073008843,1.293033382427544,1,Normal,0.010630993276647516
NY,2000,1163405,1256937,577750,967958,212.09,5.347634033130672e-05,2.03341176543228,3.138555505845275,1,Normal,0.001255879604685095
NY,2001,1121512,1233544,539572,965181,207.82,5.384208429128303e-05,-2.678910241491983,-2.013296242161355,1,Normal,0.002691353924826445
NY,2002,1106582,1250636,510231,986922,201.995,5.240672151001512e-05,-0.1407842777590429,-2.802906361274171,1,Normal,0.004715469873409428
NY,2003,1182056,1280691,474234,1055750,212.921,5.332722555968027e-05,3.589534170547104,5.409044778336081,-1,Anomaly,-0.01867565853976183
NY,2004,1175085,1338500,481199,1099622,215.142,5.254533806727079e-05,2.546656094107136,1.04310988582621,-1,Anomaly,-0.013077874197972128
NY,2005,1202268,1235490,474865,1064648,211.225,5.310800971117892e-05,-2.860853842815336,-1.82065798402915,-1,Anomaly,-0.010517458886595388
NY,2006,1048335,1144291,408271,1086815,193.629,5.250651216444659e-05,-7.280316759829352,-8.330453308083797,-1,Anomaly,-0.026300583109763798
NY,2007,1123968,1138328,438968,1084612,199.772,5.276777787727051e-05,2.661730275178598,3.172561961276466,1,Normal,0.013409183577764439
NY,2008,1089292,1140061,379795,1082585,189.97,5.145816183547203e-05,-2.486455560688672,-4.906593516608925,1,Normal,0.0017323496155726703
NY,2009,1011210,1094737,339506,1059090,173.874,4.962232590846836e-05,-5.086765389842229,-8.472916776333106,-1,Anomaly,-0.01232068514003104
NY,2010,1025101,1115120,342765,1208518,184.97,5.01112650513954e-05,5.343659593024674,6.381632676535887,-1,Anomaly,-0.005920522725807786
NY,2011,999247,1076997,345103,1136669,175.167,4.923116616372278e-05,-3.606835309843504,-5.299778342433903,-1,Anomaly,-6.245371723112569e-06
NY,2012,957700,1006951,338765,1109575,167.744,4.914869366742944e-05,-4.07697922261373,-4.237670337449407,1,Normal,0.016331128706458364
NY,2013,1006774,1040145,374484,1122577,168.678,4.759566791893178e-05,3.837925103794615,0.5568008393742829,1,Normal,0.021305834273927515
NY,2014,1056236,1038907,372313,1184937,175.796,4.813169218233729e-05,3.059217636226852,4.219874553883729,1,Normal,0.007530827449113375
NY,2015,1073188,1046720,376219,1160064,173.78,4.753028763509605e-05,0.1040139130587203,-1.146783772099469,1,Normal,0.010243866269670554
NY,2016,987089,1019447,368562,1203985,169.387,4.732691381370206e-05,-2.10905052930711,-2.527908850270455,1,Normal,0.010492421302683574
NY,2017,979455,1005105,361833,1213471,165.115,4.638240291831455e-05,-0.5370368507696344,-2.522035339193673,1,Normal,0.016423743483163222
NY,2018,1098561,1043560,367397,1223999,174.168,4.664872333911952e-05,4.880637260478848,5.482845289646598,-1,Anomaly,-0.009411928778944256
NY,2019,1063470,1012879,360512,1194077,168.234,4.633348187162656e-05,-2.749860925373238,-3.407055256993241,1,Normal,0.0034025029799655826
NY,2020,990167,911195,333450,905783,142.643,4.541911498270709e-05,-13.50460955268308,-15.2115505783611,-1,Anomaly,-0.06847415280663449
NY,2021,1020595,937599,343536,1043294,157.66,4.713272438865873e-05,6.509214498913263,10.52768099380972,-1,Anomaly,-0.006160077332840963
NY,2022,1027519,970337,333816,1126921,166.232,4.806346162631405e-05,3.395254201616615,5.437016364328295,1,Normal,0.016854415003847656
NY,2023,980866,966484,328634,1153332,164.145,4.786527214051328e-05,-0.8466157056884915,-1.255474276914181,1,Normal,0.02527140133168637
OH,1962,647127,265523,1527238,501737,210.652,7.161075935919771e-05,4.709092662986314,5.35866118496735,1,Normal,0.07718222574424893
OH,1963,659856,269868,1581492,512660,215.39,7.122979620520027e-05,2.796073598776183,2.249207223287697,1,Normal,0.08426441515168936
OH,1964,658820,270631,1661258,532666,221.995,7.107535918677713e-05,3.290479930552692,3.066530479595153,1,Normal,0.0806380404951968
OH,1965,693690,286793,1745816,547041,233.738,7.140657554668931e-05,4.801376715892269,5.28975877835085,1,Normal,0.06075486790068313
OH,1966,738751,305722,1828256,576454,247.753,7.182949464539708e-05,5.371944252659366,5.996029742703368,1,Normal,0.05057621385770844
OH,1967,755333,324092,1772942,589544,248.251,7.212589979058151e-05,-0.2107746126472909,0.2010066477499795,1,Normal,0.06573009142642727
OH,1968,775570,347229,1860020,627031,260.204,7.208166544316246e-05,4.879206673500081,4.814884935005304,1,Normal,0.04469105331298073
OH,1969,806145,377777,1908695,652827,272.008,7.262371901000762e-05,3.756194855741923,4.536440638883321,1,Normal,0.04533326072788141
OH,1970,827322,403669,1920065,673772,275.489,7.202650681285537e-05,2.119508960622274,1.279741772300813,1,Normal,0.05577519520991875
OH,1971,834070,419337,1812724,690765,270.054,7.188221340170183e-05,-1.776079865552127,-1.972855540511598,1,Normal,0.04729701811530973
OH,1972,872790,455006,1935222,745062,285.225,7.116243072749972e-05,6.686051463761578,5.617765335821745,1,Normal,0.029859061702675382
OH,1973,854330,462216,2005831,775848,291.863,7.121687714787952e-05,2.249054660531069,2.327285476378282,1,Normal,0.04715864348890281
OH,1974,857469,466285,1988567,752257,291.96,7.183026446507906e-05,-0.8209889737711085,0.03323477110834805,1,Normal,0.043682117988173896
OH,1975,847323,430357,1814064,762026,284.454,7.381193517926746e-05,-5.186634197563245,-2.570900123304554,1,Normal,0.021390692769504227
OH,1976,896881,457992,1933290,799373,296.746,7.259769934973113e-05,6.066090658828105,4.321261082635486,1,Normal,0.025061464056206795
OH,1977,893650,448889,1942813,815803,293.715,7.161759474216665e-05,0.3331343546485233,-1.021412251555209,1,Normal,0.043526941120776375
OH,1978,916928,469464,1934957,837738,294.618,7.083711320574615e-05,1.412625754146934,0.3074408865737288,1,Normal,0.046014022576700564
OH,1979,828594,443250,2059412,814919,293.226,7.072201693270692e-05,-0.3105005396611848,-0.4724762234486701,1,Normal,0.040868784582267836
OH,1980,835645,446827,1775780,787355,270.975,7.046348185683985e-05,-7.249280481754639,-7.588344826175019,-1,Anomaly,-0.0031951133373413487
OH,1981,803472,464107,1717913,763779,264.403,7.052117598327782e-05,-2.505142878540179,-2.425315988559829,1,Normal,0.04922002259746233
OH,1982,787142,460557,1415886,735829,243.089,7.150904743638319e-05,-9.33128066762845,-8.06117933608923,1,Normal,0.0013918647399532302
OH,1983,751369,462720,1372701,737986,231.888,6.974540856562453e-05,-2.195612422839688,-4.607777398401403,1,Normal,0.06437612973053058
OH,1984,783095,497005,1493671,749567,239.978,6.811095951879737e-05,5.972158141084916,3.488753191195748,1,Normal,0.06703020365760881
OH,1985,781434,484512,1488716,758239,240.295,6.840359816675681e-05,-0.2962814534735347,0.1320954420821918,1,Normal,0.08061711498810264
OH,1986,797525,502710,1394750,785393,245.553,7.055350277843224e-05,-0.9257308776224771,2.188143739986281,1,Normal,0.07353665807638105
OH,1987,817298,523709,1459049,811168,248.006,6.867638063184618e-05,3.759560737620604,0.998969672535055,1,Normal,0.07422822385641192
OH,1988,871151,559934,1510618,818474,257.983,6.860921551627848e-05,4.12471993591097,4.022886543067505,1,Normal,0.06910843427054908
OH,1989,890792,573136,1557687,824496,258.274,6.71519356940538e-05,2.285369317426289,0.1127981301093373,1,Normal,0.0788077463073622
OH,1990,830504,580503,1593638,803347,247.399,6.496837833912948e-05,-0.9912082689176649,-4.210644509319561,1,Normal,0.06394049341005925
OH,1991,880690,606751,1525282,794154,245.714,6.454482076370271e-05,-0.02933305252034168,-0.6810860189410683,1,Normal,0.08095203325970712
OH,1992,877714,607072,1581510,787552,250.28,6.494291676418829e-05,1.233873251386841,1.858257974718569,1,Normal,0.07650338865161999
OH,1993,914095,628752,1538819,823219,253.944,6.503242222622291e-05,1.324313426120294,1.46396036439187,1,Normal,0.0794402341660776
OH,1994,896329,637403,1638983,838456,250.255,6.238948058336053e-05,2.721976561141526,-1.452682481176948,1,Normal,0.07495768626428057
OH,1995,936977,665784,1635857,852975,252.709,6.176292533208916e-05,2.004999535048735,0.98059978821603,1,Normal,0.07788034789790532
OH,1996,960119,683841,1636396,884383,265.569,6.3765999486643e-05,1.787712719507817,5.088857143987746,1,Normal,0.05934456486560802
OH,1997,918759,683068,1629742,914027,261.338,6.303994071778376e-05,-0.4597882750508209,-1.593182939273785,1,Normal,0.07111533203833575
OH,1998,864613,666273,1603687,930740,260.655,6.411686584372019e-05,-1.936586168351262,-0.2613473738989569,1,Normal,0.061025982779264076
OH,1999,927587,691039,1641694,958094,259.828,6.159376486044281e-05,3.766083332861858,-0.3172776275153,1,Normal,0.0648674399899371
OH,2000,945913,720882,1607933,984879,266.771,6.262807813021249e-05,0.9765044398202694,2.672152346937229,1,Normal,0.0646401326524711
OH,2001,900901,687127,1433659,977977,256.939,6.424017829506593e-05,-6.102558287654237,-3.685558025422553,1,Normal,0.04093296957336523
OH,2002,950940,685145,1318380,984683,262.664,6.668035828024871e-05,-1.512902840290009,2.228155320912739,1,Normal,0.06323201335738965
OH,2003,969963,708894,1335929,992395,270.615,6.753254596313267e-05,1.726971116364928,3.027061188438473,1,Normal,0.0636485835440882
OH,2004,964465,721861,1339089,1014172,265.823,6.580443416177528e-05,0.8088483194786056,-1.77078136836466,1,Normal,0.0652558111666865
OH,2005,1001778,725735,1329632,1012397,271.959,6.682792973458186e-05,0.7414116924213454,2.308302893278613,1,Normal,0.060344189022388084
OH,2006,906816,686693,1297144,1020964,265.311,6.782640840695589e-05,-3.880609631405607,-2.444486117392708,1,Normal,0.04757793160736512
OH,2007,965166,719116,1325322,1028108,271.242,6.717720370635923e-05,3.22349984073087,2.235489670613,1,Normal,0.06319282547299682
OH,2008,962625,719684,1322123,982904,264.727,6.639199685604387e-05,-1.247638202753099,-2.401914157836926,1,Normal,0.061230938620771724
OH,2009,926273,694530,1108424,923372,239.483,6.558005085758508e-05,-8.415825816404098,-9.535861472384743,1,Normal,0.0006520247775324561
OH,2010,950625,704321,1224247,895807,247.187,6.548782384332539e-05,3.362291012074703,3.216929802950519,1,Normal,0.0718377012080419
OH,2011,930135,703092,1212001,883850,234.951,6.300418890932557e-05,-1.203216596207923,-4.950098508416712,1,Normal,0.06648452240123742
OH,2012,850834,664809,1207976,856705,214.773,5.998701235223059e-05,-3.990418148132557,-8.588173704304303,1,Normal,0.04180467007144406
OH,2013,902420,685380,1197794,871745,227.65,6.224472553534839e-05,2.1510058444415,5.995632598138512,1,Normal,0.07577001573274206
OH,2014,939193,702785,1227674,892100,229.407,6.098406780030481e-05,2.854945318152158,0.7717988139688048,1,Normal,0.08264029235108689
OH,2015,877536,693573,1194932,893339,210.584,5.754640748958088e-05,-2.721497131789352,-8.205067848845072,1,Normal,0.05160756033063907
OH,2016,852228,682716,1186893,889167,204.515,5.663661869015339e-05,-1.321919004245808,-2.881985336017934,1,Normal,0.08549003524798776
OH,2017,818547,662838,1178161,897238,204.281,5.743415544258215e-05,-1.501438796921517,-0.1144170354252627,1,Normal,0.08788819981522789
OH,2018,901435,684976,1208423,902719,208.249,5.632071562945903e-05,3.957786608471814,1.942422447511016,1,Normal,0.08424615742565283
OH,2019,855385,659377,1166939,888579,195.646,5.479853389567983e-05,-3.442219671588476,-6.05188980499306,1,Normal,0.06140352632811524
OH,2020,830876,615146,1086843,813222,184.865,5.524806565274694e-05,-6.279286935079009,-5.510462774603098,1,Normal,0.05959639818822238
OH,2021,835957,636260,1145039,875005,193.554,5.542369255906131e-05,4.368412086943274,4.700186622670599,1,Normal,0.0836272088389381
OH,2022,855782,652722,1135214,872840,196.405,5.585155240044658e-05,0.695623837966286,1.472973950422096,1,Normal,0.09388807842180946
OH,2023,764016,621023,1127397,877644,184.825,5.45193623749292e-05,-3.596532287005971,-5.895980244902121,1,Normal,0.06689378246175598
OK,1962,120825,54007,339781,164839,39.561,5.822486356652125e-05,18.85430004827977,17.81119714115547,1,Normal,0.034171484492525606
OK,1963,126776,59861,395211,173978,44.059,5.829243993665217e-05,11.24067630973196,11.36978337251333,1,Normal,0.0970640284128067
OK,1964,132469,63743,415388,177495,45.706,5.792212334652146e-05,4.401404024995137,3.738169273020286,1,Normal,0.16167482786134485
OK,1965,132868,66292,378559,181452,43.865,5.778005511267539e-05,-3.791943672110043,-4.027917560057759,1,Normal,0.1522128335555618
OK,1966,139692,69932,328186,191749,43.082,5.905211230346004e-05,-3.900697075234594,-1.785022227288269,1,Normal,0.15694505051265745
OK,1967,140549,80565,326121,199061,44.469,5.958627675881956e-05,2.294125629318544,3.219441994336392,1,Normal,0.17492600616542453
OK,1968,157692,89251,363373,215738,48.649,5.889324426732393e-05,10.68718042170935,9.399806606849715,1,Normal,0.1211231501211753
OK,1969,169968,91949,382637,221482,51.662,5.965334044619341e-05,4.840240468540791,6.193344159181069,1,Normal,0.17012478109667495
OK,1970,184409,99833,392536,241452,55.491,6.043257136011674e-05,6.02664782220621,7.411637180132402,1,Normal,0.16412606263444673
OK,1971,185362,101064,409083,247329,56.338,5.975363742233554e-05,2.67993857748059,1.526373646176871,1,Normal,0.17709117499589921
OK,1972,202602,111223,418397,262416,59.205,5.952416859199025e-05,5.494050939822115,5.088927544463773,1,Normal,0.17044345387521653
OK,1973,202255,111286,413778,272534,59.648,5.965688887644259e-05,0.524110279317691,0.7482476142217864,1,Normal,0.178595477492844
OK,1974,207012,113444,445698,269250,61.846,5.973127397614844e-05,3.555829818642975,3.684951716738194,1,Normal,0.1727546069753274
OK,1975,203776,122103,437428,278451,62.377,5.987661253706472e-05,0.6137700839479177,0.8585842253339138,1,Normal,0.17676237612343043
OK,1976,208637,129786,499788,298112,68.954,6.068163657548375e-05,9.077435376128262,10.54395049457331,1,Normal,0.12532169676172727
OK,1977,228956,142390,519357,312494,72.162,5.997516618212464e-05,5.885117272890472,4.652376946950154,1,Normal,0.168564151553166
OK,1978,235511,143864,538456,320848,76.966,6.213564956804719e-05,2.948724981258288,6.657243424517034,1,Normal,0.16451125115253862
OK,1979,219519,146965,609659,318780,79.874,6.168247971692503e-05,4.540731764616601,3.778291713224013,1,Normal,0.16832744127965132
OK,1980,217984,148885,509474,308459,76.951,6.494845969913934e-05,-8.504064337465888,-3.659513734131259,1,Normal,0.12371649535709378
OK,1981,222957,160153,505686,330085,80.0,6.56339169829401e-05,2.876516815904107,3.962261699003267,1,Normal,0.1720388420395511
OK,1982,241774,170548,517087,350617,84.707,6.617594785110001e-05,5.016482317402349,5.883749999999988,1,Normal,0.16158134204481184
OK,1983,246881,174862,508745,345022,85.252,6.683763109472375e-05,-0.3529613047224767,0.643394288547583,1,Normal,0.17114130157445245
OK,1984,240188,168346,531909,345747,87.115,6.773094530210109e-05,0.8375479906453043,2.185285975695583,1,Normal,0.1691166100082485
OK,1985,240567,170481,513652,340783,83.934,6.632571620931787e-05,-1.610179506636644,-3.651495150088957,1,Normal,0.161490833396925
OK,1986,220524,160679,465499,324441,77.697,6.634299371296881e-05,-7.454946020567654,-7.430838515976834,1,Normal,0.12139572246304758
OK,1987,221603,157775,519573,331045,82.428,6.701490656466083e-05,5.025355614738114,6.089038186802576,1,Normal,0.1639155267218969
OK,1988,236273,182335,512297,337054,85.699,6.758814756628567e-05,3.086516611856149,3.968311738729557,1,Normal,0.16695497618371752
OK,1989,234192,172871,533623,356262,87.175,6.721554543092354e-05,2.286193796487113,1.722307144774149,1,Normal,0.17073772590757202
OK,1990,263316,195090,575368,340214,87.98,6.403258252619383e-05,5.940181055972227,0.9234298824204235,1,Normal,0.15935525081431412
OK,1991,247707,184656,528838,348184,89.208,6.812959041139097e-05,-4.701715007700214,1.395771766310516,1,Normal,0.15008844930936577
OK,1992,229497,173906,540105,374952,92.232,6.995434067017581e-05,0.6929196639343438,3.389830508474567,1,Normal,0.165947066265335
OK,1993,260579,182888,564509,363564,95.175,6.939279933505403e-05,4.025909015063034,3.190866510538637,1,Normal,0.1637709933665209
OK,1994,258134,185966,566062,376090,93.431,6.739837691614067e-05,1.072517024658404,-1.83241397425794,1,Normal,0.16524517712536374
OK,1995,257313,188437,553534,359989,94.634,6.962098885140156e-05,-1.945969341749321,1.287581209662747,1,Normal,0.16367093890367052
OK,1996,282282,204224,556096,381541,97.311,6.832961062142021e-05,4.772179854834269,2.828793034216037,1,Normal,0.1611646694525587
OK,1997,272847,211927,565821,375036,98.573,6.9143369396871e-05,0.1046946896409828,1.29687291262035,1,Normal,0.16537665218560438
OK,1998,288996,215634,539552,382455,97.173,6.811333226321762e-05,0.07049505061613726,-1.420267213131376,1,Normal,0.16225458117975228
OK,1999,274862,210830,525427,400473,96.049,6.804298406126979e-05,-1.054507909159796,-1.156699906352587,1,Normal,0.1644297643493367
OK,2000,301129,226988,517587,425637,100.144,6.806303361149209e-05,4.232735639805529,4.263448864642005,1,Normal,0.1589134121997517
OK,2001,296878,230056,500027,465132,101.473,6.800724620683323e-05,1.410209183181066,1.327088991851721,1,Normal,0.16548315243804618
OK,2002,300690,228029,482244,435147,101.489,7.018074017933641e-05,-3.081715525393558,0.01576774117253432,1,Normal,0.15398766337757352
OK,2003,295966,224516,511558,444995,104.188,7.053870834300927e-05,2.138428016145388,2.659401511493864,1,Normal,0.16132517937267343
OK,2004,280459,222289,540709,412077,99.58,6.841475362306892e-05,-1.455553125759546,-4.422774215840597,1,Normal,0.15119288405540454
OK,2005,291141,224792,553206,438226,106.108,7.039308355513334e-05,3.560892428483298,6.555533239606359,1,Normal,0.1491422138957923
OK,2006,288722,228733,586583,449611,108.701,6.996487628173894e-05,3.070724788438617,2.44373657028687,1,Normal,0.15828420783906366
OK,2007,288229,234346,564323,459317,109.447,7.078390881463291e-05,-0.4787432956307458,0.6862862347172705,1,Normal,0.16122736459645004
OK,2008,293897,234518,560360,461917,112.046,7.225539016724125e-05,0.2898048328399794,2.374665363143813,1,Normal,0.15669789763473135
OK,2009,286346,230007,502702,442475,106.238,7.271674433121786e-05,-5.785151680473389,-5.183585313174954,1,Normal,0.12914517674744835
OK,2010,312950,235820,539333,454513,105.865,6.864005612320651e-05,5.567275206299316,-0.3510984770044634,1,Normal,0.15206815673598956
OK,2011,309189,234862,550285,443663,106.875,6.948810591190176e-05,-0.2780225387581492,0.9540452463042692,1,Normal,0.16170195118774383
OK,2012,272415,228785,568396,445997,104.715,6.909185921531601e-05,-1.459136442456044,-2.021052631578946,1,Normal,0.15490463348728983
OK,2013,294936,234322,570235,443456,102.835,6.66483035743219e-05,1.805170392276012,-1.795349281382808,1,Normal,0.16016412234335925
OK,2014,295936,240200,587803,480282,104.297,6.501419070588243e-05,3.97089989954309,1.421694948218022,1,Normal,0.15922307833090604
OK,2015,262504,228924,576675,470115,99.875,6.492898605465152e-05,-4.114151496771945,-4.239815143292713,1,Normal,0.1415787671188129
OK,2016,242446,214671,584796,470328,95.539,6.317709941735477e-05,-1.688836245034031,-4.341426783479352,1,Normal,0.14916651987454144
OK,2017,226568,205503,603629,479167,92.919,6.133797707920618e-05,0.1737818244578637,-2.742335590701184,1,Normal,0.15928008338227162
OK,2018,258282,214379,621532,488576,98.07,6.196114902645116e-05,4.482037720753418,5.543537920123964,1,Normal,0.15783758214311827
OK,2019,246640,200649,618085,475984,91.242,5.919589037452064e-05,-2.616242704227911,-6.962373814622202,1,Normal,0.13768246896033298
OK,2020,233584,182873,600144,427568,83.962,5.81385042778838e-05,-6.305158376677178,-7.978781701409443,1,Normal,0.11952162751298928
OK,2021,241965,193983,599593,455235,87.622,5.877617935381218e-05,3.226900950856271,4.359114837664646,1,Normal,0.1622574143132467
OK,2022,249118,209415,607680,456645,86.977,5.711432057355315e-05,2.15217061741082,-0.7361165004222681,1,Normal,0.166299365817276
OK,2023,232105,210175,611860,459690,86.631,5.722644844724764e-05,-0.5929640189695995,-0.3978063166124368,1,Normal,0.1641186540241431
OR,1962,105571,58492,201982,119261,18.445,3.800702650910252e-05,4.85259644157332,5.081752406995954,1,Normal,0.1458179370985
OR,1963,112129,64088,206072,122235,19.263,3.818054245189526e-05,3.960189983618556,4.434806180536732,1,Normal,0.14926046397834625
OR,1964,123068,71563,231580,126944,20.607,3.725357268758304e-05,9.638986450595022,6.977106369724329,1,Normal,0.11547820016172283
OR,1965,121327,72780,236618,133578,20.822,3.689861652339257e-05,2.015348320091115,1.043334789149308,1,Normal,0.1500659360500209
OR,1966,126893,78110,252199,146168,22.179,3.675853953627127e-05,6.923053749492736,6.517145327057916,1,Normal,0.14083240369784755
OR,1967,128764,81178,253985,151597,22.421,3.642587453941682e-05,2.01435271889554,1.091122232742681,1,Normal,0.15306675551478982
OR,1968,136851,86388,266324,171929,24.132,3.648111166709248e-05,7.468270936632848,7.631238570982579,1,Normal,0.13300508518282056
OR,1969,151198,95381,277363,175449,25.421,3.634733646844183e-05,5.729161155144502,5.341455329023703,1,Normal,0.14749477268807365
OR,1970,153760,102348,281143,182682,25.632,3.560331308607884e-05,2.937126728825512,0.8300224224066843,1,Normal,0.1506763053212214
OR,1971,165595,110758,293800,191250,27.001,3.546211997835578e-05,5.760397148067953,5.340980024968789,1,Normal,0.1443743785618769
OR,1972,172017,121207,304588,206121,29.336,3.649060307264411e-05,5.585602387168964,8.647827858227464,1,Normal,0.13853567078783763
OR,1973,172614,122613,306666,219989,29.648,3.607330492698465e-05,2.232648740628873,1.063539678211067,1,Normal,0.15442362139044635
OR,1974,170608,119241,298676,210357,27.338,3.42203229012545e-05,-2.798455252700505,-7.791419320021586,1,Normal,0.12417055358697526
OR,1975,180581,123425,308982,213818,26.754,3.235821660919659e-05,3.495509975190325,-2.136220645255682,1,Normal,0.13982452085331448
OR,1976,177388,121163,322943,226422,26.687,3.14736736583266e-05,2.552953712293204,-0.2504298422665752,1,Normal,0.14039402957728836
OR,1977,176161,125676,313847,241437,27.484,3.206548433651725e-05,1.085722035817271,2.986472814478969,1,Normal,0.14639127956454429
OR,1978,186918,131314,333414,264161,29.615,3.233763482658991e-05,6.846757925660429,7.753602095764789,1,Normal,0.1315208817272417
OR,1979,199325,139356,330522,271247,30.13,3.203785421872508e-05,2.690962933197638,1.738983623163937,1,Normal,0.14576321977339263
OR,1980,183766,146443,339459,239648,28.245,3.106180909606781e-05,-3.310542825243235,-6.256223033521402,1,Normal,0.11864000052675672
OR,1981,181424,126046,348656,249758,29.814,3.291146227170115e-05,-0.3773165764156761,5.554965480616025,1,Normal,0.13929678043065824
OR,1982,185007,130046,303324,250383,28.902,3.326810626640269e-05,-4.098202310447796,-3.058965586637152,1,Normal,0.12986401457060548
OR,1983,174371,123554,295699,236388,25.698,3.096096085242038e-05,-4.460034992402962,-11.0857380112103,1,Normal,0.09474744348343644
OR,1984,187581,133935,344370,231840,27.273,3.03801275446267e-05,8.157944514122061,6.128881625029181,1,Normal,0.12039512075461245
OR,1985,198259,138055,304434,241257,26.849,3.044087051660705e-05,-1.75109304074188,-1.554651120155459,1,Normal,0.13519141285921005
OR,1986,182221,134691,300851,246074,26.349,3.050224694908073e-05,-2.059738890369101,-1.862266751089425,1,Normal,0.134416858373946
OR,1987,181533,139186,328473,263019,27.606,3.026270209118056e-05,5.599892572449927,4.770579528634866,1,Normal,0.1342771926041707
OR,1988,193583,148649,342813,281170,29.433,3.04621642181088e-05,5.920005437332554,6.618126494240384,1,Normal,0.12981066914068928
OR,1989,208089,155729,319869,284154,30.545,3.155996858984956e-05,0.1681820298794712,3.778072231848606,1,Normal,0.13906186903871048
OR,1990,121812,96197,225826,280194,30.801,4.254105492866317e-05,-25.1911472970739,0.8381077099361534,1,Normal,0.06071355694449054
OR,1991,122762,94017,219666,301116,34.42,4.666732649909635e-05,1.868845213596115,11.74961851887928,1,Normal,0.13014012782935325
OR,1992,137646,109949,245832,304209,35.671,4.47209002602691e-05,8.145089016366104,3.634514816966883,1,Normal,0.1398273523267567
OR,1993,149944,109437,236673,292748,35.137,4.454470888168529e-05,-1.107397359196427,-1.497014381430295,1,Normal,0.1590978089499901
OR,1994,160244,121140,251513,301233,36.823,4.414534407664983e-05,5.746428449181851,4.798360702393478,1,Normal,0.1530436504403639
OR,1995,135377,104603,239064,296990,34.134,4.398524289559851e-05,-6.965093012967982,-7.302501154169949,1,Normal,0.11829191721049148
OR,1996,133039,99443,251290,307947,36.227,4.575739624791119e-05,2.021305794985517,6.131716177418389,1,Normal,0.15745644851680185
OR,1997,129067,100745,255507,310753,35.901,4.509767960686973e-05,0.5498162858286859,-0.8998813039997611,1,Normal,0.15745330257031998
OR,1998,142324,112166,273677,326079,41.647,4.875293533712771e-05,7.307630465586024,16.00512520542601,1,Normal,0.09432788097180123
OR,1999,146811,113510,272123,328916,43.156,5.010204768726737e-05,0.8330153140898577,3.623310202415531,1,Normal,0.1645620321188529
OR,2000,164589,130701,259849,319886,41.545,4.747858920763497e-05,1.586324913334924,-3.732968764482336,1,Normal,0.1541602016950881
OR,2001,174649,137369,224969,306165,40.683,4.825108639960529e-05,-3.642634618857044,-2.074858587074258,1,Normal,0.15303585210387055
OR,2002,156860,120879,212618,312277,39.123,4.874320207815508e-05,-4.805420612179057,-3.834525477472173,1,Normal,0.14433292995974323
OR,2003,161053,121242,198039,310200,39.85,5.040902783312019e-05,-1.507783737315216,1.858241954860329,1,Normal,0.16436259921644875
OR,2004,154845,115674,210030,321785,40.752,5.079187818524229e-05,1.492663810365924,2.263488080301124,1,Normal,0.16901655257788334
OR,2005,163566,123424,216375,330194,41.11,4.931870367748855e-05,3.891775609379144,0.8784844915586953,1,Normal,0.16386641664766155
OR,2006,154303,116592,216307,338297,40.314,4.88359162155254e-05,-0.9668193455044549,-1.936268547798592,1,Normal,0.16284909080712306
OR,2007,165808,124273,214016,344449,43.68,5.147635069442399e-05,2.791765950049596,8.349456764399466,1,Normal,0.15435336944661077
OR,2008,171636,126476,211173,324027,42.583,5.11008468606634e-05,-1.795072742164527,-2.511446886446889,1,Normal,0.16318252315904558
OR,2009,172724,122630,182045,325517,40.655,5.067521246070505e-05,-3.725730907834146,-4.527628396308381,1,Normal,0.15195193493443188
OR,2010,165768,119263,184060,317616,40.552,5.156938697132858e-05,-1.982883482535713,-0.2533513712950519,1,Normal,0.16314962094398933
OR,2011,161228,112227,182016,302539,36.835,4.859190974714002e-05,-3.600141411418212,-9.1660090747682,1,Normal,0.13286707279353077
OR,2012,153577,110870,188208,297912,36.462,4.857933879232473e-05,-0.9870087382329307,-1.012623863173601,1,Normal,0.16329223983050933
OR,2013,169960,119390,195387,300267,38.761,4.937675556206649e-05,4.588403951151521,6.305194449015405,1,Normal,0.1590067186124956
OR,2014,159009,115234,196166,303121,37.579,4.858117978617507e-05,-1.461774128827209,-3.049456928355831,1,Normal,0.15825374326554703
OR,2015,158417,120515,204489,298895,37.588,4.804701930291685e-05,1.135961113337558,0.02394954628914814,1,Normal,0.16558181749844308
OR,2016,160863,121204,203677,300243,37.199,4.732775478474834e-05,0.4691192956308043,-1.034904756837296,1,Normal,0.16334798452016708
OR,2017,176731,129352,209100,308368,38.281,4.648104684045203e-05,4.783285219730105,2.908680340869374,1,Normal,0.15967020007361366
OR,2018,170090,128283,204530,317241,39.051,4.760784332848936e-05,-0.4029952050977226,2.011441707374417,1,Normal,0.16555215651655536
OR,2019,187173,137161,212845,311756,41.245,4.846428894562998e-05,3.75184087074405,5.618294025761172,1,Normal,0.1598176601615348
OR,2020,164412,124583,212635,278751,36.813,4.701226356903957e-05,-7.988823073913176,-10.74554491453509,1,Normal,0.10330380393223815
OR,2021,171910,130937,227143,302063,38.059,4.574102161638547e-05,6.257957655376223,3.384673892374956,1,Normal,0.15531712367225614
OR,2022,177155,132786,232896,306117,37.397,4.405067883536681e-05,2.031118172618607,-1.739404608633965,1,Normal,0.15500911283202684
OR,2023,177894,171412,209437,321826,38.942,4.42236278773976e-05,3.724112260499401,4.131347434286181,1,Normal,0.152681916888446
PA,1962,687218,290025,1679583,531568,247.973,7.777363776245972e-05,3.396217359467602,3.579305274765665,1,Normal,0.05539836317543889
PA,1963,692909,294408,1784921,554094,257.779,7.749645029526508e-05,4.326284643616818,3.954462784254731,1,Normal,0.046849165437730045
PA,1964,687301,297587,1968389,565983,274.962,7.813062973466013e-05,5.799990560175416,6.665787360490971,1,Normal,0.020847569474382932
PA,1965,699410,306834,2077758,571089,283.998,7.769927542179513e-05,3.859675045322031,3.286272284897551,1,Normal,0.031063157156625554
PA,1966,720643,315729,2126013,592897,289.158,7.700034245097971e-05,2.741107474175752,1.816914203621156,1,Normal,0.033118775877909234
PA,1967,741746,315656,2044901,627774,286.412,7.678447388619591e-05,-0.6711879427430456,-0.9496538224776918,1,Normal,0.03140482308758985
PA,1968,769803,329791,2096070,677724,295.496,7.628876838571297e-05,3.842038649604285,3.171654818932179,1,Normal,0.0314174841231758
PA,1969,789515,342113,2065781,688075,294.367,7.576070317108499e-05,0.3122847491653369,-0.3820694696374805,1,Normal,0.031010019850592152
PA,1970,821636,361834,2109714,717976,306.977,7.653071018590378e-05,3.234526252070524,4.283768221301965,1,Normal,0.02561841647680063
PA,1971,835036,383255,1979068,746453,303.661,7.699682439223776e-05,-1.679040058476833,-1.080211221036098,1,Normal,0.0203146962159797
PA,1972,856815,402417,2029065,799027,315.349,7.715292450512854e-05,3.638915850958413,3.849029015909178,1,Normal,0.016638782104422045
PA,1973,854428,412419,2113617,813116,325.964,7.772929096380658e-05,2.599647104071034,3.366111831653185,1,Normal,0.015336383715307877
PA,1974,804175,379730,2045543,782416,305.319,7.61039875210189e-05,-4.333147334735477,-6.333521493171023,-1,Anomaly,-0.015609531927279763
PA,1975,802481,389727,1845685,769147,291.508,7.65708143706472e-05,-5.105554372952636,-4.52346562120275,1,Normal,0.006176387020601526
PA,1976,859434,431610,1935491,838028,308.79,7.59713228492137e-05,6.764366418197043,5.928482237194199,1,Normal,0.011900405400282366
PA,1977,870914,436014,1885905,857038,303.168,7.485868068390327e-05,-0.3613921310055668,-1.820654813951228,1,Normal,0.03376241099597044
PA,1978,878201,440655,1847436,866683,302.88,7.510083119719473e-05,-0.4171243972956207,-0.09499683343888732,1,Normal,0.03596975566346128
PA,1979,883073,423660,1996662,850396,316.503,7.619616003882718e-05,2.995652344247857,4.497820919175899,1,Normal,0.020621658855505043
PA,1980,874096,431000,1780025,817577,294.611,7.54890784501077e-05,-6.044958437976677,-6.91683807104514,-1,Anomaly,-0.009484593776297512
PA,1981,848436,448727,1648369,775996,271.341,7.291120016057925e-05,-4.642174373260333,-7.898550970601903,1,Normal,0.009396504013088003
PA,1982,804600,440500,1287968,729733,240.947,7.384662819054659e-05,-12.32623060372798,-11.20140340014963,-1,Anomaly,-0.023517388418403895
PA,1983,799317,438139,1289754,741641,246.174,7.530898452760036e-05,0.1854233920956849,2.169356746504425,1,Normal,0.07308020250351072
PA,1984,836139,465749,1442088,757863,262.932,7.50839773044963e-05,7.127454186529647,6.807380145750574,1,Normal,0.03650840162461322
PA,1985,812094,446478,1324285,762969,251.185,7.507418202511549e-05,-4.455230523162257,-4.467695069447619,1,Normal,0.04122931015188791
PA,1986,811317,462228,1219999,792878,246.283,7.493950871829075e-05,-1.775347418154694,-1.95154965463703,1,Normal,0.06315621604074567
PA,1987,821446,479305,1332747,838811,257.218,7.40770180038908e-05,5.656026124444069,4.440014130086123,1,Normal,0.055652002891139474
PA,1988,875803,507112,1390160,870235,269.55,7.39848593848511e-05,4.924912990074315,4.794376754348439,1,Normal,0.050700290236127155
PA,1989,900487,540892,1391254,819622,272.489,7.460836556453569e-05,0.2455182961222491,1.090335744759763,1,Normal,0.06433807318311663
PA,1990,831257,539349,1419768,842516,264.534,7.281642791728566e-05,-0.5303294564622751,-2.919383901735473,1,Normal,0.06348095667641906
PA,1991,853685,555024,1326049,840002,257.27,7.196842754846336e-05,-1.600021360410409,-2.745960821671323,1,Normal,0.06614759907384765
PA,1992,872745,569221,1373415,856819,265.497,7.229910764737136e-05,2.725803843724428,3.197807750612203,1,Normal,0.07033806329643638
PA,1993,910165,580533,1375232,877788,269.704,7.204171252123556e-05,1.947523053600242,1.584575343600858,1,Normal,0.0725197177780737
PA,1994,915462,611013,1403020,886345,266.977,6.996545976770513e-05,1.926426121611668,-1.01110847447573,1,Normal,0.07453336325817106
PA,1995,914404,628012,1434087,901532,269.794,6.956969746823072e-05,1.630021174892038,1.055147072594265,1,Normal,0.07856216034064856
PA,1996,945629,644338,1422333,896228,275.266,7.0427007193755e-05,0.7862221086482046,2.02821411892038,1,Normal,0.06592001825027394
PA,1997,895890,628890,1420056,933731,276.94,7.140264138723364e-05,-0.7665543737810365,0.6081390364229389,1,Normal,0.06389609201965402
PA,1998,833341,618903,1309778,956920,266.308,7.160851887216341e-05,-4.115565332359783,-3.839098721744783,1,Normal,0.03675165694181026
PA,1999,893509,633814,1266085,967862,264.908,7.043050375564836e-05,1.138092194475693,-0.5257070760172344,1,Normal,0.07297621107814539
PA,2000,946670,702076,1283411,998648,278.58,7.087101541339008e-05,4.507389529275763,5.161037039273997,1,Normal,0.046614367620935404
PA,2001,914231,660212,1271018,995624,265.161,6.903285634992622e-05,-2.282459843446749,-4.816928709885849,1,Normal,0.05084169179065445
PA,2002,946266,695247,1258482,999656,271.868,6.97160180313664e-05,1.524699798286111,2.529406662367384,1,Normal,0.06766609519564593
PA,2003,991918,697040,1267099,987860,276.343,7.006814036194465e-05,1.135204732528483,1.646019391763653,1,Normal,0.06433299840427664
PA,2004,984762,702680,1287915,1016272,279.205,6.994765043235492e-05,1.209710749564263,1.035669439790388,1,Normal,0.06321252798032106
PA,2005,999573,718174,1271750,1033389,281.561,6.99898381360238e-05,0.7830389004185756,0.843824430078266,1,Normal,0.05362990997092809
PA,2006,909289,690066,1265585,1028040,275.782,7.084082866060738e-05,-3.229101311397498,-2.052485962189365,1,Normal,0.04463629750445097
PA,2007,960513,717084,1249614,1022236,278.712,7.056987978316964e-05,1.450456603821082,1.06243337128602,1,Normal,0.06545215702476631
PA,2008,1009562,710287,1234128,972080,270.05,6.878400675690477e-05,-0.5922094916073095,-3.107867619621685,1,Normal,0.05384848061732678
PA,2009,915492,677299,1053052,963067,245.194,6.795601486421767e-05,-8.09794455405396,-9.204221440473992,1,Normal,0.0018903051630144718
PA,2010,940386,678986,1158941,958159,256.062,6.853808858223142e-05,3.545495060042225,4.432408623375794,1,Normal,0.06257775182970998
PA,2011,917514,632091,1222601,955384,249.606,6.696095513643369e-05,-0.2253447086150273,-2.521264381282662,1,Normal,0.07412766969499496
PA,2012,857063,603957,1223460,939391,239.678,6.61387042412405e-05,-2.783695292055155,-3.977468490340774,1,Normal,0.0642641841320657
PA,2013,923116,630895,1339334,938851,249.303,6.505481578592344e-05,5.748828117131155,4.01580453775483,1,Normal,0.06157247815193134
PA,2014,960047,645818,1414333,937879,249.249,6.297219864176571e-05,3.284824196238234,-0.02166038916499025,1,Normal,0.0779709015889829
PA,2015,938119,650420,1369315,915714,232.444,6.000772414476782e-05,-2.135176651305681,-6.742253730205539,1,Normal,0.05335679181249836
PA,2016,887561,632268,1317551,901303,217.304,5.812312567737739e-05,-3.482164247536124,-6.513396775137236,1,Normal,0.05481700563016417
PA,2017,859624,621628,1348163,909415,214.616,5.740197591436457e-05,0.003798127897414183,-1.236976769870779,1,Normal,0.09357084313610847
PA,2018,952753,644229,1395059,907945,219.535,5.629129988069172e-05,4.310310241771087,2.292000596414057,1,Normal,0.07720822260675198
PA,2019,881339,593219,1398575,920268,218.446,5.75858372888898e-05,-2.73291075007801,-0.4960484660760267,1,Normal,0.08049491800327402
PA,2020,836772,518657,1249201,783677,192.928,5.693940095103627e-05,-10.67892164228483,-11.68160552264633,-1,Anomaly,-0.007046063177006734
PA,2021,860653,541842,1364918,847914,214.124,5.922671469919188e-05,6.700225245432523,10.98648200364902,1,Normal,0.043929783178399906
PA,2022,887686,559796,1443198,853310,213.86,5.712080277884987e-05,3.558930199417598,-0.1232930451513958,1,Normal,0.09038270315096114
PA,2023,801084,525553,1438609,840817,200.508,5.560299107198567e-05,-3.68403269769324,-6.243336762367901,1,Normal,0.06022116920668208
RI,1962,51217,22492,51627,52092,12.148,6.846759512362831e-05,4.526843522266022,3.73153445478609,1,Normal,0.14885395875264384
RI,1963,51812,22196,49913,53405,11.953,6.740692284267394e-05,-0.05692481978504249,-1.605202502469549,1,Normal,0.14931434738529836
RI,1964,46223,22275,56519,49676,11.272,6.452499255833124e-05,-1.485399772171025,-5.697314481720062,1,Normal,0.13797665334197046
RI,1965,50810,19837,45086,53889,10.824,6.381247715508601e-05,-2.902250818583563,-3.974449964513838,1,Normal,0.13808176313072856
RI,1966,49998,19487,45936,56047,10.771,6.281675191144652e-05,1.087712678779873,-0.4896526237989529,1,Normal,0.1547303390382907
RI,1967,53837,25698,45750,63794,12.083,6.390416754812777e-05,10.27194737179748,12.1808560022282,1,Normal,0.09783411696242944
RI,1968,56887,27597,50004,59019,11.843,6.120192034396689e-05,2.341337000211552,-1.986261689977653,1,Normal,0.1568787498149244
RI,1969,61936,30726,54774,58304,12.554,6.101876154369593e-05,6.321735131028849,6.003546398716542,1,Normal,0.15292485120843624
RI,1970,64283,33739,56212,63334,13.115,6.028028147651068e-05,5.748517546417808,4.46869523657798,1,Normal,0.15554161985929055
RI,1971,67262,35867,59492,67447,13.556,5.892145399858303e-05,5.746275859850059,3.362561951963383,1,Normal,0.15897740445795727
RI,1972,70827,37815,57359,65334,13.48,5.827047355566602e-05,0.5502697016981806,-0.5606373561522493,1,Normal,0.16448134454671787
RI,1973,67281,38158,60864,60210,12.528,5.530832803560076e-05,-2.084855296431587,-7.062314540059345,1,Normal,0.14514451697611147
RI,1974,64583,33644,53239,58376,11.52,5.489844740328437e-05,-7.35943349579713,-8.045977011494266,1,Normal,0.12139208112097144
RI,1975,64370,32850,46583,56998,10.479,5.218625498007968e-05,-4.30895626233071,-9.036458333333341,1,Normal,0.12944890847262952
RI,1976,68328,34795,51817,55344,10.603,5.042228605124498e-05,4.723107569721119,1.183319018990359,1,Normal,0.15665442957019388
RI,1977,68912,35953,58947,55427,10.978,5.007320777781325e-05,4.25852656407526,3.53673488635291,1,Normal,0.15762460188294458
RI,1978,67380,36297,49549,54546,10.103,4.862541632173729e-05,-5.230365035417972,-7.970486427400258,1,Normal,0.126628589323664
RI,1979,64194,35512,42399,54400,9.258,4.711306524991603e-05,-5.422289817684767,-8.363852321092747,1,Normal,0.12395772480901068
RI,1980,60723,32400,35510,52167,8.342,4.613938053097345e-05,-7.992631268256445,-9.894145603802107,1,Normal,0.09960066676543938
RI,1981,55488,30707,33403,51201,7.711,4.514663434797628e-05,-5.531526548672572,-7.564133301366582,1,Normal,0.11820558592980107
RI,1982,55388,31560,32109,50621,7.393,4.357076344605665e-05,-0.6563270276758071,-4.123978731682021,1,Normal,0.1358600519645099
RI,1983,58499,33473,32296,50925,7.641,4.361475629734064e-05,3.250274048491852,3.354524550250249,1,Normal,0.1446705358747985
RI,1984,61191,36029,35478,54087,8.465,4.531948496934979e-05,6.616702722140722,10.78392880513022,1,Normal,0.12778240615817948
RI,1985,64615,37301,46844,50730,8.455,4.238286438987222e-05,6.802473432020784,-0.1181334908446519,1,Normal,0.136815345713805
RI,1986,63149,43155,38408,56422,9.491,4.718721256867278e-05,0.8240973276989916,12.25310467179184,1,Normal,0.12413626320990578
RI,1987,65459,44101,41080,60804,9.822,4.645223535420893e-05,5.124916101126109,3.487514487409116,1,Normal,0.15181440606135982
RI,1988,70689,44790,42016,61893,10.304,4.696701733914344e-05,3.757513845338933,4.907350845041747,1,Normal,0.1527589549597545
RI,1989,68821,45500,36845,60866,9.237,4.356438445321674e-05,-3.353419512461941,-10.35520186335404,1,Normal,0.11724073307888033
RI,1990,67897,49318,37201,57830,8.871,4.179603759805885e-05,0.1009286377935403,-3.962325430334523,1,Normal,0.14507710225526393
RI,1991,64703,46045,49680,57997,10.751,4.922055625500743e-05,2.911729369360883,21.19265020854468,1,Normal,0.08887764815509896
RI,1992,69098,42725,77235,56859,12.97,5.274158655801168e-05,12.58601350578001,20.63994047065389,1,Normal,0.0523586024941779
RI,1993,67217,43139,34703,57039,10.805,5.346442549864669e-05,-17.81868605540103,-16.69236700077101,1,Normal,0.01928794122414712
RI,1994,67643,47629,69431,56070,12.772,5.304603525326865e-05,19.13685012642443,18.20453493752894,1,Normal,0.03209964359485862
RI,1995,64829,46398,60434,57906,12.04,5.244679090109162e-05,-4.654195670592931,-5.731287190729728,1,Normal,0.14273822867760755
RI,1996,66864,47251,47357,58610,13.476,6.123172272153107e-05,-4.131273794899936,11.92691029900335,1,Normal,0.11580887185706334
RI,1997,63722,45628,43560,64938,13.577,6.232298518698732e-05,-1.014621822775152,0.7494805580290809,1,Normal,0.16111351626846143
RI,1998,59679,42535,61607,62809,13.8,6.089220315050964e-05,4.03077360924311,1.642483611990864,1,Normal,0.16336240615164416
RI,1999,61804,47170,52431,65366,13.147,5.797452948335774e-05,0.06265719454616736,-4.731884057971014,1,Normal,0.15556192120393603
RI,2000,65372,49164,25894,65131,11.765,5.723389764545632e-05,-9.353888487114814,-10.51190385639309,1,Normal,0.09445402469228359
RI,2001,65563,49612,23273,65691,12.29,6.020407663405816e-05,-0.6912823506518784,4.462388440288989,1,Normal,0.1517421487214649
RI,2002,66147,50024,22149,65012,11.712,5.76006609911917e-05,-0.3958087381637054,-4.703010577705447,1,Normal,0.14898847294491313
RI,2003,74957,54733,24198,63895,11.573,5.313980825037652e-05,7.108114355410633,-1.1868169398907,1,Normal,0.13970299445890627
RI,2004,74687,54193,24390,62107,10.977,5.096668152440383e-05,-1.105682694780152,-5.149917912382273,1,Normal,0.1439392275448621
RI,2005,71424,51356,24131,62124,11.202,5.358911187121774e-05,-2.944153480424927,2.049740366220276,1,Normal,0.14824674679657612
RI,2006,62793,48699,23773,64686,10.52,5.261289015808873e-05,-4.3456837371732,-6.088198535975719,1,Normal,0.13559666433074002
RI,2007,63745,49436,20806,63800,11.058,5.59089116519875e-05,-1.082765277492981,5.114068441064634,1,Normal,0.1502947853956697
RI,2008,60854,45940,26736,60525,10.641,5.483468689450468e-05,-1.885876654566043,-3.771025501899072,1,Normal,0.1491948546581786
RI,2009,61288,46257,24896,62360,11.229,5.765291191103306e-05,0.3674197138970214,5.52579644770228,1,Normal,0.15242411930390803
RI,2010,61998,45708,25097,62545,11.002,5.632548162331247e-05,0.287520087899007,-2.021551340279615,1,Normal,0.15679824941577108
RI,2011,59964,43864,22212,59433,11.001,5.93125758188435e-05,-5.044821813453204,-0.009089256498828746,1,Normal,0.1418735827337677
RI,2012,59631,43987,23206,56586,10.483,5.715609835886811e-05,-1.113357595363251,-4.708662848831913,1,Normal,0.1487195906513223
RI,2013,65137,47903,25457,56998,10.064,5.147957748280007e-05,6.589062755574937,-3.996947438710297,1,Normal,0.1362212916788601
RI,2014,65388,50832,25153,60995,10.497,5.187084914611006e-05,3.515690938387173,4.30246422893481,1,Normal,0.15508175954011622
RI,2015,67577,48962,24521,60633,10.69,5.300134362620418e-05,-0.3335507590132791,1.838620558254744,1,Normal,0.15729982113118446
RI,2016,57414,46047,23256,56858,9.476,5.16189480106332e-05,-8.982463446921807,-11.35640785781102,1,Normal,0.08576124866080792
RI,2017,55810,43797,23349,57825,9.817,5.4303273020948e-05,-1.522530178236803,3.598564795272252,1,Normal,0.15179114329074234
RI,2018,63731,46958,23311,59938,10.887,5.613620777667205e-05,7.278419745437859,10.89946012019967,1,Normal,0.12796518598498802
RI,2019,59935,46482,22154,59273,10.212,5.436425970486148e-05,-3.142740758692164,-6.200055111600999,1,Normal,0.1388105741911964
RI,2020,57437,42881,21925,50377,9.698,5.618153273973317e-05,-8.105129788547949,-5.033294163728941,1,Normal,0.1189105860179624
RI,2021,61292,45429,21920,54819,10.616,5.786547476289109e-05,6.280305180773849,9.465869251392034,1,Normal,0.13574606139548756
RI,2022,62004,47079,21813,57405,10.128,5.378622524575016e-05,2.63872233729423,-4.596834966088914,1,Normal,0.14499027097413103
RI,2023,59652,45610,20416,58293,11.161,6.066717036924298e-05,-2.299509827350887,10.19944707740916,1,Normal,0.12653652683913358
SC,1962,109276,41347,225679,142484,30.475,5.874302456701717e-05,6.530850279579692,8.159426462237374,1,Normal,0.15253270593068352
SC,1963,108766,42877,237493,151254,31.939,5.9103610355484e-05,4.164538296211351,4.803937653814594,1,Normal,0.16399028398565607
SC,1964,108686,45291,239530,145094,30.295,5.624757473528642e-05,-0.3310571994300404,-5.147312063621268,1,Normal,0.15440390042313573
SC,1965,102876,42586,240416,147298,31.354,5.880598750508743e-05,-1.007053458868434,3.495626340980351,1,Normal,0.16427537315276863
SC,1966,109913,45300,260248,157498,34.24,5.976005222023255e-05,7.461124542131414,9.204567200357229,1,Normal,0.14431029290477898
SC,1967,113682,50112,256576,159278,34.71,5.988116926134482e-05,1.167624852083393,1.372663551401865,1,Normal,0.16980743148741656
SC,1968,125370,57151,268386,179569,36.777,5.833211732088137e-05,8.76877001214531,5.955056179775275,1,Normal,0.14623416978504095
SC,1969,132344,63379,290570,185719,38.943,5.794985803824932e-05,6.588038244120309,5.889550534301313,1,Normal,0.1652830247459643
SC,1970,139709,69743,309981,198589,42.181,5.874602902692532e-05,6.846752736558281,8.314716380350774,1,Normal,0.1576773126380186
SC,1971,145516,74189,321768,207758,44.035,5.877359586028874e-05,4.346378876442669,4.395343875204483,1,Normal,0.172119866180713
SC,1972,148290,79697,356646,217321,46.836,5.840235225461809e-05,7.036948551247879,6.360849324401041,1,Normal,0.16284498398047703
SC,1973,158286,89552,370180,234328,48.806,5.726091812695344e-05,6.283402788688619,4.206166196942518,1,Normal,0.17111053100697066
SC,1974,150745,87248,353283,229943,45.662,5.560270768211646e-05,-3.651694620951162,-6.441830922427572,1,Normal,0.1524986409216882
SC,1975,152323,103523,319057,229440,42.588,5.294756092860882e-05,-2.054993856693521,-6.732074810564582,1,Normal,0.15524095895848133
SC,1976,179421,128456,376355,245155,50.565,5.440682944779731e-05,15.54610408743533,18.73062834601296,1,Normal,0.0414536726100565
SC,1977,191244,133025,394584,253229,54.054,5.560642003452384e-05,4.593888229553467,6.90002966478791,1,Normal,0.1679341082876062
SC,1978,186552,127502,379311,265931,53.072,5.53239041964107e-05,-1.315321135459768,-1.816701816701816,1,Normal,0.1737167532830694
SC,1979,171284,116488,398543,263808,52.792,5.556333232644616e-05,-0.9562220628460905,-0.5275851673198662,1,Normal,0.1716530779596987
SC,1980,187053,127275,400132,248132,55.094,5.723498924259786e-05,1.312461649702201,4.360509168055771,1,Normal,0.17162854954656298
SC,1981,183122,117615,420170,246357,55.72,5.760572335399296e-05,0.4853557006959219,1.136239880930767,1,Normal,0.17431965796741145
SC,1982,187726,120035,375553,246668,52.365,5.630760198326632e-05,-3.85457966534507,-6.021177315147163,1,Normal,0.1537081517140667
SC,1983,187461,126036,393822,252018,49.688,5.17941576256911e-05,3.15651610086658,-5.112193258856101,1,Normal,0.15561955953984213
SC,1984,202321,123388,434052,263410,53.132,5.192875873143394e-05,6.654081573088044,6.931251006279182,1,Normal,0.15441549605014576
SC,1985,203504,128683,437448,265569,54.04,5.220232167024246e-05,1.175952015840953,1.708951291124006,1,Normal,0.17169133168288836
SC,1986,214819,136652,471232,274879,54.318,4.948878534815622e-05,6.025774654826166,0.5144337527757115,1,Normal,0.15859862234340277
SC,1987,226650,143474,497883,271519,58.135,5.101682629444172e-05,3.821491241656649,7.02713649250708,1,Normal,0.15919198670016638
SC,1988,231504,151581,519971,298884,61.476,5.114731184584921e-05,5.477189638498814,5.746968263524566,1,Normal,0.1602908300304981
SC,1989,237723,156500,519031,289639,60.887,5.061713718510292e-05,0.07928848361815621,-0.9580974689309629,1,Normal,0.16973646982539553
SC,1990,238892,165169,537491,308567,61.081,4.886014851386148e-05,3.926034983992754,0.3186230229770048,1,Normal,0.16030011978802056
SC,1991,246137,167920,543519,318063,62.204,4.876297387977799e-05,2.041485650566055,1.838542263551668,1,Normal,0.16762623601630333
SC,1992,248337,171817,563977,306881,61.468,4.761222388930243e-05,1.205120566931117,-1.183203652498221,1,Normal,0.16256066798700042
SC,1993,275166,184138,580415,311468,65.901,4.87726356361957e-05,4.661068478783714,7.211882605583386,1,Normal,0.1470300379219847
SC,1994,261691,184821,586343,317872,66.065,4.89106615099413e-05,-0.03404411525265161,0.248858135688379,1,Normal,0.16413677599166188
SC,1995,282046,195433,609695,318370,65.121,4.633152715247619e-05,4.058255992324145,-1.428895784454709,1,Normal,0.15187444488795898
SC,1996,299802,202707,617447,325962,69.385,4.798681529657976e-05,2.872482113686936,6.547810997988379,1,Normal,0.14830489255784574
SC,1997,284199,205071,665520,340229,71.326,4.770906074835119e-05,3.395904885339274,2.797434604021021,1,Normal,0.15373556544407257
SC,1998,302227,225369,651635,359539,74.906,4.86791714675822e-05,2.926315367018506,5.019207582087892,1,Normal,0.14804954494412775
SC,1999,309525,234042,642566,370957,78.583,5.046782750654907e-05,1.190692040195773,4.908819053213342,1,Normal,0.15358855137941652
SC,2000,329890,239136,656822,378736,81.916,5.105120638669811e-05,3.050174973717024,4.241375361083177,1,Normal,0.1567241623341215
SC,2001,319258,235896,617925,382142,80.325,5.164860813993638e-05,-3.076434093550673,-1.942233507495472,1,Normal,0.15369574867986346
SC,2002,334991,237842,630774,390077,81.675,5.124914898489977e-05,2.473217632735158,1.680672268907557,1,Normal,0.16335737438824055
SC,2003,333253,241830,616572,393802,82.665,5.213957372516172e-05,-0.516350470764293,1.21212121212122,1,Normal,0.1642908780802409
SC,2004,354817,253880,641086,447857,90.164,5.311131557772487e-05,7.075945343169421,9.071553861973026,1,Normal,0.12356457327518655
SC,2005,356554,255276,628733,426870,88.42,5.302758609935985e-05,-1.779409321871162,-1.934253138724995,1,Normal,0.15503124364228088
SC,2006,351544,262240,623355,446165,89.165,5.297026144431514e-05,0.9517018364744834,0.8425695543994527,1,Normal,0.16284262461317628
SC,2007,359331,267233,592081,444228,89.324,5.371663758047814e-05,-1.213625829693166,0.1783210901138199,1,Normal,0.1607966903576517
SC,2008,365353,269746,562583,434250,86.892,5.324486559488998e-05,-1.860754332559167,-2.722672518024272,1,Normal,0.1537134078444093
SC,2009,355918,259089,501703,444773,81.952,5.249550964561431e-05,-4.338906277957655,-5.685218432076599,1,Normal,0.1363613936334817
SC,2010,398269,271233,524639,459078,85.855,5.193814487871925e-05,5.886784137582923,4.762543928153073,1,Normal,0.14646782721835339
SC,2011,366891,259521,535466,450875,81.087,5.027790592121907e-05,-2.434810383878272,-5.553549589424033,1,Normal,0.14042462403278366
SC,2012,337191,257074,534314,437040,74.408,4.752625000079841e-05,-2.92396464233099,-8.236832044594077,1,Normal,0.12373318414815859
SC,2013,344967,254725,532717,453551,70.053,4.417072309516003e-05,1.299230527989259,-5.852865283302878,1,Normal,0.13100149616035534
SC,2014,371489,264326,549210,445734,74.556,4.571858870624047e-05,2.82472445711115,6.427990235964209,1,Normal,0.13904859971882227
SC,2015,358997,271837,551153,468067,73.146,4.432945830863717e-05,1.183191385115756,-1.891195879607266,1,Normal,0.14465635371329866
SC,2016,363929,276323,524563,482168,71.871,4.363797319098011e-05,-0.1861151210808876,-1.74308916413749,1,Normal,0.14152190026770872
SC,2017,347631,271049,528364,490315,69.613,4.251541659465029e-05,-0.5843411862781811,-3.14174006205562,1,Normal,0.13360529019014983
SC,2018,372163,270759,524530,489394,73.839,4.456597380446112e-05,1.190209355431526,6.07070518437649,1,Normal,0.13738267209909832
SC,2019,358891,267152,513246,482520,69.217,4.267888512149088e-05,-2.114739622910267,-6.259564728666422,1,Normal,0.12283330151640981
SC,2020,348165,247392,478698,433328,63.285,4.197778828761003e-05,-7.043122833823223,-8.57014895184709,1,Normal,0.09809094556495962
SC,2021,362389,255270,508450,478443,69.111,4.307180878412867e-05,6.432150004344694,9.205972979379018,1,Normal,0.11551824201087135
SC,2022,374959,289054,505207,466876,67.586,4.130931192301674e-05,1.965843446741866,-2.206595187452076,1,Normal,0.1392346094279147
SC,2023,352672,295363,490799,474476,69.107,4.283556342895254e-05,-1.392766683617586,2.250466072855328,1,Normal,0.14306793927326272
SD,1962,34007,16756,37116,45861,8.264,6.179199784655187e-05,3.72349501310707,5.962302859340918,1,Normal,0.14266338981090676
SD,1963,33979,16683,39227,47646,8.209,5.968662522267059e-05,2.838364276688177,-0.6655372700871243,1,Normal,0.1450529188521818
SD,1964,35598,17891,40639,46663,8.299,5.894511051764304e-05,2.368124477405753,1.096357656230973,1,Normal,0.14786150637224066
SD,1965,35087,18612,37925,45202,8.046,5.880504293805956e-05,-2.817631683618382,-3.048560067478012,1,Normal,0.13738901963921368
SD,1966,34989,20160,40858,47210,8.24,5.753506916078399e-05,4.671660880687001,2.411135968182965,1,Normal,0.145420706644864
SD,1967,34299,21503,38481,47932,8.181,5.752598197083268e-05,-0.7003358539838134,-0.7160194174757439,1,Normal,0.14891927127999177
SD,1968,37635,22628,38025,51664,8.579,5.721125952798544e-05,5.441798979003476,4.864930937538214,1,Normal,0.14586938271280658
SD,1969,40859,23578,40080,51576,8.829,5.656279629961817e-05,4.093949437490418,2.914092551579439,1,Normal,0.15209092518170775
SD,1970,43460,25012,42970,53555,9.335,5.657678624459839e-05,5.704968864515791,5.731113376373309,1,Normal,0.15040446332364438
SD,1971,42091,24531,41160,58358,9.28,5.585684276419143e-05,0.692133796372052,-0.5891805034815345,1,Normal,0.1579388711114632
SD,1972,45859,26568,41459,61204,9.648,5.510277512836182e-05,5.388259228718129,3.965517241379324,1,Normal,0.1527359445007493
SD,1973,42779,26049,42582,61434,9.409,5.443637036865613e-05,-1.283332667013148,-2.477197346600324,1,Normal,0.15498777777375133
SD,1974,42469,27231,37956,60379,9.121,5.428003523054584e-05,-2.781699104394719,-3.06089913912212,1,Normal,0.14872211412599223
SD,1975,45177,25325,44233,62018,10.852,6.139641194208868e-05,5.187578852150732,18.97818221686218,1,Normal,0.09742798858407231
SD,1976,48116,28686,47981,65702,12.429,6.524923222300969e-05,7.769033623191679,14.53188352377441,1,Normal,0.10388540829735116
SD,1977,48645,28526,47651,68191,12.198,6.319781569117106e-05,1.327138619838841,-1.858556601496497,1,Normal,0.1567542690126944
SD,1978,52862,28655,49694,69568,12.856,6.403028190058771e-05,4.024081279499314,5.394326938842431,1,Normal,0.15581797595956837
SD,1979,50729,25829,53069,70279,12.621,6.313435747622645e-05,-0.4348042633728455,-1.827940261356564,1,Normal,0.15737118003732725
SD,1980,50048,24387,48056,63204,11.524,6.205875225504186e-05,-7.109305827209655,-8.691862768401881,1,Normal,0.1177209985696136
SD,1981,46271,24359,43533,60032,10.872,6.241281322655645e-05,-6.192950806429898,-5.657757723012836,1,Normal,0.12895008596700808
SD,1982,50399,25472,48087,61601,11.339,6.110724890735562e-05,6.523723413416005,4.295437821927894,1,Normal,0.1539831555453987
SD,1983,49852,24948,44439,59941,10.363,5.783537317014639e-05,-3.437181705010262,-8.607460975394666,1,Normal,0.13381031650735364
SD,1984,49179,30661,41099,61918,10.817,5.915551496524607e-05,2.051556805688093,4.380970761362546,1,Normal,0.15533995402670564
SD,1985,50752,32525,40793,65547,11.041,5.822759442668945e-05,3.6974247636131,2.070814458722392,1,Normal,0.15994150658606282
SD,1986,51353,29091,48664,60615,10.661,5.619215281145242e-05,0.05590186585662238,-3.441717235757635,1,Normal,0.1527315800652761
SD,1987,49760,29425,49194,62356,9.403,4.929876530264504e-05,0.5328793405156906,-11.80001875996622,1,Normal,0.1132719038185328
SD,1988,52943,30513,53217,64623,11.488,5.707018519990461e-05,5.537001599077263,22.17377432734233,1,Normal,0.08837869005372723
SD,1989,56524,31591,56612,64771,11.65,5.560912276012182e-05,4.07459661394165,1.410167130919238,1,Normal,0.16121874517755347
SD,1990,47638,27057,51769,65961,11.72,6.090684682343771e-05,-8.149481140631408,0.6008583690987113,1,Normal,0.13034834988885746
SD,1991,47727,28629,48982,64087,11.587,6.116900531078099e-05,-1.558529297128752,-1.134812286689424,1,Normal,0.15641168110025522
SD,1992,43578,28150,49550,72993,11.691,6.017851260088948e-05,2.558254938603999,0.8975576076637681,1,Normal,0.16141202566561347
SD,1993,52795,32448,55833,73241,12.237,5.70976637410938e-05,10.31800774172293,4.670259173723368,1,Normal,0.1279880388930859
SD,1994,44228,29792,52450,78214,12.906,6.305329190361728e-05,-4.494743767409959,5.467026231919592,1,Normal,0.13984112243958446
SD,1995,44248,30246,50289,79805,12.716,6.215418304103857e-05,-0.04690156533974088,-1.472183480551692,1,Normal,0.1589919194565692
SD,1996,47213,30264,52904,79338,12.697,6.054320563804728e-05,2.507478444483557,-0.1494180559924563,1,Normal,0.16127342331941158
SD,1997,44193,29078,53573,77445,13.227,6.474619413578737e-05,-2.58823753802726,4.174214381349928,1,Normal,0.1468893037384723
SD,1998,43405,30619,52365,79996,12.8,6.202031165206606e-05,1.025013461256052,-3.228245255915929,1,Normal,0.15539265036264283
SD,1999,41973,29936,56972,83197,13.437,6.335876422825564e-05,2.758934801147372,4.976562499999981,1,Normal,0.15785363681703635
SD,2000,46738,33890,61041,84690,14.195,6.271011976550524e-05,6.733843208630796,5.641140135446898,1,Normal,0.15541373338410813
SD,2001,53037,43330,52052,83080,13.476,5.821216597983568e-05,2.270287463719134,-5.065163790066918,1,Normal,0.15314261554003694
SD,2002,52649,42911,58450,90616,13.717,5.607358201328565e-05,5.670459356020352,1.78836449985158,1,Normal,0.1619017236949582
SD,2003,53726,44592,66220,85129,13.739,5.502929902630304e-05,2.061113949923343,0.1603849238171584,1,Normal,0.16838423250645573
SD,2004,53464,45573,77383,86430,13.749,5.230739965759939e-05,5.280233270716606,0.07278550112816973,1,Normal,0.159460006101251
SD,2005,57088,50362,87662,88241,13.257,4.678599913888634e-05,7.800646756705354,-3.578442068514076,1,Normal,0.13809630887550395
SD,2006,55445,49274,93590,88181,13.345,4.658119508951478e-05,1.106389886855319,0.6638002564682832,1,Normal,0.16498655816371166
SD,2007,59215,52612,104837,92002,13.821,4.477655459299048e-05,7.740960385913587,3.566878980891719,1,Normal,0.15081747228470227
SD,2008,63664,54127,125926,87191,14.918,4.508188051700014e-05,7.206171071643785,7.937197019029019,1,Normal,0.14439688915523496
SD,2009,59024,49961,132006,89558,14.654,4.434652875079817e-05,-0.1408242145121474,-1.76967421906421,1,Normal,0.162339022791969
SD,2010,54153,46464,139732,94292,15.092,4.510662462453487e-05,1.253468828209403,2.988944997952792,1,Normal,0.1652598249520017
SD,2011,47926,39965,137118,94187,14.604,4.575159303513135e-05,-4.597635877280815,-3.233501192684873,1,Normal,0.14720430608457552
SD,2012,45667,41226,138609,98661,14.884,4.591503066349132e-05,1.554501538210906,1.917282936181874,1,Normal,0.16359896164388082
SD,2013,56204,48550,146228,96216,15.331,4.415636034769786e-05,7.105662565861715,3.003224939532378,1,Normal,0.1509292589072504
SD,2014,53969,46114,145456,99127,15.354,4.454734569889197e-05,-0.7289788535648212,0.1500228295610251,1,Normal,0.16242931162634755
SD,2015,49224,45281,148524,101446,14.078,4.086798751723637e-05,-0.0557059422573114,-8.310537970561416,1,Normal,0.13764207644585114
SD,2016,47140,42734,146885,100754,14.714,4.359535780843997e-05,-2.021046520066772,4.517687171473228,1,Normal,0.1477061694938313
SD,2017,48137,44134,152282,100054,14.575,4.229443309499489e-05,2.102141250855527,-0.944678537447341,1,Normal,0.15969789697416842
SD,2018,52873,45389,154652,101175,15.451,4.36357988082126e-05,2.751532175689486,6.010291595197259,1,Normal,0.1559647292896123
SD,2019,52605,44565,153829,100245,15.95,4.541002835635627e-05,-0.8037504589228694,3.229564429486764,1,Normal,0.161072223671814
SD,2020,46335,40306,155020,97397,14.902,4.395131202128256e-05,-3.469667809272192,-6.570532915360506,1,Normal,0.1387278295463596
SD,2021,44413,38796,162752,102498,15.113,4.337095612396293e-05,2.772985073306256,1.415917326533345,1,Normal,0.1582590329599104
SD,2022,49303,41741,160829,102141,15.458,4.36649398046405e-05,1.59416172347393,2.282802884933499,1,Normal,0.15914213770227148
SD,2023,47872,42404,160320,98950,15.195,4.347054902488078e-05,-1.261814504511116,-1.701384396429029,1,Normal,0.1558247523610306
TN,1962,180904,84573,485208,201900,58.649,6.156825900050914e-05,3.674934889243686,1.360132729598007,1,Normal,0.16636463025573733
TN,1963,193994,77467,514664,215915,63.65,6.352041834657299e-05,5.191662686269471,8.52699960783645,1,Normal,0.14841780915763492
TN,1964,193022,81040,531303,221891,59.921,5.833112680772855e-05,2.516466408526608,-5.858601728201096,1,Normal,0.14748305709597448
TN,1965,199678,85128,557463,230861,62.08,5.784946837754979e-05,4.465683335020687,3.603077385223874,1,Normal,0.1642576643753026
TN,1966,218688,93239,608097,248978,67.974,5.814703482115514e-05,8.933866353563879,9.49420103092784,1,Normal,0.12420004711229976
TN,1967,220830,99229,590622,257828,68.057,5.824264788944534e-05,-0.04225826816378619,0.1221055109306368,1,Normal,0.1694571491350254
TN,1968,246933,110181,587623,277502,78.153,6.39424858804211e-05,4.598256922502886,14.83462391818624,1,Normal,0.11385703906999223
TN,1969,266086,118739,592020,296060,80.438,6.319251098276068e-05,4.145261278686085,2.923752127237589,1,Normal,0.16719396871879177
TN,1970,278422,124565,588364,308383,77.922,5.995226715620273e-05,2.107778748436639,-3.127874885004611,1,Normal,0.15939527806424802
TN,1971,279023,132072,568070,325417,76.356,5.852904721278753e-05,0.373076337158218,-2.009702009702008,1,Normal,0.16854334735270182
TN,1972,291727,140178,619807,355659,87.004,6.182027469677484e-05,7.878916098094191,13.94520404421396,1,Normal,0.09796696523238546
TN,1973,297611,147119,711576,388248,98.674,6.388514994305796e-05,9.747472235446253,13.41317640568249,1,Normal,0.07089525610135178
TN,1974,286426,143901,689550,380946,90.324,6.018297960518995e-05,-2.831239847386269,-8.462208889879818,1,Normal,0.13053838896712971
TN,1975,322415,136281,682006,390254,89.693,5.858626897180585e-05,2.007765072896661,-0.6985961649174088,1,Normal,0.16175106361625324
TN,1976,335244,139137,760868,406098,101.992,6.213920639572254e-05,7.21059259704393,13.71232983621911,1,Normal,0.09339476473431935
TN,1977,373399,165579,761114,418416,102.452,5.961683041335857e-05,4.701077834242251,0.4510157659424197,1,Normal,0.1543407565223448
TN,1978,364175,193493,691223,443273,104.189,6.157145524901841e-05,-1.532957658620149,1.695428102916474,1,Normal,0.15885704117693183
TN,1979,356098,205971,718296,450307,101.747,5.879045827285586e-05,2.275665951999928,-2.343817485531097,1,Normal,0.157972816985612
TN,1980,356199,211940,679013,408896,100.787,6.085995091929703e-05,-4.311851119102872,-0.9435167621649754,1,Normal,0.14827947336904707
TN,1981,335178,219764,667078,408735,99.416,6.096321088281862e-05,-1.527371187308579,-1.360294482423341,1,Normal,0.15955182161185028
TN,1982,340372,219094,584107,398309,88.184,5.719244403916772e-05,-5.449749011806803,-11.29798020439365,1,Normal,0.10203297402235179
TN,1983,333707,238680,614048,396070,94.866,5.994673002612946e-05,2.634637410644913,7.577338292660807,1,Normal,0.1516175164225858
TN,1984,357190,175501,705227,426527,98.953,5.945104824731367e-05,5.177866736597991,4.308182067337096,1,Normal,0.15710269888706457
TN,1985,350602,173959,691926,434199,103.352,6.261150660300832e-05,-0.8265818335841724,4.445544854627959,1,Normal,0.15352909232236484
TN,1986,344703,158650,670246,465660,104.875,6.397707744779805e-05,-0.6923178046474021,1.473604768170911,1,Normal,0.15716889178856996
TN,1987,361203,164354,677038,458225,103.914,6.2567925824548e-05,1.315228405029356,-0.9163289630512494,1,Normal,0.1598898927651778
TN,1988,378357,173211,713614,466234,106.767,6.166455664034524e-05,4.25073412575363,2.74553958080721,1,Normal,0.1548307475056242
TN,1989,390920,197433,706305,477732,103.288,5.827614592507626e-05,2.366444574845095,-3.258497475811817,1,Normal,0.14972812668798052
TN,1990,371139,196823,696211,466321,105.465,6.094498972837252e-05,-2.363702324941086,2.10769886143598,1,Normal,0.1519672331969707
TN,1991,383455,197651,700373,440683,100.742,5.849740036070939e-05,-0.4815385193253974,-4.478262930830135,1,Normal,0.1507839776896548
TN,1992,387977,142454,785053,460343,106.43,5.993263983484878e-05,3.116141222486624,5.646105894264553,1,Normal,0.14295468101157732
TN,1993,399124,131788,799653,485212,117.073,6.447539291697553e-05,2.249712387524228,9.999999999999986,1,Normal,0.11739158371743308
TN,1994,416850,128967,800196,499427,111.686,6.051991880535937e-05,1.633679888180173,-4.60140254371203,1,Normal,0.13042326986880876
TN,1995,405455,131550,821919,523839,118.561,6.29718132340608e-05,2.022333944930277,6.155650663467216,1,Normal,0.13555757097595572
TN,1996,465550,143791,823657,541590,119.611,6.057516808569687e-05,4.877140670387092,0.8856200605595443,1,Normal,0.13308569527943936
TN,1997,429644,337689,647432,546092,122.789,6.262006867405426e-05,-0.69538556904023,2.656946267483762,1,Normal,0.14661609976871792
TN,1998,452348,338188,696313,556277,122.037,5.973047209964329e-05,4.195665466681153,-0.6124327097704163,1,Normal,0.14354338582355952
TN,1999,465527,351317,712907,574004,122.831,5.838660717299037e-05,2.967263920811614,0.6506223522374288,1,Normal,0.14840615037796445
TN,2000,492023,362679,713029,583020,128.696,5.983770320227679e-05,2.234007509436697,4.774853253657452,1,Normal,0.1378402645115207
TN,2001,484520,358197,736277,579913,127.169,5.890428915716225e-05,0.3793093668211789,-1.186517063467396,1,Normal,0.14350350866191786
TN,2002,494497,354993,711578,613313,126.159,5.80206504747788e-05,0.7166582750824713,-0.7942187168256343,1,Normal,0.14436753278844922
TN,2003,477692,353752,703974,629701,125.05,5.77566406280671e-05,-0.4259603077841456,-0.879049453467462,1,Normal,0.14339542302606373
TN,2004,491205,364083,722541,630251,126.949,5.749293503858556e-05,1.984232737322977,1.518592562974819,1,Normal,0.14342495687054752
TN,2005,525347,372622,729775,645154,128.076,5.634918225578875e-05,2.935536755914647,0.8877580760777937,1,Normal,0.13843057785060825
TN,2006,520960,373274,730727,648674,129.826,5.710063400677769e-05,0.03238155324982728,1.366376214122855,1,Normal,0.1414062362621228
TN,2007,548414,387926,715120,651672,128.95,5.598897501315599e-05,1.297349838474515,-0.6747492798052868,1,Normal,0.13660874671208612
TN,2008,543255,382336,698090,611706,122.428,5.476816979259958e-05,-2.941472742335216,-5.057774331136089,1,Normal,0.11753746776078594
TN,2009,501810,354339,558625,595879,101.832,5.065938488586067e-05,-10.07678315959749,-16.8229489985951,1,Normal,0.013605246982140828
TN,2010,575394,380955,611920,617130,109.283,5.001242496397218e-05,8.705203790200745,7.316953413465321,1,Normal,0.08774974374509131
TN,2011,527763,363297,610615,614392,105.416,4.981617125844714e-05,-3.158503640766142,-3.538519257341033,1,Normal,0.12158081325628367
TN,2012,470094,341767,604509,594524,98.949,4.920647234513604e-05,-4.971693209205618,-6.13474235410184,1,Normal,0.1118154670571802
TN,2013,493698,397306,552470,598926,97.048,4.751662381677251e-05,1.566815555668266,-1.921191725030058,1,Normal,0.13610315979150284
TN,2014,529273,408960,576504,613239,102.327,4.808653856998387e-05,4.189921567801824,5.439576292144088,1,Normal,0.12060728171544144
TN,2015,501404,419405,556916,621346,98.389,4.687261799499969e-05,-1.358285995706721,-3.848446646535131,1,Normal,0.12732013872239129
TN,2016,502677,429607,574455,634163,100.898,4.712873358986072e-05,1.992785383255069,2.550081818089422,1,Normal,0.1348942291155048
TN,2017,465553,405503,557722,640109,96.988,4.687926708489436e-05,-3.363675684361078,-3.875200697734338,1,Normal,0.12161223628040208
TN,2018,524451,436612,535101,647938,93.456,4.358745825177242e-05,3.635477785420105,-3.641687631459556,1,Normal,0.10799881608285555
TN,2019,491758,418893,515611,668034,92.014,4.393550675954747e-05,-2.322929448818456,-1.542972093819561,1,Normal,0.11710410919998693
TN,2020,456211,377181,492031,615782,83.043,4.277907651223003e-05,-7.309899216777749,-9.749603321233714,1,Normal,0.06896619493460909
TN,2021,493365,408596,529968,669754,92.325,4.392905879285373e-05,8.266922727417914,11.17734185903687,1,Normal,0.06624274466469199
TN,2022,505445,420059,518708,665643,91.48,4.335840929428359e-05,0.3888310516709348,-0.9152450582182503,1,Normal,0.1230944866048454
TN,2023,473364,407401,512518,664140,88.399,4.296590587638316e-05,-2.485193302291722,-3.367949278530835,1,Normal,0.11245618144476727
TX,1962,393652,206525,3138382,835619,252.05,5.51027845652739e-05,4.178809756986368,4.552091456636087,1,Normal,0.008969277002481624
TX,1963,417584,229266,3319059,860527,263.588,5.461339477274635e-05,5.514781996944151,4.577663162071022,-1,Anomaly,-0.0027887001640759523
TX,1964,428793,246944,3375871,888449,270.107,5.467689947707082e-05,2.354159954500568,2.473177838141338,1,Normal,0.005539101127665869
TX,1965,434217,258585,3517682,919603,279.282,5.444000180893583e-05,3.846736991091393,3.396802008093069,-1,Anomaly,-0.005990682038055528
TX,1966,463797,286766,3771940,950843,295.064,5.390926389620972e-05,6.691054812315111,5.650919142658695,-1,Anomaly,-0.020781692991631795
TX,1967,489415,352445,3935390,1002771,311.281,5.385464862497905e-05,5.603081844831626,5.496095762275299,-1,Anomaly,-0.022875179952091096
TX,1968,535534,378569,4157815,1096279,330.316,5.355146730884244e-05,6.71582335081482,6.115053601087106,-1,Anomaly,-0.040160605340817224
TX,1969,602594,405867,4368739,1159513,350.353,5.359773329500622e-05,5.974452502084482,6.066009518158388,-1,Anomaly,-0.05175454802597956
TX,1970,638226,433629,4516739,1212068,363.388,5.343420978722365e-05,4.037946900835321,3.720533290709649,-1,Anomaly,-0.04192162723975379
TX,1971,675000,450411,4716869,1258232,380.38,5.357077721004102e-05,4.409144286247435,4.675993703699621,-1,Anomaly,-0.0537502586947719
TX,1972,734302,487856,4901527,1360829,403.488,5.390962634106689e-05,5.408243038214278,6.074977653925018,-1,Anomaly,-0.0685974406752552
TX,1973,748265,531387,5338228,1486367,440.159,5.431218720077392e-05,8.279936498316665,9.088498294868753,-1,Anomaly,-0.09803367978467792
TX,1974,734367,513669,5178194,1509541,432.951,5.455682307765297e-05,-2.078652655893709,-1.6375900526855,-1,Anomaly,-0.0774294134947986
TX,1975,712548,525406,4553744,1562028,411.338,5.593608128680538e-05,-7.334703414824572,-4.992019882157561,-1,Anomaly,-0.09311541039200844
TX,1976,725322,560579,4788031,1614344,426.327,5.545164540352792e-05,4.549414819584396,3.643961899946024,-1,Anomaly,-0.06318555100067336
TX,1977,830981,633136,5159677,1728153,465.074,5.568448753698089e-05,8.632414643301889,9.088563473577803,-1,Anomaly,-0.11223333439961525
TX,1978,882550,674414,5397494,1826422,495.827,5.646674110122143e-05,5.135555784643797,6.612496075893293,-1,Anomaly,-0.10299379586471591
TX,1979,894630,777791,5594926,1880719,522.424,5.710760846312492e-05,4.181761985261589,5.364169357457338,-1,Anomaly,-0.10340708018203215
TX,1980,877205,719128,5818771,1802055,528.587,5.734814194393934e-05,0.7553183663033369,1.179693122827441,-1,Anomaly,-0.09450386111018194
TX,1981,858402,747144,5553833,1826225,524.274,5.834596185968029e-05,-2.512172946981495,-0.815948935558386,-1,Anomaly,-0.10516046890256958
TX,1982,905579,766757,4717767,1883216,498.085,6.020377069952216e-05,-7.927008620116904,-4.995288723072289,-1,Anomaly,-0.12006370011420531
TX,1983,880792,835340,4595265,1880769,496.052,6.055195869324505e-05,-0.9808397331228291,-0.4081632653061162,-1,Anomaly,-0.09007134875984668
TX,1984,980540,820687,4973868,1960057,516.02,5.907390362626443e-05,6.62814533534517,4.025384435502732,-1,Anomaly,-0.1058849230296448
TX,1985,1015564,841174,4939776,2027528,521.776,5.913110449359268e-05,1.017645927493027,1.115460641060428,-1,Anomaly,-0.09267809116224623
TX,1986,986538,822045,4934460,2073455,517.094,5.865068512417167e-05,-0.08555025678109729,-0.8973199227254369,-1,Anomaly,-0.09811453430767703
TX,1987,1035020,856242,5155472,2032666,524.024,5.771571444321369e-05,2.981850856076296,1.340181862485346,-1,Anomaly,-0.094301236241224
TX,1988,1071628,905534,5548145,2146110,556.241,5.75139271258577e-05,6.520420569687491,6.148000854922664,-1,Anomaly,-0.13014033196832442
TX,1989,1133588,942123,5693469,2150031,574.614,5.792945259815734e-05,2.562076238283262,3.303064678799306,-1,Anomaly,-0.11899346306147884
TX,1990,1121459,949870,5853429,2155244,576.905,5.723267863380461e-05,1.620997170841254,0.3987024332856359,-1,Anomaly,-0.11606662716114313
TX,1991,1138132,963731,5874899,2103266,571.164,5.666298281154204e-05,0.0002678573288728003,-0.9951378476525607,-1,Anomaly,-0.12329576273513176
TX,1992,1101903,960595,6024271,2149543,578.846,5.654825171546024e-05,1.55059216152349,1.344972722370463,-1,Anomaly,-0.11578051184787141
TX,1993,1172999,979616,6050933,2135807,594.594,5.750783148313769e-05,1.006582443690696,2.720585440687162,-1,Anomaly,-0.12483654710627279
TX,1994,1182253,1018393,6256030,2196665,594.738,5.582640421140927e-05,3.036832948122403,0.02421820603639713,-1,Anomaly,-0.12755061959013414
TX,1995,1203635,1073656,6357666,2165210,597.893,5.53596530717421e-05,1.378083467860702,0.5304856928597168,-1,Anomaly,-0.12341055383516353
TX,1996,1294572,1072197,6866555,2338876,643.23,5.558413461517689e-05,7.148312089508324,7.582794914809177,-1,Anomaly,-0.16396096571557905
TX,1997,1314774,1127127,7127897,2402607,657.623,5.492820576642464e-05,3.458490603375153,2.237613295399776,-1,Anomaly,-0.15583146469431464
TX,1998,1384828,1156597,7086009,2524138,662.548,5.452359581463583e-05,1.496549149252324,0.7489093295094618,-1,Anomaly,-0.15722996298417957
TX,1999,1357678,1182897,6728541,2509764,653.296,5.546335189678949e-05,-3.067139482979298,-1.396427126789301,-1,Anomaly,-0.16699473864963676
TX,2000,1460523,1278282,6831205,2563154,679.802,5.602839620877283e-05,3.007858898602978,4.05727266047855,-1,Anomaly,-0.1718092527460373
TX,2001,1450183,1245714,6556603,2674517,673.546,5.647225523548413e-05,-1.699012022333157,-0.9202679603766972,-1,Anomaly,-0.1740944908378489
TX,2002,1513718,1260046,6674275,2768700,684.268,5.601075116197253e-05,2.428946028032986,1.591873457789061,-1,Anomaly,-0.1702161755735906
TX,2003,1464987,1221099,6650843,2669825,677.71,5.644402242302943e-05,-1.718651953068273,-0.9583964177778292,-1,Anomaly,-0.17312165709559468
TX,2004,1417546,1197638,6734276,2698061,677.22,5.62123569073791e-05,0.3395253158574141,-0.07230231219843564,-1,Anomaly,-0.1676977168796877
TX,2005,1478243,1279109,6024833,2722999,650.691,5.655628231909867e-05,-4.501628508219402,-3.917338531053427,-1,Anomaly,-0.17606486857748727
TX,2006,1444532,1259668,6072814,2855226,654.433,5.626032153765873e-05,1.104162172319745,0.5750809524029066,-1,Anomaly,-0.1615264830691353
TX,2007,1524245,1316185,5985493,2885494,652.175,5.568714612501824e-05,0.6806949312384569,-0.3450315005508631,-1,Anomaly,-0.1662581374404294
TX,2008,1542723,1351178,5457708,2801454,627.414,5.625482490471233e-05,-4.767487433195495,-3.796680338866099,-1,Anomaly,-0.17723833856045668
TX,2009,1538419,1395960,5123172,2690457,593.216,5.520569009020378e-05,-3.653801150714553,-5.450627496358063,-1,Anomaly,-0.17728242659223947
TX,2010,1618905,1418562,5717744,2665194,615.955,5.394077535721298e-05,6.268068510907621,3.833173751213725,-1,Anomaly,-0.17205493853796028
TX,2011,1669597,1487982,5777933,2688648,635.055,5.463161564902803e-05,1.797120928465623,3.100875875672715,-1,Anomaly,-0.16667769332443017
TX,2012,1525164,1483043,5944798,2698257,627.388,5.384726036309231e-05,0.231747028835172,-1.207297005771135,-1,Anomaly,-0.16700813300609885
TX,2013,1598113,1526633,6310151,2955104,657.257,5.304732982077255e-05,6.340597559815886,4.760849745293161,-1,Anomaly,-0.18600804726897768
TX,2014,1615751,1547453,6254663,2938998,661.27,5.351436949880828e-05,-0.2674977447558402,0.61056786006084,-1,Anomaly,-0.17962150442467573
TX,2015,1586838,1493346,6395507,2994617,652.844,5.235186195436506e-05,0.9180562582686846,-1.274214768551418,-1,Anomaly,-0.18474634110205113
TX,2016,1528505,1484210,6517520,3088180,653.535,5.179215017286636e-05,1.187676875099597,0.1058445815539377,-1,Anomaly,-0.18004391553903354
TX,2017,1487626,1455588,6680183,3117200,662.035,5.196262342432852e-05,0.9682830288234134,1.300618941602205,-1,Anomaly,-0.18347856040984356
TX,2018,1607171,1501806,7202384,3229203,681.981,5.036577129536323e-05,6.278864417688346,3.012831647873604,-1,Anomaly,-0.1998637000246707
TX,2019,1583315,1460746,7336907,3342633,682.83,4.975584419672544e-05,1.351856440259325,0.1244902717231211,-1,Anomaly,-0.1937896727430709
TX,2020,1536642,1439135,7155306,2851114,626.644,4.826946551367283e-05,-5.402447197946547,-8.228402384195189,-1,Anomaly,-0.20445245755797437
TX,2021,1513510,1462714,7573083,3172383,664.004,4.839082879799582e-05,5.696167283780729,5.961917771493863,-1,Anomaly,-0.19714510814259179
TX,2022,1639897,1547539,7336369,3311900,667.641,4.825492822700915e-05,0.830910709182997,0.5477376642309295,-1,Anomaly,-0.19815595661348695
TX,2023,1565174,1555437,7672800,3356244,672.456,4.752454759324184e-05,2.269128875678628,0.7211959720867966,-1,Anomaly,-0.19713063361003746
UT,1962,47583,34744,155964,65915,20.121,6.614246220501171e-05,3.085373870729446,-1.992206527033624,1,Normal,0.15877458259258503
UT,1963,45987,35482,157882,66515,19.862,6.493672086233558e-05,0.5456810658531763,-1.287212365190593,1,Normal,0.16197001443821119
UT,1964,50355,38364,172869,66941,21.24,6.465182677937107e-05,7.409102649190658,6.937871312053168,1,Normal,0.1491041203263529
UT,1965,47243,39604,176579,70642,22.058,6.602847324496809e-05,1.686000322650361,3.851224105461393,1,Normal,0.16349433569422245
UT,1966,52879,33408,180358,78749,22.883,6.625206648658195e-05,3.390028377456078,3.74013963187958,1,Normal,0.16157615453142687
UT,1967,56429,36084,169129,77711,22.181,6.536261650847348e-05,-1.748732603150616,-3.0677795743565,1,Normal,0.15836166496194254
UT,1968,58814,38426,179127,83491,23.275,6.467846950316376e-05,6.042085969477218,4.932149136648478,1,Normal,0.16079727469480543
UT,1969,63426,42222,195571,87960,24.71,6.349247135001798e-05,8.148514548834672,6.165413533834596,1,Normal,0.1517986998721052
UT,1970,65437,41046,192361,91544,24.407,6.252001219302897e-05,0.3101392671771341,-1.226224200728454,1,Normal,0.16758941798086385
UT,1971,74215,45061,190412,98351,25.523,6.25502401725321e-05,4.521923117316917,4.572458720858763,1,Normal,0.16468667790688252
UT,1972,73895,45537,198220,103196,25.785,6.126915180777859e-05,3.138907950200953,1.026525095012354,1,Normal,0.1680089716399648
UT,1973,76815,50721,212845,109665,28.246,6.276247316940934e-05,6.937896817853484,9.544308706612359,1,Normal,0.1492971835920448
UT,1974,82349,52699,217165,112423,29.612,6.373160925972159e-05,3.241890828937488,4.83608298520144,1,Normal,0.166862280715651
UT,1975,89209,50466,217565,113847,30.983,6.576916790316864e-05,1.388398660456791,4.629879778468204,1,Normal,0.16699595221469488
UT,1976,98073,62468,224852,116248,30.748,6.129483036673638e-05,6.485850808873939,-0.7584804570248127,1,Normal,0.15883489456545846
UT,1977,70888,59629,227050,121394,31.965,6.673807107870771e-05,-4.520962202052859,3.957981006894751,1,Normal,0.14828402966106263
UT,1978,84324,59878,226790,130166,34.108,6.805837679933273e-05,4.634188098429526,6.704207727201617,1,Normal,0.1577075655407994
UT,1979,100464,53839,230516,131650,36.627,7.091782500856777e-05,3.055523407787564,7.385364137445771,1,Normal,0.15595553790369854
UT,1980,102725,52152,212890,126763,35.914,7.262263689288192e-05,-4.248447637911901,-1.946651377399189,1,Normal,0.1500961977823282
UT,1981,102728,38472,203789,122808,33.71,7.206101778972976e-05,-5.405345288142859,-6.136882552764944,1,Normal,0.1338051948511883
UT,1982,90723,61463,180398,121883,32.182,7.081277807360727e-05,-2.84994805450216,-4.532779590625924,1,Normal,0.1541301038423723
UT,1983,107360,54647,188915,126099,33.468,7.016043318847598e-05,4.962967526723672,3.996022621341133,1,Normal,0.16532956886674427
UT,1984,107606,63970,191063,128479,35.838,7.297227957435891e-05,2.955215808109068,7.081391179634267,1,Normal,0.15889434131626223
UT,1985,113835,66278,176703,132132,36.855,7.537611361535377e-05,-0.4418490057379265,2.837769964841774,1,Normal,0.1630361095709419
UT,1986,103830,62405,151003,141909,35.851,7.808174723999068e-05,-6.094922159411631,-2.724189390856047,1,Normal,0.13825533613676377
UT,1987,91283,74323,140618,146203,44.51,9.83805122152303e-05,-1.463583558206849,24.15274329865276,1,Normal,0.05214149238392729
UT,1988,94968,80689,190451,151122,51.637,9.98339226918831e-05,14.32319468113088,16.01213210514491,1,Normal,0.027565533889041927
UT,1989,99401,80920,202826,143100,52.26,9.930679071464404e-05,1.743715066247242,1.20649921567868,1,Normal,0.13641729374608896
UT,1990,97186,82337,207580,148687,54.485,0.0001016911508075007,1.813023517429047,4.257558362035985,1,Normal,0.1330977517726175
UT,1991,107838,89443,213071,154513,53.423,9.457674767731702e-05,5.426576506796521,-1.949160319353949,1,Normal,0.12907870380013853
UT,1992,101115,87186,205684,157455,55.015,9.976606702451763e-05,-2.376501246317697,2.979989891994084,1,Normal,0.12635208881921683
UT,1993,110606,92045,209580,163603,56.709,9.84816778475704e-05,4.423509357319011,3.079160229028455,1,Normal,0.13258664012333288
UT,1994,109118,100098,210353,166811,57.771,9.852126859499199e-05,1.831781089308882,1.872718616092683,1,Normal,0.13695744714799457
UT,1995,110229,102402,241804,181276,57.974,9.119567098205156e-05,8.412448561600726,0.3513873742881257,1,Normal,0.11707078012639549
UT,1996,119955,108056,247095,189839,58.726,8.831721167496811e-05,4.598637743625233,1.297133197640332,1,Normal,0.1494765009643591
UT,1997,125675,115455,239532,197637,61.15,9.015198312248728e-05,2.008439808465079,4.127643633143752,1,Normal,0.1468267663592448
UT,1998,123721,116256,259733,202063,63.586,9.060751751988531e-05,3.460863129681746,3.983646770237126,1,Normal,0.14326939454439186
UT,1999,128897,123948,231724,209020,62.447,9.003471801703606e-05,-1.166472397096496,-1.791274808920196,1,Normal,0.14506739499979437
UT,2000,134346,132394,252768,220789,65.376,8.831038311598844e-05,6.734545580373363,4.690377440069171,1,Normal,0.14183024616530798
UT,2001,135272,138241,225017,212266,63.184,8.889189021885322e-05,-3.985151925305752,-3.352912383749396,1,Normal,0.13395378856512202
UT,2002,143625,146255,181004,219785,62.537,9.054567462224977e-05,-2.831754821355215,-1.023993416054692,1,Normal,0.1307151075945311
UT,2003,139888,136674,201160,223913,63.569,9.0601109407157e-05,1.58802782234011,1.650223067943779,1,Normal,0.1449627079491056
UT,2004,147725,142702,209373,232664,65.956,9.004674632473405e-05,4.393731222457231,3.754974909153841,1,Normal,0.13846571112694145
UT,2005,148785,145829,226239,236791,67.511,8.910649328708469e-05,3.437711614495731,2.35763236096791,1,Normal,0.1455467498768856
UT,2006,154182,143376,217010,260515,68.762,8.871566012930228e-05,2.301740659201412,1.853031357852797,1,Normal,0.15095929905984434
UT,2007,156147,144551,217492,259908,70.685,9.08431960457474e-05,0.3891196168668287,2.796602774788393,1,Normal,0.1408235961588684
UT,2008,161823,146632,215479,240235,69.793,9.133189124395259e-05,-1.79026062236296,-1.261936761689175,1,Normal,0.1378355326616887
UT,2009,159703,146563,198907,231584,65.095,8.835869599151908e-05,-3.592922507979257,-6.731334087945795,1,Normal,0.12170654755622856
UT,2010,161950,150148,208328,226280,64.037,8.576184838566248e-05,1.353444285630911,-1.625316844611713,1,Normal,0.1500119620905132
UT,2011,166477,153963,217647,242485,64.49,8.261868829861102e-05,4.538733922248239,0.7074035323328509,1,Normal,0.15171842765758703
UT,2012,158068,151529,232532,235175,61.673,7.934218786986817e-05,-0.41892248524803,-4.368119088230726,1,Normal,0.1547766649534873
UT,2013,173059,161353,241648,240005,66.533,8.152894496278487e-05,4.986723341189547,7.880271755873713,1,Normal,0.1443430934008464
UT,2014,156523,154528,233485,242344,65.305,8.299232411549411e-05,-3.576426416490819,-1.84570062976267,1,Normal,0.13958141256256046
UT,2015,155943,158711,224990,250143,63.598,8.052561073505988e-05,0.3693066287108637,-2.613888676211629,1,Normal,0.15910094832120758
UT,2016,160854,157901,217298,255489,58.764,7.423999514870361e-05,0.2222120928960569,-7.600867951822377,1,Normal,0.15131193608067783
UT,2017,165691,160521,215293,259717,58.987,7.362129347421813e-05,1.2230573021486,0.3794840378462894,1,Normal,0.17300503796945604
UT,2018,168952,164446,211955,276040,61.197,7.450392199592644e-05,2.517529473728874,3.746588231305203,1,Normal,0.16792518448689342
UT,2019,179740,168654,212787,272445,61.453,7.37176219100389e-05,1.489421020145043,0.4183211595339742,1,Normal,0.17254748891797622
UT,2020,182176,160679,208204,252959,57.309,7.12782549644411e-05,-3.551828335694496,-6.743364847932575,1,Normal,0.14978816507395287
UT,2021,181168,167115,205644,269066,62.111,7.546965770061228e-05,2.360021790556921,8.379137657261504,1,Normal,0.1540376408121938
UT,2022,192592,176163,201443,281283,60.22,7.07238329451861e-05,3.461511823308339,-3.044549274685637,1,Normal,0.16429265705770857
UT,2023,195280,182408,193074,276335,54.476,6.430904607146526e-05,-0.5148676247620276,-9.538359349053472,1,Normal,0.14202624551607207
VA,1962,198268,83192,300732,279501,67.846,7.873560683955094e-05,3.220868081925632,4.687692877422545,1,Normal,0.16269954330521613
VA,1963,205926,89313,328373,294215,71.403,7.77957065983023e-05,6.514261443157321,5.242755652507158,1,Normal,0.15634793360292798
VA,1964,203124,93753,338914,309745,73.363,7.75888782541101e-05,3.018869569101801,2.744982703807963,1,Normal,0.1646021180817786
VA,1965,211803,100900,373903,332226,77.619,7.618429731300156e-05,7.751907650166312,5.801289478347393,1,Normal,0.1461399872039315
VA,1966,231822,114319,394005,349062,80.487,7.389497690064707e-05,6.90751762802897,3.694971592007112,1,Normal,0.1555269890260424
VA,1967,240925,123939,363632,376536,80.404,7.276162793328343e-05,1.452890540649721,-0.1031222433436452,1,Normal,0.16981554040264196
VA,1968,257777,137751,378742,389886,83.998,7.215349819654909e-05,5.350428448743161,4.469926869310004,1,Normal,0.1609924174345903
VA,1969,265186,149015,362945,421502,84.7,7.066300587245452e-05,2.962658816637265,0.835734184147241,1,Normal,0.17048414435046466
VA,1970,281875,164856,348179,446103,86.584,6.97688098351911e-05,3.534485131986309,2.224321133412044,1,Normal,0.16614821183420325
VA,1971,282796,178374,350973,469468,87.383,6.81822083161024e-05,3.271279188856191,0.9228032892913074,1,Normal,0.16737347150385168
VA,1972,296920,189422,363634,484381,88.633,6.642375316350872e-05,4.115682617957095,1.430484190288728,1,Normal,0.16597115754525582
VA,1973,305944,210847,376650,499236,89.519,6.427836461720844e-05,4.37064443773294,0.9996276781785607,1,Normal,0.16396573445932033
VA,1974,294197,207971,357955,474824,84.931,6.362125237930794e-05,-4.145254068244109,-5.125168958545123,1,Normal,0.14508278541420644
VA,1975,304772,200813,337857,467402,81.087,6.185861933227752e-05,-1.805539845402104,-4.526027010161182,1,Normal,0.15656565401875716
VA,1976,330682,218386,359014,489360,86.028,6.156105226549654e-05,6.60627809258767,6.093455177772023,1,Normal,0.15471556043156942
VA,1977,347781,228519,372451,501270,87.296,6.020326602166452e-05,3.762517514143693,1.473938717626821,1,Normal,0.16735849417314436
VA,1978,350148,238389,368191,513369,84.643,5.757647284498914e-05,1.384531672299927,-3.039085410557196,1,Normal,0.15963233013780564
VA,1979,376465,233667,410549,502922,89.405,5.867998422161154e-05,3.639623779927437,5.625982065853052,1,Normal,0.15924020841257275
VA,1980,343378,240818,419272,481807,81.821,5.508811499553954e-05,-2.51561594457349,-8.482747049941286,1,Normal,0.1335303136728006
VA,1981,327959,245870,411969,483845,78.257,5.324902255107026e-05,-1.052532359327396,-4.355849965167858,1,Normal,0.15413707498080392
VA,1982,328102,252896,399375,466091,74.757,5.168258594752445e-05,-1.577118781308651,-4.472443359699452,1,Normal,0.15372639244962
VA,1983,333876,267878,420367,476808,77.218,5.151544869703635e-05,3.627121034467495,3.29199941142635,1,Normal,0.16002541307944018
VA,1984,360774,280346,456730,482446,83.011,5.252880000253117e-05,5.428275788913295,7.502136807480109,1,Normal,0.14295348550953724
VA,1985,370280,288216,458260,502735,82.478,5.092831579285355e-05,2.480359679680055,-0.6420835792846802,1,Normal,0.15868293968175418
VA,1986,395619,310764,462219,531461,87.404,5.141218212961394e-05,4.975140352653784,5.972501758044579,1,Normal,0.14164709352850674
VA,1987,414712,333008,480864,568731,93.922,5.225680959831215e-05,5.720490522709731,7.457324607569449,1,Normal,0.1277969516044209
VA,1988,440213,346736,490579,600367,97.076,5.169402352419942e-05,4.483351842413907,3.358105662145183,1,Normal,0.14373133313505482
VA,1989,452734,372324,507014,577191,100.196,5.247886096422496e-05,1.670380042345254,3.213976678066666,1,Normal,0.1472485980976922
VA,1990,429754,393890,540318,583572,95.167,4.886541075298853e-05,2.004384935765824,-5.019162441614434,1,Normal,0.12630398182684288
VA,1991,448024,405571,530887,569474,96.239,4.925343725930229e-05,0.3297505100041898,1.126440888122993,1,Normal,0.14447847929020263
VA,1992,462598,420678,533448,565605,97.528,4.919867025167354e-05,1.452182880363151,1.339373850517989,1,Normal,0.1425982673087099
VA,1993,504293,446833,530398,574939,101.699,4.945335753670258e-05,3.739690162586462,4.276720531539646,1,Normal,0.13034819870326914
VA,1994,496943,445905,551324,586919,100.498,4.829103979164765e-05,1.197541604201002,-1.180935899074709,1,Normal,0.13470112022574765
VA,1995,515480,470287,564740,596472,102.986,4.796786554502862e-05,3.16608123627522,2.475671157634984,1,Normal,0.12931438943249896
VA,1996,535812,484946,559232,605177,107.743,4.930655153887622e-05,1.778638729116588,4.61907443730214,1,Normal,0.1237308719221828
VA,1997,517273,483235,562014,623570,109.979,5.030854173432933e-05,0.04228511701169779,2.075308836768985,1,Normal,0.13439225010730782
VA,1998,516238,501729,573231,633793,111.877,5.028202373943254e-05,1.779432685754023,1.725784013311626,1,Normal,0.1322471893402027
VA,1999,537331,519930,582775,646505,113.921,4.982243914385928e-05,2.766304567660982,1.827006444577539,1,Normal,0.12269802024714743
VA,2000,580257,551739,577660,682814,123.224,5.150493005136951e-05,4.632763914036064,8.166185338962961,1,Normal,0.09094809158233513
VA,2001,555371,543355,539421,684012,120.81,5.202486134670365e-05,-2.938845628158349,-1.959033954424461,1,Normal,0.11354646565524645
VA,2002,588419,553709,515432,688174,119.274,5.084721918479213e-05,1.015175963403014,-1.27141792897939,1,Normal,0.1196891802757985
VA,2003,601089,560654,536887,715484,124.098,5.140519461798407e-05,2.915122906144907,4.044469037677945,1,Normal,0.11270540391160555
VA,2004,625532,585995,559390,769981,127.72,5.026569346742765e-05,5.251781813120671,2.918661058195937,1,Normal,0.09824451219916691
VA,2005,658788,606963,569011,781764,129.371,4.94438233917123e-05,2.976388662590934,1.292671468838091,1,Normal,0.1085496808042547
VA,2006,611203,595145,544468,805002,122.97,4.811375457876891e-05,-2.320138351439405,-4.94778582526224,1,Normal,0.09047482620455527
VA,2007,647952,621198,540986,806845,128.131,4.896139825294806e-05,2.393049896354116,4.196958607790524,1,Normal,0.09721592841316368
VA,2008,633896,617139,514113,749511,116.741,4.642420559773934e-05,-3.909926709413136,-8.889339816281772,1,Normal,0.06169640748722888
VA,2009,624985,603915,440263,727600,105.776,4.414212147262818e-05,-4.708314212111553,-9.392587008848652,1,Normal,0.049177566683439644
VA,2010,668951,617782,445808,765516,111.806,4.476204126374317e-05,4.236852428367532,5.700726062622907,1,Normal,0.08161802498682602
VA,2011,613963,587685,440706,735982,102.341,4.302998068000496e-05,-4.781074119240003,-8.465556410210551,1,Normal,0.05426458837571274
VA,2012,563147,572994,440984,741767,98.395,4.243192112091513e-05,-2.500625429654402,-3.855737192327613,1,Normal,0.09175247034490275
VA,2013,609669,595234,441776,743063,105.449,4.412568386043347e-05,3.055382939517215,7.169063468672188,1,Normal,0.07837906187307314
VA,2014,626927,599955,450713,767786,107.146,4.381564925234585e-05,2.328284810661563,1.609308765374728,1,Normal,0.0942786615219387
VA,2015,597564,600439,446456,762564,107.235,4.455090148739812e-05,-1.568671070613914,0.08306423011592567,1,Normal,0.09466891005671257
VA,2016,565427,597047,436538,786399,109.534,4.591831173676643e-05,-0.897872973325542,2.143889588287418,1,Normal,0.10121745793673825
VA,2017,538467,594746,435557,793873,105.087,4.447859641875494e-05,-0.9544690430575931,-4.059926598133911,1,Normal,0.09138163842190083
VA,2018,591498,615650,437051,809827,109.582,4.465396862135935e-05,3.867873338406747,4.277408242694136,1,Normal,0.08052893900825764
VA,2019,556330,613394,430462,821927,106.407,4.393147635969089e-05,-1.300434469724443,-2.897373656257407,1,Normal,0.08776034043225067
VA,2020,539876,592378,414350,692798,97.81,4.367681922369489e-05,-7.543413540161003,-8.07935568148711,1,Normal,0.048748283988975516
VA,2021,553291,644242,450608,740332,98.135,4.108693759022505e-05,6.656640184906415,0.3322768633064133,1,Normal,0.06994184957573851
VA,2022,558261,736232,422598,735925,96.374,3.928799427969021e-05,2.702229710040571,-1.794466805930617,1,Normal,0.07100242587650468
VA,2023,509640,772710,399043,766105,95.217,3.890384294805793e-05,-0.2249477581456882,-1.200531263618809,1,Normal,0.07120633176611918
VT,1962,29920,9204,14171,19451,3.935,5.409232122728397e-05,3.836820919809303,1.679586563307489,1,Normal,0.1231076298595189
VT,1963,30385,9445,13108,19720,3.995,5.498362189985962e-05,-0.120968850520986,1.524777636594665,1,Normal,0.12611485840462633
VT,1964,29098,8373,12384,20186,3.737,5.33537020644756e-05,-3.600429409012085,-6.458072590738428,1,Normal,0.10260379864382618
VT,1965,33038,10775,15836,21156,4.416,5.46507598633731e-05,15.36506667428115,18.16965480331818,1,Normal,0.00886352034130733
VT,1966,35661,11744,18415,22648,4.726,5.341984197854615e-05,9.485916538785212,7.019927536231885,1,Normal,0.0977615589040734
VT,1967,37252,11528,18449,24252,4.701,5.138771985439599e-05,3.404582396093536,-0.5289885738468114,1,Normal,0.1262375238993892
VT,1968,39740,12049,20032,25602,4.957,5.088120874947394e-05,6.495337829713277,5.44564986173155,1,Normal,0.12470876654473434
VT,1969,41711,13480,21188,26604,5.195,5.044521911383432e-05,5.707071225480642,4.801291103490013,1,Normal,0.12777897387717824
VT,1970,42319,15225,22680,29255,5.529,5.050283616035952e-05,6.307837215851153,6.429258902791135,1,Normal,0.12491941882282348
VT,1971,42502,15831,24196,30302,5.485,4.861209585933069e-05,3.062687821408683,-0.7958039428467956,1,Normal,0.12711699498349283
VT,1972,46066,17133,23870,32532,5.816,4.862876254180602e-05,5.99829835507657,6.034639927073826,1,Normal,0.12610685905617608
VT,1973,46305,17203,24892,33907,5.956,4.869713099004963e-05,2.263377926421395,2.407152682255864,1,Normal,0.1338689959043512
VT,1974,41852,15122,22183,33188,5.329,4.743466495763013e-05,-8.145895165444328,-10.52719946272668,1,Normal,0.08295025734731654
VT,1975,39615,15487,21770,33366,5.178,4.697109889511784e-05,-1.87459944456313,-2.833552261212235,1,Normal,0.12420977213097772
VT,1976,44940,18110,28987,35461,5.866,4.600856484023278e-05,15.65703296503928,13.28698339127074,1,Normal,0.031409371105852735
VT,1977,43759,17923,26545,37970,5.821,4.612629460288279e-05,-1.020408163265307,-0.7671326287078117,1,Normal,0.13313515585295255
VT,1978,45602,17979,28990,38017,5.768,4.416944895396208e-05,3.479480494781972,-0.9104964782683411,1,Normal,0.1284254356991994
VT,1979,46102,16243,28488,36867,5.347,4.187157400156617e-05,-2.211535516280205,-7.298890429958382,1,Normal,0.10867388705084896
VT,1980,39692,16997,30996,33912,4.605,3.787100010691054e-05,-4.77916992952232,-13.87694034037779,1,Normal,0.06392647948493074
VT,1981,37168,15435,30257,34053,4.462,3.816513133697707e-05,-3.852068718800628,-3.105320304017389,1,Normal,0.11037928074255182
VT,1982,33285,15108,30468,31745,4.037,3.649892410899951e-05,-5.394609667017358,-9.524876736889286,1,Normal,0.08371894441043637
VT,1983,38299,14700,31295,34097,4.394,3.711430767541451e-05,7.038497007395628,8.843200396333906,1,Normal,0.10467707437931872
VT,1984,40991,15553,35050,36467,4.969,3.880182100717627e-05,8.167850596751446,13.08602639963587,1,Normal,0.07621730256276082
VT,1985,39933,17296,36319,36959,5.173,3.963741686333405e-05,1.910808130500308,4.105453813644599,1,Normal,0.13252336683752441
VT,1986,31748,17833,37197,37654,5.046,4.055259541432601e-05,-4.656419529837253,-2.455055093756042,1,Normal,0.11595236748814192
VT,1987,34423,23037,33905,42609,5.439,4.059773237891217e-05,7.668507044064587,7.788347205707491,1,Normal,0.11981170368070088
VT,1988,37826,24503,34854,44201,5.721,4.04642675267357e-05,5.531711613534074,5.184776613348041,1,Normal,0.13375051239699437
VT,1989,41020,25863,30034,42008,5.627,4.050416054821341e-05,-1.739942284841278,-1.643069393462682,1,Normal,0.13381301045179844
VT,1990,36481,21086,20582,42074,5.464,4.544887417549055e-05,-13.46131697906769,-2.89674782299626,1,Normal,0.07079876035439481
VT,1991,38045,22664,25173,42481,5.661,4.410149342100137e-05,6.770751021019272,3.605417276720346,1,Normal,0.12883456775946972
VT,1992,40852,23952,24859,44946,6.127,4.551667780996954e-05,4.866667186027129,8.231761172937645,1,Normal,0.12608625463923578
VT,1993,39775,22850,22347,47312,6.185,4.675546551359196e-05,-1.727954832479017,0.946629671943855,1,Normal,0.13519459829130182
VT,1994,39038,23014,22393,47859,6.013,4.544801783757228e-05,0.01587493574430887,-2.780921584478568,1,Normal,0.13284794109357861
VT,1995,37027,21222,21983,49731,5.983,4.603653375602099e-05,-1.770908128944482,-0.4989190088142359,1,Normal,0.13450010997024392
VT,1996,38624,22702,22652,51665,6.275,4.626114137847143e-05,4.371277758113901,4.880494735082741,1,Normal,0.13679719273868407
VT,1997,37508,23842,29308,50799,6.493,4.590054998656845e-05,4.286988639295797,3.474103585657362,1,Normal,0.14187610314298982
VT,1998,35360,24677,21784,50106,6.249,4.736710453508379e-05,-6.737688925334728,-3.757893115663036,1,Normal,0.11875082683051558
VT,1999,33735,22599,22546,52481,6.512,4.957331323604418e-05,-0.4290251426925518,4.208673387742046,1,Normal,0.13827054442436626
VT,2000,39815,26166,25692,51827,6.775,4.721254355400697e-05,9.2409467041207,4.038697788697809,1,Normal,0.11857708490125435
VT,2001,40077,27376,25106,51852,6.605,4.573751307033398e-05,0.6348432055749198,-2.509225092250922,1,Normal,0.13948719238536667
VT,2002,40583,28262,23908,51049,6.352,4.417154023212312e-05,-0.4210205593756733,-3.830431491294473,1,Normal,0.13199448943971392
VT,2003,42784,28875,23085,51875,6.662,4.543749445842626e-05,1.95823452918229,4.880352644836261,1,Normal,0.13893546323620481
VT,2004,45417,29650,27578,53308,7.069,4.532746835605371e-05,6.366841950906776,6.10927649354549,1,Normal,0.13772908962764907
VT,2005,46042,28300,26183,54027,6.806,4.403695843470159e-05,-0.8989830334585891,-3.720469656245573,1,Normal,0.13366348139700673
VT,2006,43486,27297,26145,54254,6.661,4.405947798018282e-05,-2.180495884880174,-2.130473111960041,1,Normal,0.13497357617117445
VT,2007,44271,28309,25724,53356,6.502,4.287221416325992e-05,0.3161752060430567,-2.387028974628436,1,Normal,0.13735466600435292
VT,2008,40797,26364,22305,50626,5.919,4.22508066127973e-05,-7.627588025847287,-8.966471854813907,1,Normal,0.09912920964399469
VT,2009,47463,27301,24223,52089,6.177,4.089590974695779e-05,7.816292150872295,4.358844399391781,1,Normal,0.12437617682345209
VT,2010,45928,26974,26920,50268,5.875,3.914787568633723e-05,-0.6422054792706633,-4.889104743402939,1,Normal,0.12560549012213518
VT,2011,44801,27014,25052,49014,5.802,3.977159778726788e-05,-2.791326829788365,-1.242553191489371,1,Normal,0.12759764751871827
VT,2012,36096,21937,21007,47930,5.443,4.286839410884461e-05,-12.96449894778693,-6.187521544295072,1,Normal,0.06873666315940524
VT,2013,40986,24950,19796,48693,5.709,4.246946275274128e-05,5.872253288178308,4.887010839610517,1,Normal,0.13152242649735385
VT,2014,43141,25807,20097,48289,5.874,4.27716370308882e-05,2.163271986074133,2.890173410404628,1,Normal,0.13913029088741186
VT,2015,44703,25956,17037,48695,6.106,4.476834981780323e-05,-0.6866471521982942,3.94960844399046,1,Normal,0.13449903561158644
VT,2016,40673,24234,16555,49056,5.882,4.5066580854748e-05,-4.306002595479175,-3.668522764493942,1,Normal,0.12437115395305265
VT,2017,41436,22573,17302,47809,5.803,4.494303704334761e-05,-1.071882805436797,-1.343080584835088,1,Normal,0.13457616972997882
VT,2018,46722,25285,16588,44661,5.832,4.376505549427047e-05,3.204795576173924,0.4997415130105098,1,Normal,0.13342330124344648
VT,2019,46355,24166,15884,46381,6.005,4.522314099377946e-05,-0.3534523514712173,2.96639231824416,1,Normal,0.13741316938151954
VT,2020,34084,22588,16921,39059,5.404,4.797116758839247e-05,-15.16349615170274,-10.00832639467111,1,Normal,0.0462975252862054
VT,2021,33603,23614,15839,42485,5.549,4.802707310951281e-05,2.563670096137627,2.68319763138416,1,Normal,0.13766810913461897
VT,2022,34267,23816,15939,42233,5.513,4.742120836774016e-05,0.6205696777711323,-0.6487655433411565,1,Normal,0.13649351183513225
VT,2023,33036,22913,14571,42460,5.42,4.797351720231193e-05,-2.818779245802372,-1.686921821150011,1,Normal,0.1284026612702267
WA,1962,167091,63020,393450,191594,32.448,3.980592648023995e-05,4.327821434970702,4.220466371169773,1,Normal,0.14639080886107647
WA,1963,173379,65995,423554,193700,33.153,3.870170167015126e-05,5.087866724733336,2.17270710059172,1,Normal,0.1414523750608669
WA,1964,186969,73545,453985,200150,35.009,3.827592691396034e-05,6.772943713089341,5.598286731215874,1,Normal,0.13346764894163393
WA,1965,185651,74212,480165,206177,36.082,3.813338547143589e-05,3.450179741277526,3.064926161844106,1,Normal,0.1421516796173078
WA,1966,197634,81984,505234,224453,38.071,3.772001525802408e-05,6.668745145079558,5.512443877833806,1,Normal,0.13510094155747138
WA,1967,199236,85540,522704,248014,39.58,3.749902889073742e-05,4.576317366900984,3.963646870321247,1,Normal,0.14507738367194534
WA,1968,219837,93673,557974,282701,43.846,3.798874356255155e-05,9.350124207243237,10.77817079332997,1,Normal,0.09232305873035201
WA,1969,238362,101490,601075,290038,45.527,3.698477455916735e-05,6.652492150298395,3.833873101309138,1,Normal,0.13526064243801045
WA,1970,249115,108705,583920,291218,44.696,3.625100266918851e-05,0.1619053653796998,-1.825290486963782,1,Normal,0.13908403901821964
WA,1971,262100,116192,581567,298118,46.057,3.661195713435142e-05,2.029102346468936,3.045015213889402,1,Normal,0.14270562567960182
WA,1972,289145,144068,657218,302950,52.202,3.746429545421924e-05,10.7635513208906,13.34216297196951,1,Normal,0.047128023325953394
WA,1973,286358,159157,659674,329183,57.342,3.997707707623964e-05,2.941911036472455,9.84636603961535,1,Normal,0.12008318676946089
WA,1974,279682,154961,654996,329108,53.079,3.741259012353859e-05,-1.089326897067144,-7.434341320498062,1,Normal,0.1216676372365551
WA,1975,276108,155071,604367,351937,54.809,3.950246597615971e-05,-2.203634615615047,3.259292752312581,1,Normal,0.137775426029479
WA,1976,290126,163048,618677,367995,54.846,3.809157368218545e-05,3.773956149372637,0.06750716123264944,1,Normal,0.1386941750272318
WA,1977,303031,167526,626903,378494,59.998,4.065031837035571e-05,2.507768191876081,9.393574736535037,1,Normal,0.124577817815129
WA,1978,313466,173877,657324,406591,58.797,3.790276156334951e-05,5.10212377892536,-2.001733391113036,1,Normal,0.12703076681178826
WA,1979,337886,187174,638998,437456,61.714,3.853481051980221e-05,3.23956218787449,4.961137473000332,1,Normal,0.12988774688167687
WA,1980,325166,195361,633899,416127,57.959,3.690356199376908e-05,-1.933171944280188,-6.084518909809756,1,Normal,0.11808211524424417
WA,1981,363386,232572,688901,405569,58.819,3.479530935638232e-05,7.632725543168561,1.483807519108327,1,Normal,0.1066561388558735
WA,1982,367771,245242,593670,379960,54.77,3.451942245357021e-05,-6.139624911782748,-6.883830054914231,1,Normal,0.09331794908746055
WA,1983,341381,242204,588541,366333,50.224,3.264563264563264e-05,-3.036788994121553,-8.300164323534798,1,Normal,0.09819753741760884
WA,1984,340441,246126,665254,392825,56.844,3.456303997149541e-05,6.902161902161907,13.18094934692578,1,Normal,0.06779037511179947
WA,1985,361376,269906,611076,414158,59.37,3.58402816513695e-05,0.7216746207544755,4.443740764196735,1,Normal,0.12712445611168083
WA,1986,336518,243784,627192,482614,60.403,3.573917848939652e-05,2.027749807427148,1.739935994610065,1,Normal,0.13318734669743343
WA,1987,332195,255039,667653,497324,66.177,3.776773331963635e-05,3.6745624238953,9.559127857887862,1,Normal,0.10705795583898647
WA,1988,357906,277088,738610,520170,70.075,3.700285092247064e-05,8.079111522020765,5.890263988999189,1,Normal,0.09082120137280647
WA,1989,382460,276727,725096,561286,72.21,3.711512524877054e-05,2.735016287590963,3.04673564038529,1,Normal,0.12051668163431539
WA,1990,213085,160211,525383,570855,71.514,4.866437342424644e-05,-24.4675590881429,-0.9638554216867434,1,Normal,0.05900784025398942
WA,1991,221109,161887,493229,579560,71.986,4.944826979826678e-05,-0.935738175681422,0.6600106272897754,1,Normal,0.15611913332191896
WA,1992,238709,179487,565439,645979,80.446,4.936509465744321e-05,11.94057634923862,11.75228516656015,1,Normal,0.05772430498026637
WA,1993,286936,203139,554256,592415,75.113,4.589166553637522e-05,0.4377112848265252,-6.629291698779305,1,Normal,0.12646103883774712
WA,1994,268197,197040,564901,609347,80.148,4.888608312976331e-05,0.1673442305647921,6.703233794416419,1,Normal,0.13587152382833795
WA,1995,243883,180950,526373,633374,78.049,4.925529209298863e-05,-3.348856500669417,-2.618905025702434,1,Normal,0.13481289784113198
WA,1996,257518,184519,515853,622436,81.591,5.162915546646012e-05,-0.268399027881816,4.538174736383538,1,Normal,0.1457494088005057
WA,1997,251618,181798,516234,638399,79.286,4.992667102841285e-05,0.4885694615295089,-2.825066490176609,1,Normal,0.14326769750176438
WA,1998,267767,199173,616976,603293,83.929,4.974425234558828e-05,6.244202792231213,5.856014933279519,1,Normal,0.13413542070431717
WA,1999,273136,200203,614682,614612,85.33,5.01165254735022e-05,0.9140533780620075,1.669268071822616,1,Normal,0.15149428444355179
WA,2000,301027,229046,546496,626321,83.966,4.930799911679453e-05,0.01503554496802284,-1.598499941403964,1,Normal,0.1462968808333594
WA,2001,355465,269766,423420,599224,79.378,4.816991580065235e-05,-3.230570654088816,-5.464116428078025,1,Normal,0.12733211601978495
WA,2002,298803,215338,341983,583748,73.128,5.078784780869411e-05,-12.62249867253281,-7.873718158683762,1,Normal,0.06316499571859951
WA,2003,295140,222811,352652,584995,75.603,5.193947779538031e-05,1.092180416036981,3.38447653429601,1,Normal,0.1554639476097774
WA,2004,304211,227177,371420,603848,77.423,5.138731070662447e-05,3.50769924113663,2.407311879158236,1,Normal,0.15233720715778365
WA,2005,292623,223483,402936,612808,78.886,5.149720925678102e-05,1.67217998003526,1.889619363754957,1,Normal,0.15661024026229203
WA,2006,289468,219418,435652,628816,76.934,4.889802435049664e-05,2.709534223324739,-2.474456811094483,1,Normal,0.14338903842791811
WA,2007,295134,222799,396380,667128,82.043,5.187866754350466e-05,0.513806157029939,6.640757012504239,1,Normal,0.13597844638964784
WA,2008,312734,235475,411129,606986,79.066,5.047870044767238e-05,-0.9558377175232668,-3.628585010299479,1,Normal,0.14639244502227827
WA,2009,318788,232848,400620,597383,76.691,4.950355086037844e-05,-1.093132710729072,-3.003819593757118,1,Normal,0.14707592989384988
WA,2010,312258,234333,441948,555817,73.306,4.74742588177999e-05,-0.3279753059962531,-4.413816484333244,1,Normal,0.1434225435354935
WA,2011,289208,206566,412485,570687,68.771,4.649912709756899e-05,-4.219034648191434,-6.186396747878753,1,Normal,0.12769310529458944
WA,2012,279097,209823,426187,572306,67.771,4.556300099568849e-05,0.5705982660952902,-1.454101292696053,1,Normal,0.1467865384101409
WA,2013,306571,228269,431874,585623,73.746,4.750640646560221e-05,4.364961177561311,8.816455416033397,1,Normal,0.12524236724878185
WA,2014,299314,226009,432069,573336,72.346,4.726250990542403e-05,-1.392158151124301,-1.898408049250122,1,Normal,0.1467742249772882
WA,2015,287213,228116,436339,612432,74.888,4.78792609940151e-05,2.180271204466888,3.513670417161974,1,Normal,0.14780742745679992
WA,2016,292779,227803,434998,681124,79.161,4.836613606744779e-05,4.641771854886612,5.705854075419281,1,Normal,0.1338856594694472
WA,2017,325305,235495,418186,656902,78.9,4.823068571931575e-05,-0.04979522857843088,-0.329707810664337,1,Normal,0.1471145443686112
WA,2018,311536,237024,421860,657093,78.413,4.817967548011935e-05,-0.5120154925031595,-0.6172370088719958,1,Normal,0.1463539677680598
WA,2019,344912,248551,431422,677656,84.033,4.935743066242203e-05,4.609981370337057,7.167178911660055,1,Normal,0.1288295558855636
WA,2020,302352,219872,390255,507324,68.293,4.810036892468105e-05,-16.60683449434375,-18.73073673437815,1,Normal,0.0009335445347194993
WA,2021,311523,227892,383143,603217,73.571,4.821874246285169e-05,7.463998501199454,7.728464117845157,1,Normal,0.121440387947932
WA,2022,325400,238368,386329,621861,74.963,4.768766086625724e-05,3.026787680498311,1.892049856601097,1,Normal,0.14957616203781843
WA,2023,339072,258470,380031,620655,75.675,4.734931436565997e-05,1.671164242301648,0.9498019022717852,1,Normal,0.1509980453654423
WI,1962,264455,95870,347393,186286,64.348,7.197722607815392e-05,4.585596514768842,3.847395261764897,1,Normal,0.16258703321701157
WI,1963,264181,93279,366407,193358,66.409,7.240208236801222e-05,2.597300909950162,3.202896748927708,1,Normal,0.16855209058147647
WI,1964,262819,93317,396321,198182,68.869,7.244495544575806e-05,3.642944751832977,3.704317185923589,1,Normal,0.16457923453711215
WI,1965,278635,102778,419734,202452,71.593,7.133626079739019e-05,5.570989618561839,3.955335492021095,1,Normal,0.159464329792451
WI,1966,294582,113842,441467,215119,76.151,7.1502547861008e-05,6.119177081683014,6.366544215216563,1,Normal,0.14906708512152173
WI,1967,315762,119104,449007,222717,78.679,7.110040755835495e-05,3.904091131453091,3.319720029940521,1,Normal,0.15601335409463968
WI,1968,322560,126604,465795,238768,80.729,6.997229849669939e-05,4.259752934691252,2.605523710265767,1,Normal,0.15863775132895708
WI,1969,332826,146061,480984,254799,85.39,7.029892892719833e-05,5.282180895323685,5.773637726219816,1,Normal,0.15473730373832828
WI,1970,336492,148506,499524,271267,88.194,7.022995105069403e-05,3.38519927223031,3.283756880196753,1,Normal,0.16283266054068402
WI,1971,342688,147530,484244,283044,84.786,6.742398638574002e-05,0.1366471596741192,-3.864208449554396,1,Normal,0.15589896506969075
WI,1972,339011,143892,468453,300747,84.295,6.732262869328052e-05,-0.4294217518021837,-0.5791050409265641,1,Normal,0.16658675617495922
WI,1973,341958,164253,499226,313343,85.453,6.47970093571331e-05,5.325032645025773,1.37374696008068,1,Normal,0.1588763734463695
WI,1974,345172,174345,470670,311658,82.062,6.303515395457985e-05,-1.284141403418315,-3.968263255824844,1,Normal,0.1598265269605199
WI,1975,348654,177990,456786,318552,80.765,6.203234760542004e-05,0.01052352622623598,-1.580512295581382,1,Normal,0.17051157964574365
WI,1976,367006,177210,459625,332023,84.012,6.288968254978243e-05,2.602263318540499,4.020305825543247,1,Normal,0.16964272027144822
WI,1977,370923,185377,508894,343009,86.981,6.176737302789441e-05,5.415225962542558,3.534018949673845,1,Normal,0.16185756757040515
WI,1978,387739,203890,512540,360252,88.486,6.042388083754604e-05,3.992180104715026,1.730262930984949,1,Normal,0.16407365933825968
WI,1979,376865,209255,491255,354661,88.21,6.159765648185973e-05,-2.211522506164554,-0.3119137490676605,1,Normal,0.16211353299819553
WI,1980,351833,198347,548432,328937,81.591,5.715456551434275e-05,-0.313190669222474,-7.503684389525,1,Normal,0.14499886382047078
WI,1981,335218,186282,543962,320729,78.281,5.647197502221915e-05,-2.897131448986023,-4.056819992401106,1,Normal,0.15435756340180862
WI,1982,344879,188509,525863,303312,77.071,5.656325615769693e-05,-1.704597920057249,-1.545713519244785,1,Normal,0.1632827213209187
WI,1983,330965,201951,536216,305153,78.681,5.725227499952702e-05,0.8603638877615172,2.088982885910395,1,Normal,0.17045880203981761
WI,1984,349340,235543,550817,304796,81.041,5.625909408981351e-05,4.817774466159164,2.999453489406601,1,Normal,0.15958262922590222
WI,1985,361617,222589,563826,311118,80.645,5.526840246937947e-05,1.295109462296318,-0.4886415518071119,1,Normal,0.1664306892818067
WI,1986,353729,197672,513501,317003,80.274,5.808941865715708e-05,-5.294033794971331,-0.4600409200818389,1,Normal,0.14951544211194984
WI,1987,335977,200581,513126,319153,81.867,5.98077927580753e-05,-0.9457241602889965,1.984453247626883,1,Normal,0.16813501647968776
WI,1988,370456,219422,547396,341123,86.388,5.843356013303599e-05,8.004032626284395,5.522371651581226,1,Normal,0.13794030958680648
WI,1989,378167,230200,526748,343688,87.099,5.88983116750507e-05,0.0274621769389416,0.8230309765245192,1,Normal,0.167216285593992
WI,1990,362880,237567,526739,341152,85.835,5.84572887559191e-05,-0.7077345664026957,-1.451222172470423,1,Normal,0.1665869735544135
WI,1991,385549,247055,532751,340589,88.089,5.849416811370933e-05,2.561264886739223,2.62596842779752,1,Normal,0.16717959193939902
WI,1992,374412,244032,539743,346888,87.221,5.795122638325241e-05,-0.05770463064720399,-0.9853670719386032,1,Normal,0.16514104464791396
WI,1993,388503,255054,567906,356002,90.483,5.772572767221448e-05,4.145172735463198,3.739925018057577,1,Normal,0.1579188269470037
WI,1994,382156,260248,592698,379489,93.635,5.799308678555348e-05,3.006448632951053,3.483527292419564,1,Normal,0.16191039202704122
WI,1995,398757,274547,616349,387380,96.592,5.759702712710737e-05,3.867361910678202,3.158007155444009,1,Normal,0.1578760087842035
WI,1996,419843,290243,631078,395039,100.556,5.791722391749347e-05,3.528318796730656,4.103859532880572,1,Normal,0.15408205890054116
WI,1997,394040,288763,660916,397553,103.103,5.921134619481976e-05,0.2919591153563994,2.5329169815824,1,Normal,0.15935949972966573
WI,1998,376431,288591,652634,416933,101.094,5.828124126233938e-05,-0.3837426799159882,-1.948536899993214,1,Normal,0.15847599837412096
WI,1999,403910,309725,684540,427108,105.368,5.772690715527008e-05,5.228616115979068,4.227748432152256,1,Normal,0.14583711962095847
WI,2000,417071,320132,704676,419128,107.705,5.787458080490831e-05,1.95712009747524,2.217940930832896,1,Normal,0.15807760612631472
WI,2001,413238,318350,682655,420910,105.849,5.767860100961665e-05,-1.389301598543158,-1.723225476997348,1,Normal,0.15197118988907293
WI,2002,444127,335605,663404,426125,107.012,5.724829223955349e-05,1.858647131136815,1.098734990410866,1,Normal,0.15605835031493775
WI,2003,438319,335848,655224,419979,105.584,5.709184365927659e-05,-1.064056865253171,-1.334429783575675,1,Normal,0.1538493696418446
WI,2004,432650,324649,678578,436778,107.66,5.749059890401537e-05,1.258968589861098,1.96620700106076,1,Normal,0.15706449934872846
WI,2005,465119,375549,664278,435814,110.838,5.711055760572394e-05,3.636977252605123,2.951885565669699,1,Normal,0.14608812206406557
WI,2006,424925,354802,630772,439465,103.025,5.569027289179682e-05,-4.678471651856331,-7.049026507154577,1,Normal,0.11554715469337823
WI,2007,445530,368929,628320,442207,104.658,5.552189777536809e-05,1.893117920132492,1.585052171802959,1,Normal,0.15331513487901682
WI,2008,453603,379350,609257,432050,105.248,5.615439898712079e-05,-0.5689697430113494,0.5637409467025956,1,Normal,0.15053769990838883
WI,2009,421424,352330,546577,421723,96.318,5.530114256186484e-05,-7.072707589818073,-8.484721799939198,1,Normal,0.1039921387725386
WI,2010,419567,346165,583390,434976,99.038,5.551746811913401e-05,2.423322041683407,2.823978903216418,1,Normal,0.1578066842862278
WI,2011,418081,347000,582280,420278,98.148,5.552418957922951e-05,-0.9106416421932328,-0.8986449645590588,1,Normal,0.15583814517530858
WI,2012,387976,333202,570003,419142,90.816,5.309871112140156e-05,-3.243719670389478,-7.470350898642863,1,Normal,0.13217934345896865
WI,2013,434849,363387,590146,416145,101.159,5.605845742402303e-05,5.507903765602307,11.38896229739252,1,Normal,0.11294550262305714
WI,2014,440422,369353,597435,445979,101.093,5.455080159077051e-05,2.696717754846567,-0.06524382407893103,1,Normal,0.15278844335238506
WI,2015,408402,353261,582498,440875,99.602,5.57982831728418e-05,-3.677604562942816,-1.474879566339904,1,Normal,0.14328548227371318
WI,2016,402160,349946,576088,438024,95.262,5.393555385827012e-05,-1.054207839949539,-4.357342222043736,1,Normal,0.1445316826227755
WI,2017,403403,353253,594171,431941,98.328,5.51547426863649e-05,0.9368600383078185,3.218492158468234,1,Normal,0.15333141133945916
WI,2018,435669,365579,603124,457769,100.879,5.417363444893032e-05,4.452407102222056,2.594378000162734,1,Normal,0.1481739068306237
WI,2019,436437,350651,572953,452929,94.685,5.22264283322789e-05,-2.640561246134832,-6.140029143825776,1,Normal,0.13318483802064762
WI,2020,406754,323984,525115,404510,86.84,5.230181592820366e-05,-8.417564318458481,-8.285367270422983,1,Normal,0.09687948100977961
WI,2021,405859,345211,535990,434438,92.471,5.371548931859267e-05,3.68190570375273,6.484339014279139,1,Normal,0.14166311062822784
WI,2022,427609,362263,539490,441054,90.9,5.134380694276719e-05,2.841830593855588,-1.698911009938253,1,Normal,0.14587845597058657
WI,2023,391661,347502,516776,436483,87.747,5.184702860576653e-05,-4.405569758102324,-3.468646864686475,1,Normal,0.13515429413067415
WV,1962,88025,35677,432922,80104,52.46,8.238996871505572e-05,0.9661690201146378,0.7722156056706009,1,Normal,0.1299899383719278
WV,1963,91918,36663,457129,86105,57.462,8.55324754582735e-05,5.510516264401755,9.534883720930232,1,Normal,0.10550370657472352
WV,1964,90678,34782,494625,89808,60.577,8.533257828996765e-05,5.667929415091955,5.420973860986389,1,Normal,0.11621047406995477
WV,1965,90777,36019,508610,97881,62.107,8.469671492880686e-05,3.29542621211929,2.525711078462134,1,Normal,0.124699606235042
WV,1966,96885,39438,514362,101521,66.914,8.895701443487556e-05,2.580026647138167,7.739868291818963,1,Normal,0.1077632895691113
WV,1967,98618,44107,472968,101783,68.231,9.509851883753765e-05,-4.616953334591855,1.968197985473874,1,Normal,0.09542381143048728
WV,1968,104581,48947,523221,108551,75.714,9.641410925760855e-05,9.452985949375382,10.9671556916944,1,Normal,0.05461940607100285
WV,1969,107834,51071,520286,93096,77.381,0.0001001970767382117,-1.656946389914682,2.201706421533678,1,Normal,0.10221868386834487
WV,1970,107904,48901,507393,108454,77.056,9.972924421343632e-05,0.04713267589293579,-0.4199997415386236,1,Normal,0.1069963067393161
WV,1971,109168,53135,475886,116907,78.087,0.0001034133408202401,-2.272174277682582,1.337987956810638,1,Normal,0.10137296548923252
WV,1972,117632,59843,500720,126479,89.113,0.0001107443644809755,6.565655227944522,14.12014804000665,1,Normal,0.036086496978269156
WV,1973,116627,61655,504495,138959,97.696,0.000118889765082703,2.120488695407952,9.631591350308044,1,Normal,0.061168168244588705
WV,1974,117049,63332,498521,135849,100.418,0.0001232500767106475,-0.8501513868200972,2.78619390763184,1,Normal,0.07612608163060619
WV,1975,118163,61385,446620,139406,97.91,0.0001278909680840781,-6.035716477447073,-2.497560198370818,1,Normal,0.056627719637644625
WV,1976,124123,59010,477028,142708,104.248,0.0001298443457151789,4.871508175565009,6.473291798590552,1,Normal,0.05225000804942931
WV,1977,133641,62490,453415,151070,103.013,0.0001286671762742688,-0.2806186314330272,-1.184675005755509,1,Normal,0.07275233106482676
WV,1978,138481,66065,426389,154215,96.739,0.0001232106945033503,-1.931637639017958,-6.090493432867694,1,Normal,0.0779883866918647
WV,1979,142353,69348,434447,152872,101.101,0.0001265314091404585,1.76628444719551,4.509039787469371,1,Normal,0.08280722541518792
WV,1980,139194,67545,410470,146605,102.623,0.0001343560081381069,-4.406027891702202,1.505425267801508,1,Normal,0.05040512726148627
WV,1981,134786,75548,391901,143411,104.18,0.0001397175875447766,-2.378458629980595,1.517203745748996,1,Normal,0.0507762070590691
WV,1982,132218,72325,344179,137495,95.989,0.0001398816116208308,-7.970393497191031,-7.862353618736806,1,Normal,0.01689355430421402
WV,1983,124304,73866,307953,147345,97.538,0.0001492623192907981,-4.772404024388821,1.613726572836471,1,Normal,0.044055575407277114
WV,1984,126777,73797,334110,156917,105.521,0.0001525747467474067,5.835795839728708,8.184502450327047,1,Normal,0.0351235123407061
WV,1985,124065,72814,289706,155590,102.267,0.0001592509829875034,-7.146740466337576,-3.083746363283146,1,Normal,0.016511486415581422
WV,1986,125815,73728,305921,139565,101.704,0.0001576730420708462,0.444738583719384,-0.5505197179931032,1,Normal,0.042652795998081805
WV,1987,126338,74881,314470,145124,102.058,0.0001544430875300577,2.446704111895404,0.3480689058444231,1,Normal,0.04901298945488497
WV,1988,132977,83186,342196,149467,106.921,0.0001510556987956063,7.114266819811355,4.764937584510776,1,Normal,0.03844812487787941
WV,1989,135236,87511,354069,150231,109.642,0.0001508045559640573,2.715642990852252,2.54486957660327,1,Normal,0.058565437718340274
WV,1990,119763,82304,347145,146864,103.444,0.0001486099957332307,-4.259697103488492,-5.652943215191253,1,Normal,0.03467012274116166
WV,1991,124891,83144,313490,144778,95.865,0.0001438759843494626,-4.277400345076765,-7.326669502339433,1,Normal,0.03261508863979534
WV,1992,128449,85189,305802,159657,98.046,0.0001443772309069704,1.9199973585591,2.275074323267101,1,Normal,0.0699830489029909
WV,1993,136780,87932,312013,165632,98.884,0.0001407888011367438,3.42528891349676,0.8547008547008517,1,Normal,0.07099423923949671
WV,1994,136097,88574,327306,177018,106.525,0.0001461258307670149,3.792658149630457,7.727235953238143,1,Normal,0.04528695613173095
WV,1995,140674,92019,320597,177819,104.942,0.000143538104441335,0.2899882715244884,-1.486036141750779,1,Normal,0.06071773485900639
WV,1996,144077,94701,301298,162736,107.899,0.0001535249163715423,-3.870558288846127,2.817746945932043,1,Normal,0.035494156314782366
WV,1997,139814,93107,293014,176591,111.228,0.000158325812852478,-0.04055144270650457,3.085292727458078,1,Normal,0.03993476261362472
WV,1998,132030,95798,317945,184117,115.322,0.000157998717618497,3.895371843889062,3.680727874276268,1,Normal,0.040761922630114356
WV,1999,139674,101520,292748,179513,116.435,0.0001631985714606087,-2.251839998246319,0.9651237404831647,1,Normal,0.033589137694029714
WV,2000,143166,105587,297933,185760,115.738,0.0001580159602427486,2.661551658406403,-0.5986172542620349,1,Normal,0.04133046680202057
WV,2001,144453,104028,295237,182830,105.665,0.0001454345004521387,-0.8052481756309349,-8.703278093625254,1,Normal,0.0371584986601905
WV,2002,147120,102012,319969,182011,118.585,0.0001578790408367316,3.381199013966052,12.22732219751099,1,Normal,0.012289248959174937
WV,2003,148228,103926,282886,170247,115.352,0.000163553044997221,-6.100946195845369,-2.726314457983714,1,Normal,0.019846644400248636
WV,2004,151815,104117,293414,179123,112.557,0.0001545119346354267,3.28660065108155,-2.423018239822461,1,Normal,0.044623811917720024
WV,2005,161941,107274,281481,180447,114.579,0.0001567121616427976,0.367208992021606,1.796423145606219,1,Normal,0.04243671908203506
WV,2006,155542,104851,314396,179417,114.813,0.0001522302925195504,3.154376093322364,0.2042259052706052,1,Normal,0.05234380324881721
WV,2007,163175,108365,335598,177621,116.978,0.0001490623235923385,4.05101523986815,1.885674967120443,1,Normal,0.05119575753752198
WV,2008,165541,109403,335233,160442,112.721,0.0001462733205384243,-1.801827057733651,-3.639145822291368,1,Normal,0.04986947472401432
WV,2009,170836,110243,249276,166934,90.129,0.000129283189699689,-9.534543010229434,-20.04240558547209,-1,Anomaly,-0.02099394808888555
WV,2010,180044,112520,279382,171559,100.573,0.000135282953134605,6.638944034517968,11.58783521397106,1,Normal,0.036145300756007526
WV,2011,169091,110295,284403,165754,97.861,0.0001341384849880475,-1.866356750561926,-2.696548775516283,1,Normal,0.06925923964690744
WV,2012,157335,108428,281360,174645,92.134,0.0001276506130094615,-1.06709322981775,-5.852178089330784,1,Normal,0.08836533342810943
WV,2013,171263,110678,289402,169276,94.25,0.0001272584149204922,2.611923238385794,2.29665487225128,1,Normal,0.09622913907133213
WV,2014,176559,111425,314088,169944,99.869,0.0001293613085739156,4.239291727595429,5.961803713527858,1,Normal,0.07588212157621838
WV,2015,159045,111732,314523,173708,91.862,0.0001210290273620304,-1.684939172245137,-8.017502928836784,1,Normal,0.0825180890250638
WV,2016,153179,110371,306391,182561,94.289,0.0001253006636527212,-0.8571714659133978,2.642006487992865,1,Normal,0.09559932217082784
WV,2017,141312,105619,323150,172036,90.675,0.000122184073152787,-1.379929887229536,-3.832896732386604,1,Normal,0.0962385307892592
WV,2018,160820,112556,352320,192714,88.967,0.0001087071272345157,10.28030582737516,-1.883650399779435,1,Normal,0.0720342363881874
WV,2019,153418,109733,369151,185470,85.384,0.0001044105202917195,-0.07795603670531781,-4.027335978508884,1,Normal,0.11618926981146305
WV,2020,144544,99497,372096,170234,76.822,9.769180196116083e-05,-3.839823324838709,-10.02763983884568,1,Normal,0.0913227820588835
WV,2021,145903,102470,391252,196280,88.305,0.0001056398685976653,6.299189568282659,14.94754106896463,1,Normal,0.058068335944476246
WV,2022,151512,106559,379391,192606,79.189,9.540061778071194e-05,-0.6984038875184506,-10.32331125077857,1,Normal,0.10544585410967566
WV,2023,137569,103189,394602,198257,74.743,8.96611869253949e-05,0.4274348607584022,-5.614416143656308,1,Normal,0.1275082376605891
WY,1962,17737,11972,97891,43961,11.585,6.752700205757719e-05,11.92726988041415,10.99932930918848,1,Normal,0.07058201626795668
WY,1963,15737,12103,92831,40499,11.556,7.170068871378047e-05,-6.05673783668782,-0.2503236944324749,1,Normal,0.11151032761444485
WY,1964,17467,13751,90991,39029,11.665,7.234646919460673e-05,0.04219147484023633,0.9432329525787431,1,Normal,0.13081724190415306
WY,1965,17834,15992,91242,44301,11.891,7.020765311243498e-05,5.042855902454746,1.937419631375925,1,Normal,0.13221129630529288
WY,1966,19283,18928,93645,44954,12.701,7.18341722753238e-05,4.393365964255569,6.811874526953154,1,Normal,0.12949840340843327
WY,1967,20272,21167,104933,54471,13.879,6.91037277873762e-05,13.59255698207116,9.274860247224614,1,Normal,0.08363851665683408
WY,1968,21728,22509,122780,54341,15.059,6.803006893810028e-05,10.21444610964783,8.502053462064985,1,Normal,0.10950700645849276
WY,1969,25779,24981,137158,57799,17.573,7.151723323986537e-05,11.0043459012098,16.69433561325453,1,Normal,0.06555227662684471
WY,1970,29342,24506,140233,57405,18.586,7.390471040137423e-05,2.34782290195632,5.764525123769415,1,Normal,0.14948167624085612
WY,1971,31682,25333,145260,61918,18.769,7.104276040621818e-05,5.052766356775318,0.9846120736037856,1,Normal,0.1515659626836915
WY,1972,35685,29355,155883,61663,21.642,7.658499299333305e-05,6.96271286521597,15.30715541584529,1,Normal,0.09814607440261686
WY,1973,27060,25643,158640,67768,23.66,8.476883831580154e-05,-1.23005930895862,9.324461694852616,1,Normal,0.11440612639771108
WY,1974,24678,26334,153351,69252,23.876,8.726129780896515e-05,-1.969460288343028,0.9129332206255336,1,Normal,0.12773524456600888
WY,1975,25203,21117,159398,66067,25.312,9.313278191505019e-05,-0.6691884582351149,6.0144077734964,1,Normal,0.10956760712744829
WY,1976,25950,21197,176671,71190,30.84,0.0001045398922737427,8.544653106878997,21.83944374209861,1,Normal,0.02175896207987127
WY,1977,26663,23697,195273,75273,36.263,0.0001130019382622949,8.77911371594573,17.58430609597925,1,Normal,0.028301934235850146
WY,1978,31517,24410,207739,85116,37.099,0.0001063669960978603,8.68696752319995,2.305380139536162,1,Normal,0.09181518234672925
WY,1979,33310,26515,224609,87482,41.956,0.000112810722880228,6.632203977831486,13.09199708887034,1,Normal,0.06481207749473838
WY,1980,29373,23135,214576,88441,41.005,0.000115336474228254,-4.406920936235426,-2.266660310801794,1,Normal,0.08860524834452921
WY,1981,31371,23886,202248,88739,45.007,0.0001299863679948245,-2.610505590324164,9.759785392025355,1,Normal,0.05606028358323639
WY,1982,39264,33041,202923,79562,46.417,0.000130829504777474,2.46820161504604,3.132846001733069,1,Normal,0.09181099264338327
WY,1983,40997,31478,180443,67063,42.057,0.0001314359290082849,-9.811155895036505,-9.393110282870499,1,Normal,0.020072654764845876
WY,1984,38749,35474,198726,68415,46.261,0.0001355184949745579,6.682271759885738,9.995957866704707,1,Normal,0.05897996990724469
WY,1985,38332,38839,202126,68801,50.444,0.0001449132140948813,1.972973052146831,9.0421737532695,1,Normal,0.05702750741614648
WY,1986,35428,37146,190628,63799,43.091,0.0001317763554239895,-6.060649587185218,-14.57656014590437,1,Normal,0.021756198477400734
WY,1987,33571,36315,208712,77408,53.243,0.0001495568882459516,8.869697646184571,23.55944396741778,-1,Anomaly,-0.019384930710292014
WY,1988,34949,37773,207589,83531,55.447,0.0001523930717179435,2.201373576213816,4.139511297259735,1,Normal,0.06220926885078887
WY,1989,34096,37466,217443,84494,53.561,0.0001434029451137885,2.654448909141882,-3.401446426317023,1,Normal,0.06656828720530494
WY,1990,34518,39614,242564,81244,57.238,0.000143835754133789,6.543507362784462,6.865069733574791,1,Normal,0.05548245955654846
WY,1991,36293,41770,232509,75947,55.544,0.0001437027838145503,-2.869779363723179,-2.959572312100356,1,Normal,0.06049450554311314
WY,1992,34093,40161,265927,79985,61.214,0.000145690036794981,8.70485356514541,10.20812328964425,1,Normal,0.03585322119508205
WY,1993,37477,44695,238556,84504,58.183,0.0001435791260830189,-3.554071486031707,-4.951481687195736,1,Normal,0.0569849977567109
WY,1994,35675,43857,243511,83152,60.395,0.0001486851110553085,0.2371475176009774,3.801797775982685,1,Normal,0.06482613709557417
WY,1995,37444,42456,225770,95893,58.163,0.0001448418924101384,-1.140341807116796,-3.695670171371812,1,Normal,0.06657333319279257
WY,1996,39607,47168,229865,95955,59.601,0.0001444540045322895,2.747520930765357,2.4723621546344,1,Normal,0.07795274068329094
WY,1997,37409,43586,232982,97960,59.078,0.0001434154820166239,-0.1597207915752685,-0.8775020553346335,1,Normal,0.07796681445400161
WY,1998,36978,44726,235579,101099,63.977,0.0001529156438748414,1.564563427328514,8.292426960966836,1,Normal,0.0502798807393684
WY,1999,36783,44630,226126,115332,62.548,0.0001479127204277427,1.073184489735435,-2.233615205464456,1,Normal,0.07312658128211935
WY,2000,38375,48113,230022,108883,63.472,0.0001492082596757814,0.5961628960132082,1.477265460126631,1,Normal,0.07392055990356045
WY,2001,38142,50375,236386,110784,63.745,0.0001463091623114759,2.420120735697906,0.4301109150491422,1,Normal,0.07505435920455722
WY,2002,41080,50607,234878,109864,62.498,0.0001432031326974147,0.1703057470156422,-1.956231861322455,1,Normal,0.07721620594427797
WY,2003,41046,51894,245142,121106,64.536,0.0001405437424322935,5.214823029633675,3.260904348939175,1,Normal,0.07301847863006444
WY,2004,40494,52820,239722,115099,64.441,0.0001437981858145425,-2.407075097781297,-0.1472046609644173,1,Normal,0.06726934582825106
WY,2005,41862,54921,237725,119086,63.731,0.0001405019896603799,1.218382853381228,-1.101783026334169,1,Normal,0.08081086850531904
WY,2006,42379,58407,251290,122420,64.502,0.000135937635011391,4.608075485840901,1.209772324300573,1,Normal,0.08311160132102796
WY,2007,46579,60611,287175,125815,66.835,0.0001284843707947249,9.627668878833795,3.616942110322152,1,Normal,0.06299059357342496
WY,2008,48657,62855,298646,123832,67.265,0.00012596677840409,2.654850244146267,0.6433754769207933,1,Normal,0.10263336903362269
WY,2009,46583,60347,289598,119964,64.106,0.0001241255390048813,-3.282645742429635,-4.696350256448389,1,Normal,0.08914151337373105
WY,2010,45919,60983,302130,121508,65.67,0.0001237830450968381,2.723148504920991,2.439709231585208,1,Normal,0.1038306462441353
WY,2011,46941,63932,320191,112292,64.523,0.0001187488152356554,2.418736157579748,-1.746611847114365,1,Normal,0.10327211836617273
WY,2012,43277,61009,317188,117815,66.812,0.0001238892762308822,-0.7488630863318191,3.547572183562453,1,Normal,0.09470456770905217
WY,2013,47336,60473,307728,113594,69.019,0.0001304383980526562,-1.883409235881384,3.303298808597277,1,Normal,0.08066282913470563
WY,2014,46132,59748,300735,117910,65.968,0.00012576688286186,-0.8702948797178811,-4.420521885277973,1,Normal,0.09347466217811956
WY,2015,46295,60472,278530,111677,64.066,0.0001289121764921304,-5.252742476064098,-2.883216104778075,1,Normal,0.07557892120493948
WY,2016,47059,58361,274856,112854,61.201,0.0001241072333867337,-0.7734811076635761,-4.471950800736746,1,Normal,0.09871892968797297
WY,2017,49225,57408,303439,112759,62.77,0.0001200576858340729,6.023158193579792,2.563683599941191,1,Normal,0.09437391170356718
WY,2018,49671,56638,324086,116163,63.811,0.0001167504331645806,4.538169048566276,1.658435558387761,1,Normal,0.10472691299087683
WY,2019,51814,54638,311547,116439,59.09,0.0001105649496573029,-2.217875837741212,-7.398410932284394,1,Normal,0.09577252429467431
WY,2020,46967,50255,279356,107394,55.584,0.0001148496193994694,-9.44264712211168,-5.933322051108481,1,Normal,0.060132703423758316
WY,2021,46073,49782,276400,109123,54.557,0.000113335050625496,-0.5359814204127566,-1.847654001151411,1,Normal,0.11517784736454023
WY,2022,47552,53176,288383,105280,56.368,0.0001140150204999687,2.70328099746977,3.319464046776766,1,Normal,0.11407391208547585
WY,2023,48127,67214,277623,107362,54.443,0.0001088150525857141,1.20046683697721,-3.415058189043441,1,Normal,0.11426476783930778
