Year,GHGRP ID,National Pollutant Release Inventory (NPRI) identifier,Company & facility name,NAICS,City,Province / territory,CO2,CH4,N2O,HFC,PFC,SF6,Total,CO2 bio
2024,G10001,983,Produits forestiers Résolu - Division Alma,322111,Alma,Quebec,38406.920000,14754.684000,175.960000,,,,53337.564000,
2024,G10003,0,"Foothills Pipe Lines Ltd. - Foothills Pipeline, Alberta",486210,AIRDRIE,Alberta,244852.948000,8089.368000,1658.900000,,,,254601.216000,
2024,G10004,5765,Kingston CoGen Limited Partnership - Kingston CoGen,221112,Bath,Ontario,1658.883000,11.275992,11.124435,,,,1681.283427,
2024,G10006,2134,Nutrien (Canada) Holdings ULC - Redwater Fertilizer Operations,325313,Sturgeon County,Alberta,993577.931000,94674.666800,7543.993500,,,,1095796.591300,
2024,G10007,3974,Keyera Corp - Alberta Envirofuels,325110,Edmonton,Alberta,313177.823950,440.348160,1578.059100,,,,315196.231210,
2024,G10008,0,Alliance Pipeline Ltd. Partnership - Alliance Pipeline Ltd. - AB Pipeline System,486210,CALGARY,Alberta,516213.080480,16893.640960,2807.834000,,,,535914.555440,
2024,G10009,1,Alberta-Pacific Forest Industries Inc. - Alberta-Pacific Forest Industries Inc.,322112,COUNTY OF ATHABASCA,Alberta,130788.942100,6036.282000,7367.450500,612.950500,,,144805.625100,1709902.972000
2024,G10010,2788,Rio Tinto Alcan Inc - Rio Tinto Alcan Inc.,331313,Kitimat,British Columbia,786867.679800,65.014740,293.264635,273.932200,37203.768000,223.955000,824927.614375,
2024,G10011,1070,Algoma Steel Inc.  - Algoma Steel Inc,331110,Sault Ste. Marie,Ontario,4217849.999736,4386.592000,4494.725950,,,,4226731.317686,
2024,G10012,4778,Aluminerie Alouette inc. - Aluminerie Alouette inc.,331313,Sept-Îles,Quebec,1044218.500000,46.032000,634.940000,162.747000,54232.969800,157.450000,1099452.638800,
2024,G10013,2038,Ne pas prendre - Alcoa Canada Co. - Aluminerie de Baie-Comeau,331313,BAIE-COMEAU,Quebec,527928.586000,13.720000,7323.805000,367.682000,9259.320000,495.850000,545388.963000,
2024,G10014,1071,Aluminerie de Bécancour inc. - Aluminerie de Bécancour inc.,331313,Bécancour,Quebec,812773.625400,44.679600,1658.900000,319.335512,17504.658000,,832301.198512,
2024,G10015,0,ATCO Gas and Pipelines Ltd. - ATCO Pipelines - Transmission System,486210,Edmonton,Alberta,64222.313000,39427.724000,849.431000,25.120910,,,104524.588910,
2024,G10016,3238,Ontario Power Generation Inc. - Atikokan Generating Station,221119,Atikokan,Ontario,12877.890000,264.320000,1264.050000,,,,14406.260000,114374.150000
2024,G10018,1033,Alberta Power 2000 Ltd. - Battle River Generating Station,221112,Calgary,Alberta,631529.704500,346.024000,892.785000,,,,632768.513500,
2024,G10020,5084,New Brunswick Power Corporation - Bayside Power,221112,SAINT JOHN,New Brunswick,567344.334300,4005.146600,3789.529945,,,,575139.010845,
2024,G10021,5591,Graymont (QC) Inc. - Usine de Bedford,327410,Bedford,Quebec,349328.394916,55.899480,647.890550,,,,350032.184946,
2024,G10022,1698,New Brunswick Power Corporation - Belledune Generating Station,221112,Belledune,New Brunswick,2081911.785000,685.971160,7658.448590,,,,2090256.204750,11591.000000
2024,G10024,2081,Saskatchewan Power Corporation - Boundary Dam Power Station,221112,ESTEVAN,Saskatchewan,2460895.486944,4166.769768,19665.525715,,,,2484727.782427,
2024,G10025,930,Thunder Bay Pulp and Paper Inc. -  Thunder Bay Operations,322112,Thunder Bay,Ontario,193325.950609,1454.573652,7763.867975,,,,202544.392236,1181768.820000
2024,G10026,6896,"City of Winnipeg, Water & Waste Department - Brady Road Resource Management Facility",562210,Winnipeg,Manitoba,,279720.000000,,,,,279720.000000,84304.000000
2024,G10027,4173,FCA Canada Inc. - Brampton Assembly Plant,336110,Brampton,Ontario,6842.867770,3.976000,31.635700,,,,6878.479470,
2024,G10028,821,Manitoba Hydro - Brandon Generating Station,221112,Brandon,Manitoba,54830.429410,385.963704,372.721175,,1.657500,51.700000,55642.471789,
2024,G10029,3749,Tidewater Midstream and Infrastructure Ltd. - Brazeau Gas Plant,211110,Drayton Valley,Alberta,90208.847004,5397.478100,1785.892240,,,,97392.217344,
2024,G10030,1362,Keyera Corp - Brazeau River Gas Plant,211110,DRAYTON VALLEY,Alberta,45895.676080,5650.817480,355.478950,,,,51901.972510,
2024,G10031,11009,Brighton Beach Power L.P. - Brighton Beach Power,221112,Windsor,Ontario,770406.684200,5683.994400,5387.715000,,,,781478.393600,
2024,G10032,0,City of Toronto - Brock West Landfill,562210,Pickering,Ontario,10.930000,108995.543860,1.982465,,,,109008.456325,3830.324000
2024,G10033,4317,Lafarge Canada Inc. - Brookfield Cement Plant,327310,Brookfield,Nova Scotia,214585.560000,26.154800,145.988500,,,,214757.703300,3978.100000
2024,G10036,2776,Parkland Refining (B.C.) Ltd. - Burnaby Refinery,324110,Burnaby,British Columbia,403772.140600,3932.983600,943.718000,,,,408648.842200,29899.428900
2024,G10038,0,"TransCanada PipeLines Limited - TransCanada Pipeline, Saskatchewan",486210,Burstall,Saskatchewan,1104177.688340,88973.393600,7514.642100,,,,1200665.724040,
2024,G10039,5808,Cabot Canada Limited - Cabot Canada Limited,325189,Sarnia,Ontario,221027.519300,3.346000,24.894100,,,,221055.759400,
2024,G10040,15740,Calgary Energy Centre No. 2 Inc. - Calgary Energy Centre,221112,Calgary,Alberta,753194.901600,1473.418800,3769.333500,,,,758437.653900,
2024,G10041,6549,"V.I. Power LP - Island Generation ",221112,Campbell River,British Columbia,128918.726119,909.683824,860.968305,,,10.669000,130700.047248,
2024,G10042,10403,Atlantic Power LP - Calstock Power Plant,221119,Hearst,Ontario,232.856300,331.144800,2100.178000,,,,2664.179100,204445.372300
2024,G10043,10138,Carmeuse Lime Canada Limited - Northern Lime Limited,327410,Blind River,Ontario,101739.816219,396.242560,87.916400,,,,102223.975179,
2024,G10044,3821,Canadian Fertilizers Limited - Canadian Fertilizers Limited,325313,Medicine Hat,Alberta,1651276.636800,485.018800,4071.142000,,,,1655832.797600,
2024,G10045,5357,Cancarb Ltd. - Cancarb Ltd.,325189,Medicine Hat,Alberta,145849.016500,367.018400,335.463500,,,3.572000,146555.070400,
2024,G10046,0,"Nova Gas Transmission Ltd. - TransCanada Pipeline, Alberta System",486210,FAIRVIEW,Alberta,4640369.004000,257557.860000,31083.705000,,,,4929010.569000,
2024,G10047,4480,"Cardinal Power of Canada, L.P. - Cardinal Power",221112,Cardinal,Ontario,44843.054000,271.194000,291.261500,,,1029.300000,46434.809500,
2024,G10048,479,West Fraser Mills Ltd. - West Fraser Mills Ltd d/b/a Cariboo Pulp & Paper Company,322112,Quesnel,British Columbia,103943.083200,3247.751444,4642.888245,,,,111833.722889,1027543.552500
2024,G10049,16687,Cenovus Energy Inc. - Caribou North Comp Stn 11-08,211110,Bonnyville,Alberta,25350.896830,2889.066600,1666.505500,,,,29906.468930,
2024,G10050,10139,Carmeuse Lime Canada Limited - Dundas Operations,327410,Dundas,Ontario,390613.455606,104.862128,467.259395,,,,391185.577129,
2024,G10051,10140,Carmeuse Lime Canada Limited - Beachville Operation,327410,Ingersoll,Ontario,360040.290153,66.460520,548.950150,,,,360655.700823,
2024,G10052,5013,Iron Ore Company of Canada - Carol Project,212210,Labrador city,Newfoundland and Labrador,805504.339000,465.614268,4931.527570,,,,810901.480838,
2024,G10053,3269,Nutrien (Canada) Holdings ULC - Carseland Nitrogen Operations,325313,Wheatland County,Alberta,491960.437000,22027.588520,1988.790550,,,,515976.816070,
2024,G10054,6700,TransCanada Energy Ltd. - Carseland Power Plant,221112,CARSELAND,Alberta,367154.692800,1389.491600,2221.892500,,,,370766.076900,
2024,G10055,2857,Orica Canada Inc. - Orica Carseland,325313,CARSELAND,Alberta,537.750000,0.865200,24901.944000,,,,25440.559200,
2024,G10057,485,Ingredion Canada Corporation - Ingredion Canada Incorporated - London Plant,311221,London,Ontario,128178.160000,70.280000,590.950000,,,,128839.390000,
2024,G10058,6633,ENMAX Cavalier GP Inc.                                                 - Cavalier Energy Centre,221112,Strathmore,Alberta,279620.968210,820.736000,1477.878500,,,,281919.582710,
2024,G10059,4875,Cavendish Farms Corporation - Cavendish Farms,311410,New Annan,Prince Edward Island,49512.570000,269.966620,1669.803690,,,,51452.340310,28957.000000
2024,G10060,4048,Consumers' Co-operative Refineries Limited - Co-op Refinery Complex,324110,Regina,Saskatchewan,1728012.304000,8698.060000,8096.545000,,,,1744806.909000,
2024,G10061,6130,Hydro-Québec - Centrale de Cap-aux-Meules,221112,"Cap-aux-Meules, Îles-de-la-Madeleine",Quebec,126575.236000,43.134280,672.912645,,,,127291.282925,
2024,G10064,4569,Chimie Parachem s.e.c - Chimie Parachem s.e.c,325110,Montréal-Est,Quebec,100240.376000,55.806800,320.332000,,,,100616.514800,
2024,G10065,6625,Cenovus FCCL Ltd. - Christina Lake SAGD Bitumen Battery,211141,Lac La Biche,Alberta,3795226.136640,9362.296720,7165.719250,,,,3811754.152610,
2024,G10066,5548,Ciment Québec inc. - Cimenterie de Saint-Basile,327310,Saint-Basile,Quebec,750842.131544,93.399600,1054.382000,,,,751989.913144,71761.000000
2024,G10067,5474,Lafarge Canada Inc. - Cimenterie de Saint-Constant,327310,Saint-Constant,Quebec,713345.382663,123.172000,859.395000,,,,714327.949663,18176.690000
2024,G10068,6576,City of Medicine Hat - Electric Utility - Generation,221112,Medicine Hat,Alberta,488446.336470,5485.040400,2561.728500,,,,496493.105370,
2024,G10069,23368,Capital Power (Alberta) Limited Partnership - Clover Bar Energy Centre,221112,Edmonton,Alberta,320120.359145,907.248720,1689.375000,,,,322716.982865,
2024,G10071,5248,Inter Pipeline Ltd. - Cochrane Extraction Plant,211110,Cochrane,Alberta,442098.991920,6778.637880,2755.806550,1446.052890,,,453079.489240,
2024,G10072,1773,Cochrane Power Corporation  - Cochrane Generating Station,221112,Cochrane,Ontario,279.289800,2.035600,1.934500,,,,283.259900,
2024,G10073,442,Imperial Oil Resources Limited - Cold Lake,211141,Bonnyville,Alberta,5702264.830506,7093.461452,26226.945590,,,,5735585.237548,2811.914000
2024,G10074,1696,New Brunswick Power Corporation - Coleson Cove Generating Station,221112,Saint John,New Brunswick,579966.430000,11354.994000,2970.756000,,,,594292.180000,
2024,G10075,5739,Greenfield Global Inc. - Chatham,325190,Chatham,Ontario,131817.095800,146.631520,606.160735,,,,132569.888055,878.913700
2024,G10076,4806,Rio Tinto Fer et Titane inc. - Rio Tinto Fer et Titane inc.- Complexe  de Sorel-Tracy,331110,Sorel-Tracy,Quebec,783807.000000,121.156000,1733.603500,1351.536000,,,787013.295500,1798.000000
2024,G10079,4929,Corner Brook Pulp and Paper Ltd. - Corner Brook Pulp and Paper,322122,Corner Brook,Newfoundland and Labrador,23956.732000,1442.754040,1995.842200,35.823831,,,27431.152071,158750.000000
2024,G10080,16289,Saskatchewan Power Corporation - Cory Cogeneration Station,221112,SASKATOON,Saskatchewan,555800.138347,4009.802160,3794.991330,,,,563604.931837,
2024,G10082,1266,Catalyst Paper Corporation - Crofton Division,322112,Crofton,British Columbia,122687.603700,4349.741200,10115.739000,,,,137153.083900,1299165.737800
2024,G10085,5190,Heidelberg Materials Canada Limited - Delta Plant,327310,Delta,British Columbia,582034.300000,635.006400,1210.944000,,,,583880.250400,
2024,G10086,0,ATCO Gas and Pipelines Ltd. - ATCO Gas - Distribution System,221210,Edmonton,Alberta,48348.015400,89514.804400,235.919165,,,,138098.738965,
2024,G10088,5515,Kruger inc - Kruger Trois-Rivières S.E.C.,322130,Trois-Rivières,Quebec,70899.000000,234.836000,619.305000,39.000000,,,71792.141000,77296.000000
2024,G10089,979,Produits forestiers Résolu - Usine Kénogami,322122,Saguenay,Quebec,19860.520000,7043.540000,91.160000,,,,26995.220000,
2024,G10091,3713,ArcelorMittal Canada MP Inc. and ArcelorMittal Canada Inc. partners in ArcelorMittal Dofasco G.P. - ArcelorMittal Dofasco,331110,Hamilton,Ontario,4157565.178800,898.794400,6352.209000,,,,4164816.182200,1086.738600
2024,G10093,3185,Domtar Inc. - Espanola Mill,322121,Espanola,Ontario,31306.603000,20644.632400,143.985100,,,,52095.220500,
2024,G10095,24315,City of Calgary - East Calgary Landfill,562210,Calgary,Alberta,1110.356900,42581.669200,45.235500,,,,43737.261600,3961.103000
2024,G10096,4140,Taqa North Ltd. - East Crossfield Gas Plant 9-14-28-1W5,211110,CROSSFIELD,Alberta,57330.789200,2586.284400,648.640500,,,,60565.714100,
2024,G10097,126,Celanese Canada ULC. - Edmonton Site,325210,Edmonton,Alberta,24882.260000,258.384000,387.960000,2722.689100,,,28251.293100,
2024,G10098,3903,Suncor Energy Products Partnership - Edmonton Refinery,324110,Sherwood Park,Alberta,1445698.420000,4573.296000,2651.961000,142.177200,,,1453065.854200,
2024,G10099,1221,Twin Rivers Paper Inc - Twin Rivers Pulp Ltd.,322112,Edmundston,New Brunswick,24048.448800,11580.478000,8431.028000,,,,44059.954800,1185379.188100
2024,G10100,5284,Peyto Exploration and Development Corporation - Edson Gas Plant,211110,Edson,Alberta,147180.524051,13808.501448,3887.146140,,,,164876.171639,
2024,G10101,5236,Burgundy Diamond Mines - Ekati Diamond Mine,212392,Lac du Sauvage,Northwest Territories,156336.181000,134.008000,940.485000,,,,157410.674000,
2024,G10103,6344,Elkem Metal Canada Inc. - Elkem Métal Chicoutimi,331110,Chicoutimi,Quebec,113245.000000,1947.661520,453.571350,26.380700,,,115672.613570,37283.000000
2024,G10104,0,"Foothills Pipe Lines (South B.C.) Ltd. - Foothills Pipeline, British Columbia System",486210,CRANBROOK,British Columbia,340150.593280,26445.645800,2296.169350,,,,368892.408430,
2024,G10105,7838,EVR Operations Limited (formerly Teck Coal Limited) - Elkview Operations,212114,Sparwood,British Columbia,285346.824200,272249.367600,8405.826500,,,37.600000,566039.618300,13395.941600
2024,G10106,23956,Cenovus Energy Inc. - Elmworth Gas Plant,211110,Elmworth,Alberta,165347.507190,6096.614160,1384.789300,,,,172828.910650,
2024,G10107,1091,Plains Midstream Canada ULC - Empress Gas Plant,211110,MEDICINE HAT,Alberta,69590.474639,7642.238856,339.559605,,,,77572.273100,
2024,G10108,3752,Plains Midstream Canada ULC - Empress 6,211110,MEDICINE HAT,Alberta,293565.586478,2612.304828,1426.591195,,,,297604.482501,
2024,G10111,6826,Graymont Western Canada Inc. - Exshaw Plant,327410,Exshaw,Alberta,183800.671861,29.673588,246.562625,,,,184076.908074,
2024,G10112,5291,Lafarge Canada Inc. - Exshaw Cement Plant,327310,Exshaw,Alberta,1164341.510554,186.071200,1577.227000,,,,1166104.808754,14271.980000
2024,G10113,6825,Graymont Western Canada Inc. - Faulkner Plant,327410,Faulkner,Manitoba,106083.779925,20.302324,124.353105,,,,106228.435354,
2024,G10114,5946,Federal White Cement Ltd. - Woodstock Plant,327310,Woodstock,Ontario,372957.152572,115.407600,404.019000,,,,373476.579172,
2024,G10115,6669,EVR Operations Limited (formerly Teck Coal Limited) - Fording River Operations,212114,Elkford,British Columbia,419723.145200,354197.099200,16711.138500,,,,790631.382900,90296.736400
2024,G10117,4304,NorthRiver Midstream Inc. - Fort Nelson Gas Plant,211110,FORT NELSON,British Columbia,99599.793860,4314.870280,259.715370,,,,104174.379510,
2024,G10118,7866,British Columbia Hydro and Power Authority - Fort Nelson Generating Station,221112,Fort Nelson,British Columbia,97357.520100,691.944400,666.024500,,,,98715.489000,
2024,G10119,2132,Sherritt International Corporation - Fort Saskatchewan,331410,Fort Saskatchewan,Alberta,331439.913500,2614.791760,1106.534000,,,,335161.239260,
2024,G10120,5352,TransAlta Cogeneration L.P. - Fort Saskatchewan Thermal Electric(Cogeneration) Power Plant,221112,Fort Saskatchewan,Alberta,391219.063303,764.143324,2031.775935,,,,394014.982562,
2024,G10121,4874,Nutrien (Canada) Holdings ULC - Fort Saskatchewan Nitrogen Operations,325313,Fort Saskatchewan,Alberta,592372.915000,15349.697720,1638.961400,,,,609361.574120,
2024,G10122,4142,Plains Midstream Canada ULC - Fort Saskatchewan Storage and Fractionation,211110,Fort Saskatchewan,Alberta,102804.472695,474.670840,601.021590,,,,103880.165125,
2024,G10125,18996,MEGlobal Canada ULC - Fort Saskatchewan EOEG,325190,Fort Saskatchewan,Alberta,25155.641500,5197.390800,10.308500,,,,30363.340800,
2024,G10126,0,NorthRiver Midstream Inc. - Gathering,211110,Fort St. John,British Columbia,96484.291500,22094.010400,3742.674500,,,,122320.976400,
2024,G10127,267,Capital Power Generation Services Inc. - Genesee Thermal Generating Station,221112,WARBURG,Alberta,4705579.454200,4493.310864,16562.912340,,,,4726635.677404,
2024,G10128,3824,"Gerdau Ameristeel Corporation - Gerdau Ameristeel Corporation, Whitby Mill",331110,Whitby,Ontario,129264.537116,45.802148,378.790470,5.896800,,,129695.026534,
2024,G10130,2875,International Paper Company - International Paper Canadian Pulp Holdings ULC,322112,Grande Prairie,Alberta,117577.930000,38974.664400,5189.866000,76.888436,,,161819.348836,1217587.740000
2024,G10131,6671,EVR Operations Limited (formerly Teck Coal Limited) - Greenhills Operations,212114,Elkford,British Columbia,261474.722000,198564.195200,8276.241500,,,,468315.158700,43479.430600
2024,G10133,2660,Birla Carbon Canada Ltd. - Birla Carbon Canada Ltd.,325189,Hamilton,Ontario,185530.683000,4.200000,35.245000,,,,185570.128000,
2024,G10134,17122,Greenfire Resources Operating Corporation - Hangingstone SAGD Demonstration Facility,211141,RM of Wood Buffalo,Alberta,193153.278500,1171.447200,957.683500,,,,195282.409200,
2024,G10135,3758,Canlin Energy Corporation - Hanlan Robb Gas Plant,211110,EDSON,Alberta,161623.803500,373.707600,478.431000,,,,162475.942100,
2024,G10136,1383,Nanaimo Forest Products Ltd. - Harmac Pacific Operations,322112,Nanaimo,British Columbia,164888.916600,3845.710400,9510.479000,129.587100,,,178374.693100,1211963.115900
2024,G10137,3941,AltaGas Ltd. - Harmattan Gas Processing Plant,211110,DIDSBURY,Alberta,325283.330220,14030.585520,6552.215100,,,,345866.130840,
2024,G10138,6188,Graymont (NB) Inc. - Havelock Plant,327410,HAVELOCK,New Brunswick,30208.756288,11.866316,44.183450,,,,30264.806054,
2024,G10139,15241,Canadian Natural Resources Limited - Hays Gas Plant 11-31-013-14 W4M,211110,n/a,Alberta,36438.041930,3137.264480,264.318950,,,,39839.625360,
2024,G10141,3778,Hendrickson Canada ULC - Hendrickson Springs,332611,Stratford,Ontario,12819.512000,8.260000,60.155000,,,,12887.927000,
2024,G10142,6096,Hibernia Management and Development Company Limited - Hibernia Platform,211110,Jeanne d’Arc Basin,Newfoundland and Labrador,485966.405019,8675.098516,2538.170000,,,,497179.673535,
2024,G10144,2991,Mondi Hinton Inc. - Mondi Hinton Inc.,322112,Hinton,Alberta,99863.912000,26909.475040,2896.783635,,,,129670.170675,594130.148700
2024,G10145,4882,Newfoundland and Labrador Hydro - Holyrood Thermal Generating Station,221112,Holyrood,Newfoundland and Labrador,590198.790000,173.320000,3097.850000,,,,593469.960000,
2024,G10146,1419,Howe Sound Pulp & Paper Corporation - Howe Sound Pulp and Paper Mill,322112,Port Mellon,British Columbia,114067.735700,928.751600,5660.320500,53.170000,,,120709.977800,949110.482700
2024,G10147,409,Cenovus Energy Inc. - Lloydminster Upgrader,211110,Lloydminster,Saskatchewan,946922.876503,71781.100188,3286.706755,,,,1021990.683446,
2024,G10148,6427,Entreprise Indorama PTA Montréal s.e.c. - Entreprise Indorama PTA Montréal s.e.c.,325190,Montréal,Quebec,85420.473000,234.673600,241.468000,,,,85896.614600,
2024,G10149,1207,INVISTA (Canada) Company - INVISTA (Canada) Company-Maitland Site,325190,Maitland,Ontario,99338.962000,32.032000,269.240000,,,105.750000,99745.984000,
2024,G10150,2740,EVRAZ Inc NA Canada - EVRAZ Inc NA Canada - Regina Facilities,331110,RM of Sherwood,Saskatchewan,189347.616000,78.911280,555.659950,,,,189982.187230,
2024,G10151,4904,Iroquois Falls Power Corp. - Iroquois Falls Generating Station,221112,Iroquois Falls,Ontario,1980.887600,12.887924,13.094710,,,,2006.870234,
2024,G10152,6556,INEOS Canada Partnership - Joffre LAO Plant,325110,Joffre,Alberta,128329.823200,95.796400,1153.015000,,,,129578.634600,
2024,G10154,5544,Béton Provincial Ltée - Usine de Joliette,327310,Joliette,Quebec,516665.830000,56.905240,606.942750,12.943910,,,517342.621900,
2024,G10155,440,Conifer Energy Inc. - Judy Creek Gas Conservation Plant,211110,Swan Hills,Alberta,44511.072140,4060.516040,510.233650,,,,49081.821830,
2024,G10157,2924,Kruger inc - Kamloops Mill (SFO),322112,Kamloops,British Columbia,108900.927400,1363.365780,6095.030740,,,,116359.323920,1389376.532000
2024,G10158,0,Canadian Natural Resources Limited - Karr 10-10-065-02 W6M,211110,n/a,Alberta,49010.432710,5203.955120,395.827850,,,,54610.215680,
2024,G10159,4150,PGI Processing ULC - Kaybob Amalgamated Sour Gas Plant,211110,FOX CREEK,Alberta,161291.075890,6823.591600,2865.397300,,,,170980.064790,
2024,G10160,683,PGI Processing ULC - Kaybob South #3 Gas Plant,211110,Fox Creek,Alberta,340171.205840,3400.516560,1655.847200,,,,345227.569600,
2024,G10161,7371,City of Toronto - Keele Valley Landfill,562210,Maple,Ontario,57.548000,222895.260000,11.395000,,,,222964.203000,20936.401000
2024,G10162,2286,TransAlta Generation Partnership - Keephills Thermal Electric Power Generating Plant,221112,Duffield,Alberta,2711926.437700,1474.950456,3795.261365,,,,2717196.649521,
2024,G10163,,"TransCanada PipeLines Limited - TransCanada Pipeline, Ontario",486210,Kenora,Ontario,1208674.286000,350970.760000,8242.295000,,,,1567887.341000,
2024,G10164,2815,Glencore - Kidd Metallurgical Site,212233,TIMMINS/DISTRICT OF COCHRANE,Ontario,28448.827268,32.518528,277.062535,,,,28758.408331,
2024,G10165,1770,Northland Power Inc. - Kirkland Lake Generating Station,221112,Kirkland Lake,Ontario,25414.086625,181.190828,173.627205,,,,25768.904658,
2024,G10168,1561,"KRONOS Canada, Inc. - KRONOS Canada, Inc.",325189,Varennes,Quebec,172140.663842,53.575228,461.820535,,,,172656.059605,
2024,G10169,2502,Kruger Wayagamack S.E.C. - Kruger Wayagamack,322121,Trois-Rivières,Quebec,69640.200000,731.684800,2077.335000,,,,72449.219800,255681.000000
2024,G10170,702,Lafarge Canada Inc. - Richmond Cement Plant,327310,RICHMOND,British Columbia,509961.312000,340.207728,857.730005,,,,511159.249733,45108.100000
2024,G10171,5850,Lafarge Canada Inc. - Bath Cement Plant,327310,Bath,Ontario,667412.244354,204.069600,836.260500,,,,668452.574454,9584.892000
2024,G10176,5243,Heidelberg Materials Canada Limited - Edmonton Plant,327310,Edmonton,Alberta,504775.933070,330.296400,1173.711500,,,,506279.940970,29127.000000
2024,G10177,1812,Ontario Power Generation Inc. - Lennox Generating Station,221112,Greater Napanee,Ontario,131122.770000,691.600000,797.650000,,,,132612.020000,
2024,G10178,3992,Nova Scotia Power Incorporated - Lingan Generating Station,221112,LINGAN,Nova Scotia,1635995.893709,13459.950056,5616.410000,,,2520.610000,1657592.863765,
2024,G10179,19219,TransCanada Energy Ltd. - MacKay River Power Plant,221112,FORT MCMURRAY,Alberta,879454.887000,1637.247920,5292.436900,,,,886384.571820,
2024,G10180,17630,"Suncor Energy Oil Sands Limited Partnership  - MacKay River, In-Situ Oil Sands Plant",211141,FORT MCMURRAY,Alberta,392023.374989,1135.076152,1205.299500,,,,394363.750641,1764.321970
2024,G10182,2051,Canadian Kraft Paper Industries Ltd. - Canadian Kraft Paper Industries Ltd.,322121,The Pas,Manitoba,52428.437000,5479.353992,5933.326150,,,,63841.117142,374175.349000
2024,G10183,6187,Graymont (QC) Inc. - Usine de Marbleton,327410,Marbleton,Quebec,180261.565996,95.704280,496.385015,,,,180853.655291,
2024,G10184,7959,NorthRiver Midstream Inc. - McMahon Cogen Plant,221112,TAYLOR,British Columbia,513215.180000,1006.145000,3376.092050,,,,517597.417050,
2024,G10185,4305,NorthRiver Midstream Inc. - McMahon Gas Plant,211110,Taylor,British Columbia,123488.828900,8082.887120,75.731170,,,,131647.447190,
2024,G10186,6595,Meridian Limited Partnership - Meridian Cogeneration Plant,221112,Lloydminster,Saskatchewan,841666.099761,5789.168560,5449.924015,,,,852905.192336,
2024,G10187,0,Suncor Energy (Syncrude) Operating Inc - Mildred Lake and Aurora Plant Sites,211142,Fort McMurray,Alberta,13310854.882700,307967.819600,58136.548000,699.030800,,,13677658.281100,5225.189600
2024,G10188,6217,ArcelorMittal Exploitation Minière Canada s.e.n.c. - Mine de Mont-Wright,212210,Fermont,Quebec,301564.361000,435.055600,27456.491000,,,,329455.907600,
2024,G10191,3899,Petro-Canada Lubricants Inc. - Mississauga Lubricants Centre,324190,Mississauga,Ontario,434844.455700,1553.946436,2081.506630,,,,438479.908766,
2024,G10192,2182,CRH Canada Group Inc. - Mississauga Cement Plant,327310,Mississauga,Ontario,1039397.710322,3026.945600,2474.941000,,,,1044899.596922,
2024,G10193,10433,The Corporation of the City of Brantford - Mohawk Street Landfill,562210,Brantford,Ontario,583.731000,128063.569200,6.651500,,,,128653.951700,11327.800000
2024,G10195,4099,Mosaic Canada ULC - Mosaic Potash Belle Plaine,212396,Belle Plaine,Saskatchewan,698065.086400,3494.150800,4072.016500,,,,705631.253700,
2024,G10196,0,Heartland Generation Ltd. - Muskeg River Cogeneration Plant,221112,Fort McMurray,Alberta,1395320.781000,2116.834440,6855.928950,,,,1404293.544390,
2024,G10199,3701,Imperial Oil - Imperial Oil Nanticoke Refinery,324110,Nanticoke,Ontario,1027487.484400,3094.907200,3748.955000,,,,1034331.346600,
2024,G10203,10405,Atlantic Power LP - Nipigon Power Plant,221112,Nipigon,Ontario,506.333500,3.088904,3.292625,,,,512.715029,
2024,G10204,428,Imperial Oil Resources N.W.T. Limited - Norman Wells Central Processing Facility,211110,Norman Wells,Northwest Territories,76887.651137,487.983216,317.689950,,,,77693.324303,
2024,G10206,4316,Braya Renewable Fuels (Newfoundland) LP - Braya Renewable Fuels (Newfoundland) LP,325190,Come by Chance,Newfoundland and Labrador,189854.000000,3903.788000,2636.485000,,,,196394.273000,170804.000000
2024,G10207,1797,Canfor Pulp Ltd. - Northwood Pulp Mill,322112,Prince George,British Columbia,171133.582500,2267.098400,8029.102500,,,,181429.783400,1114992.798800
2024,G10208,1776,NOVA Chemicals Corporation (CO/MO) - Corunna Site,325110,Corunna,Ontario,933299.467000,5304.614056,6671.346380,,,,945275.427436,
2024,G10209,1785,INEOS Styrolution Canada Ltd. - INEOS Styrolution,325110,Sarnia,Ontario,39232.743900,298.956000,136.981150,,,,39668.681050,
2024,G10210,4700,NOVA Chemicals Corporation - St. Clair River Site,325210,Corunna,Ontario,66148.921000,86.517200,307.665000,,,,66543.103200,
2024,G10211,1779,NOVA Chemicals Corporation - NOVA Chemicals Corporation (Joffre),325110,Lacombe,Alberta,3368053.591814,6101.375056,11581.534295,169.999300,,21.150000,3385927.650465,
2024,G10213,3893,General Motors of Canada Company - Oshawa Assembly Plant,336110,Oshawa,Ontario,91415.208300,54.812800,421.058500,,,,91891.079600,
2024,G10215,4872,TransAlta Cogeneration L.P. - Ottawa Health Sciences Centre (OHSC) Cogeneration Facility,221112,Ottawa,Ontario,28903.621985,210.384580,199.061110,,,,29313.067675,
2024,G10217,1528,Fortress Cellulose Spécialisée - Usine de Thurso,322112,Thurso,Quebec,18.000000,0.028000,30.634000,,,,48.662000,
2024,G10219,2128,Canadian Natural Upgrading Ltd - CNUL Peace River Complex,211141,Peace River,Alberta,264871.448288,4435.713044,556.351865,,,,269863.513197,
2024,G10220,223,Mercer Peace River Pulp Ltd. - Mercer Peace River,322112,MD of Northern Lights,Alberta,158817.034400,3861.264400,11418.850000,,,,174097.148800,1319468.300000
2024,G10221,4805,CEPSA Chimie Bécancour - CEPSA Chimie Bécancour,325110,Bécancour,Quebec,57866.000000,32.480000,216.505000,,,,58114.985000,
2024,G10223,3541,Lehigh Hanson Materials Limited - Picton  Plant,327310,Picton,Ontario,559595.113520,96.052152,689.096725,,,,560380.262397,
2024,G10225,4306,Canadian Natural Resources Limited - Pine River Sour Gas Plant C-085-D,211110,Peace River District,British Columbia,378508.328950,9191.977760,801.190400,,,,388501.497110,
2024,G10226,0,Westcoast Energy Inc. - Transmission Mainline - BC,486210,Prince George,British Columbia,1066752.065925,59188.769360,7524.659630,,,,1133465.494915,
2024,G10227,4000,Nova Scotia Power Incorporated - Point Aconi Generating Station,221112,Point Aconi,Nova Scotia,874266.596362,1706.497604,2148.022690,,,,878121.116656,
2024,G10228,3994,Nova Scotia Power Incorporated - Point Tupper Generating Station,221112,Port Hawkesbury,Nova Scotia,585594.174813,5922.913724,1949.619045,,,180.010000,593646.717582,
2024,G10229,2079,Saskatchewan Power Corporation - Poplar River Power Station,221112,CORONACH,Saskatchewan,3314488.323910,4308.268328,22538.500160,,,,3341335.092398,
2024,G10230,1593,Catalyst Paper Corporation - Port Alberni Division,322121,Port Alberni,British Columbia,49926.755100,2767.578800,4425.102500,,,,57119.436400,302428.761000
2024,G10232,18997,MEGlobal Canada ULC - Prentiss Chemical Manufacturing Facility,325190,Lacombe County,Alberta,311237.907800,1854.367200,448.353500,,,,313540.628500,
2024,G10234,405,Tidewater Midstream and Infrastructure Ltd. - Prince George Refinery,324110,Prince George,British Columbia,139483.314100,1242.747800,440.983850,,,,141167.045750,
2024,G10235,1755,Canadian Natural Resources Limited - Progress Gas Plant 01-01-078-10 W6M,211110,Grande Prairie,Alberta,29219.557390,3198.765360,152.367050,,,,32570.689800,
2024,G10236,2085,Saskatchewan Power Corporation - Queen Elizabeth Power Station,221112,Saskatoon,Saskatchewan,1407577.607683,10199.283612,9652.893445,,,,1427429.784740,
2024,G10237,426,Caledonian Midstream - Quirk Creek Gas Plant,211110,MILLARVILLE,Alberta,77088.595000,2118.998000,898.217500,,,,80105.810500,
2024,G10238,3897,Suncor Energy Products Partnership - Raffinerie de Montreal,324110,Montreal,Quebec,1210414.580000,2091.320000,3673.960000,,,,1216179.860000,
2024,G10239,3928,Valero Energy Inc. - Raffinerie Jean-Gaulin,324110,Lévis,Quebec,1218460.000000,1546.417600,3575.936500,,,164.500000,1223746.854100,
2024,G10240,5448,Glencore - Mine Raglan,212232,Rivière-Koksoak,Quebec,147707.935654,869.316532,424.692710,,,14.335000,149016.279896,2732.805119
2024,G10241,6609,Heartland Generation Ltd. - Rainbow Lake Cogeneration Power Plant (Units 4-5),221112,Rainbow Lake,Alberta,204068.986200,395.320800,1011.346000,,,,205475.653000,
2024,G10243,407,Tidewater Midstream and Infrastructure Ltd. - Ram River Sour Gas Plant,211110,ROCKY MOUNTAIN HOUSE,Alberta,154229.298800,3028.295200,796.007000,,,,158053.601000,
2024,G10244,0,"TransCanada PipeLines Limited - TransCanada Pipeline, Manitoba",486210,Winnipeg,Manitoba,258874.666570,52061.382800,1763.243750,,,,312699.293120,
2024,G10246,6701,TransCanada Energy Ltd. - Redwater Cogeneration Plant,221112,REDWATER,Alberta,203560.603204,393.891792,1195.786000,,,,205150.280996,
2024,G10247,4101,Irving Oil Limited  - Irving Oil Refinery,324110,Saint John,New Brunswick,2917038.000000,35152.530000,7857.329500,,,,2960047.859500,
2024,G10248,0,"Foothills Pipe Lines (Sask.) Ltd. - Foothills Pipeline, Saskatchewan",486210,RICHMOND,Saskatchewan,96305.594130,16929.587640,652.278950,,,,113887.460720,
2024,G10249,1372,Keyera Corp - Rimbey Gas Plant,211110,RIMBEY,Alberta,305175.968370,7326.613000,1973.648450,,,,314476.229820,
2024,G10250,1464,Imperial Oil - Sarnia Chemical Plant,325110,Sarnia,Ontario,287325.663815,1961.676136,1388.309030,,,,290675.648981,
2024,G10251,11174,Imperial Oil - Sarnia Cogen Plant,221112,Sarnia,Ontario,398852.973700,217.630000,1828.526500,,,,400899.130200,
2024,G10252,4155,Plains Midstream Canada ULC - Sarnia Fractionation Plant,211110,Sarnia,Ontario,177719.996190,149.732100,798.756905,,,,178668.485195,
2024,G10253,3962,Shell Canada Products  - Sarnia Manufacturing Centre,324110,Corunna,Ontario,717419.885700,2032.076760,1839.535395,72.415928,,,721363.913783,
2024,G10254,3071,Suncor Energy Products Partnership - Sarnia Refinery,324110,Sarnia,Ontario,782831.945500,3855.544000,3348.805000,,,,790036.294500,
2024,G10255,3704,Imperial Oil - Sarnia Refinery Plant,324110,Sarnia,Ontario,1320418.819500,4212.889268,4837.127945,,,,1329468.836713,
2024,G10256,6597,TransAlta Sarnia Cogeneration L.P. - Sarnia Regional Cogeneration Facility,221112,Sarnia,Ontario,1170311.587239,8492.763132,8035.339805,,,21.314500,1186861.004676,
2024,G10257,0,Alliance Pipeline Ltd. Partnership - Alliance Pipeline Ltd. - SK Pipeline System,486210,Calgary,Saskatchewan,398945.826420,16656.966760,2674.743050,,,,418277.536230,
2024,G10258,0,SaskEnergy Incorporated - SaskEnergy Incorporated,221210,Regina,Saskatchewan,16564.356860,52594.134880,115.333300,,,,69273.825040,
2024,G10259,2077,Yara Belle Plaine Inc. - Yara Belle Plaine Inc.,325313,Belle Plaine,Saskatchewan,546190.570759,7543.337284,5228.372885,,,,558962.280928,
2024,G10260,2963,Shell Chemicals Canada - Scotford Chemical Plant,325110,"Fort Saskatchewan,Strathcona County",Alberta,241615.072244,690.593344,1169.948500,6.206400,,,243481.820488,
2024,G10261,6219,Air Liquide Canada Inc. - Scotford Complex,221112,Fort Saskatchewan,Alberta,409533.510000,2934.960000,2777.200000,,,,415245.670000,
2024,G10262,6546,Shell Canada Energy Limited - Scotford Upgrader and Upgrader Cogeneration,211142,Fort Saskatchewan,Alberta,2678023.803100,7698.829600,8489.619500,38.994200,,,2694251.246400,
2024,G10263,3242,Fibrek S.E.N.C. - Fibrek SENC,322112,St-Felicien,Quebec,77500.000000,2122.120000,3770.155000,,,,83392.275000,1059705.000000
2024,G10264,2083,Saskatchewan Power Corporation - Shand Power Station,221112,ESTEVAN,Saskatchewan,1576439.830767,2256.407944,9214.908070,,,,1587911.146781,
2024,G10265,1036,Alberta Power 2000 Ltd. - Sheerness Generating Station,221112,Hanna,Alberta,1104743.488600,598.071600,1558.624000,4.876400,,,1106905.060600,
2024,G10267,2120,Cavvy Energy - Caroline Complex,211110,CAROLINE,Alberta,226280.164900,639.937200,1646.657000,,,,228566.759100,
2024,G10268,2119,Cavvy Energy - Jumping Pound Complex,211110,CALGARY,Alberta,143915.368800,1282.559600,1084.830500,,,,146282.758900,
2024,G10269,2960,Shell Canada Products  - Shell Scotford Refinery,324110,Fort Saskatchewan,Alberta,993083.642692,2224.717040,3598.990175,26.499100,,,998933.849007,
2024,G10271,2515,"Koch Fertilizer Canada, ULC - Koch Fertilizer Canada, ULC",325313,Brandon,Manitoba,680307.656000,223.300000,9546.095000,,,,690077.051000,
2024,G10272,2948,Rayonier A.M. Canada G.P. - Site de Témiscaming,322112,Témiscaming,Quebec,171318.000000,1816.080000,3914.050000,,,,177048.130000,372938.000000
2024,G10273,5841,St. Marys Cement Inc. (Canada) - Bowmanville Cement Plant,327310,Bowmanville,Ontario,925555.046900,278.815600,1046.972600,,,,926880.835100,53616.923700
2024,G10274,5871,St. Marys Cement Inc. (Canada) - St. Marys Cement Plant,327310,St. Marys,Ontario,487024.618008,294.520800,487.123000,,,,487806.261808,10672.023800
2024,G10275,2984,Stelco Inc. - Hamilton,331110,Hamilton,Ontario,234580.650000,20110.470240,2763.931450,,,,257455.051690,18220.550000
2024,G10276,3855,Stelco Inc. - Lake Erie,331110,Haldimand County,Ontario,3748434.262000,17073.925400,4481.033400,,,,3769989.220800,
2024,G10277,1374,Keyera Corp - Strachan Gas Plant,211110,ROCKY MOUNTAIN HOUSE,Alberta,126538.891070,10022.811120,2062.139900,,,,138623.842090,
2024,G10278,3707,"Imperial Oil - Imperial Oil, Strathcona Refinery",324110,Edmonton,Alberta,1657674.173400,4122.098400,5362.990500,,,,1667159.262300,
2024,G10279,0,"City of Winnipeg, Water & Waste Department - Summit Road Landfill",562210,Winnipeg,Manitoba,,67366.040000,,,,,67366.040000,
2024,G10280,2230,Suncor Energy Oil Sands Limited Partnership  - Suncor Energy Inc. Oil Sands,211142,Fort McMurray,Alberta,7776241.742300,222080.112800,37030.225500,419.970200,72.770880,1026.292000,8036871.113680,12078.795200
2024,G10281,2284,TransAlta Generation Partnership - Sundance Thermal Electric Power Generating Plant,221112,Duffield,Alberta,924555.009000,508.196920,1293.881315,,,,926357.087235,
2024,G10283,2233,Terra International (Canada) Inc. - CF Industries Courtright Nitrogen Complex,325313,Courtright,Ontario,564659.910000,3462.897200,13835.544000,,,,581958.351200,
2024,G10284,17631,Suncor Energy Inc. - Terra Nova,211110,ST. JOHN'S,Newfoundland and Labrador,605004.969400,56841.945944,4048.240965,,,,665895.156309,
2024,G10285,2607,AV Terrace Bay Inc. - AV Terrace Bay,322112,Terrace Bay,Ontario,1987.760000,45.500000,315.085000,,,,2348.345000,27150.080000
2024,G10289,0,"Teck Metals Ltd, Trail Operations - Teck Metals Ltd, Trail Operations",331410,Trail,British Columbia,369926.840000,152.004720,986.727500,,,25.850000,371091.422220,2340.461000
2024,G10290,28763,TransGas Limited - TransGas Limited,486210,Regina,Saskatchewan,88181.961260,95998.719320,575.776100,,,,184756.456680,
2024,G10291,3996,Nova Scotia Power Incorporated - Trenton Generating Station,221112,Trenton,Nova Scotia,855632.535648,7677.268200,2821.608700,,,48.175000,866179.587548,
2024,G10292,3998,Nova Scotia Power Incorporated - Tufts Cove Generating Station,221112,Dartmouth,Nova Scotia,1289267.036657,8913.250080,8757.655340,,,643.900000,1307581.842077,
2024,G10293,10407,Atlantic Power LP - Tunis Power Plant,221112,Tunis,Ontario,6160.608200,43.403360,41.904715,,,,6245.916275,
2024,G10295,5510,Rio Tinto Alcan Inc - Usine Alma,331313,Alma,Quebec,842340.250000,44.971360,320.899100,,31975.824000,235.000000,874916.944460,
2024,G10296,3406,Rio Tinto Alcan Inc - Usine Arvida,331313,Saguenay,Quebec,364875.164400,29.117200,120.071500,81.308230,181837.563000,,546943.224330,
2024,G10298,2855,Olin Canada ULC - Usine de Bécancour,325181,Bécancour,Quebec,16304.155000,0.599760,28.021100,,,,16332.775860,
2024,G10299,2000,ArcelorMittal Exploitation Minière Canada s.e.n.c. - Usine de Bouletage de Port-Cartier,212210,Port-Cartier,Quebec,750119.066000,311.721200,1792.009500,,,,752222.796700,25133.617000
2024,G10300,4782,Compagnie de gestion Alcoa - Lauralco - Aluminerie de Deschambault,331313,DESCHAMBAULT,Quebec,509016.000000,22.792000,2256.475000,50.107100,17311.884000,,528657.258100,
2024,G10302,3140,Compagnie WestRock du Canada Corp. - Usine de La Tuque,322130,La Tuque,Quebec,219544.547000,128.660000,2118.940000,,,,221792.147000,885140.180000
2024,G10304,4068,Stadacona WB S.E.C. - Usine de Québec,322122,Québec,Quebec,15449.517000,172.424000,1901.057000,,,,17522.998000,98765.000000
2024,G10306,3062,Rio Tinto Alcan Inc - Usine Grande-Baie,331313,LA BAIE,Quebec,476190.700000,40.726000,415.777050,505.773860,79498.854000,49.115000,556700.945910,
2024,G10307,3060,Rio Tinto Alcan Inc - Usine Laterrière,331313,Laterriere,Quebec,402476.150000,11.480000,212.168805,30.876120,94996.368000,,497727.042925,
2024,G10310,5790,Corporation of the City of London - W12A Landfill,562210,London,Ontario,1241.000000,109061.792000,10.865000,,,,110313.657000,21000.000000
2024,G10312,432,Canadian Natural Resources Limited - Wapiti Deep Cut Plant 04-08-069-08 W6M,211110,n/a,Alberta,120562.283700,7229.364240,1174.539625,,,,128966.187565,
2024,G10313,2108,Cavvy Energy - Waterton Complex,211110,PINCHER CREEK,Alberta,210328.142500,3648.251600,2132.799500,,,,216109.193600,
2024,G10315,5901,Engie Canada - West Windsor Power,221112,Windsor,Ontario,28317.867734,209.096776,197.891665,,,,28724.856175,
2024,G10316,280,Dow Chemical Canada ULC - Western Canada Operations,325110,Fort Saskatchewan,Alberta,1122013.580385,1709.897700,3540.725685,1340.228655,,,1128604.432425,
2024,G10318,928,Dryden Fibre Canada ULC - Dryden Mill,322112,Dryden,Ontario,85131.581600,23133.325600,2208.947250,,,,110473.854450,825271.523000
2024,G10321,3751,Canlin Energy Corporation - Wildcat Hills Gas Plant,211110,Cochrane,Alberta,123459.628900,4307.702000,868.696500,,,,128636.027400,
2024,G10323,5267,TransAlta Cogeneration L.P. - Windsor Essex Cogeneration Plant,221112,Windsor,Ontario,20517.830297,149.482172,141.100575,,,,20808.413044,
2024,G10324,0,Canadian Natural Resources Limited - PAW In-Situ Oilsands Facilities,211141,BONNYVILLE,Alberta,3739461.186845,21558.913320,6603.335455,,,0.070500,3767623.506120,
2024,G10327,19289,Rio Tinto Alcan Inc - Strathcona Works,324190,Sherwood Park,Alberta,107677.671800,1.150800,2.862000,3.847000,,,107685.531600,
2024,G10328,6933,Prairie Mines & Royalty ULC - BIENFAIT MINE - CHAR PLANT,324190,Estevan,Saskatchewan,79522.522000,151.312000,959.300000,,,,80633.134000,
2024,G10329,18935,Cenovus Energy Inc. - Bolney Thermal,211110,LLOYDMINSTER,Saskatchewan,415603.888300,11227.865600,1878.002000,,,,428709.755900,
2024,G10330,5453,Bridgestone  Canada inc. - Usine de Joliette,326210,Joliette,Quebec,25369.230000,14.756000,118.455000,,,,25502.441000,
2024,G10332,10976,City of Hamilton - Glanbrook Landfill Site,562210,Hamilton,Ontario,,16242.531200,5.045600,,,,16247.576800,10396.000000
2024,G10334,3394,Irving Paper Limited - Irving Paper,322121,Saint John,New Brunswick,90613.830000,50.734180,405.587535,,,,91070.151715,1.040000
2024,G10337,10132,Walker Environmental Group Inc. - Landfill Sites - Walker Environmental Group Inc. Landfill Sites,562210,Niagara Falls,Ontario,,206036.180000,,,,,206036.180000,56085.012000
2024,G10338,15778,Canadian Natural Resources Limited - North Tangleflags Facility,211141,n/a,Saskatchewan,52625.632000,339.662400,243.376000,,,,53208.670400,
2024,G10341,6611,Heartland Generation Ltd. - Poplar Hill Generating Station,221112,Grande Prairie,Alberta,28974.255100,62.221600,151.421000,,,,29187.897700,
2024,G10342,4063,Canfor Pulp Ltd. - Prince George Pulp and Paper and Intercontinental Pulp Mills,322112,Prince George,British Columbia,146048.809000,2013.953200,5695.194500,,,,153757.956700,718687.291700
2024,G10343,7396,Waste Connections of Canada Inc. - Ridge Landfill,562210,Blenheim,Ontario,3650.554000,161350.900480,42.990950,,,,165044.445430,68918.580000
2024,G10344,6173,Waste Management of Canada Corporation - Sainte Sophie Landfill,562210,Sainte Sophie,Quebec,2816.220000,49175.929600,7.605500,,,,51999.755100,86301.000000
2024,G10346,0,FortisBC Energy Inc. - FortisBC Energy Inc.,221210,Surrey,British Columbia,58050.165265,93808.798048,365.941945,,,,152224.905258,
2024,G10348,7238,City of Ottawa - Trail Road Waste Facility,562210,Ottawa,Ontario,1115.018000,74096.346800,163.593775,,,,75374.958575,18257.590000
2024,G10349,6615,Heartland Generation Ltd. - Valleyview Generating Station,221112,Valleyview,Alberta,15055.336600,44.623600,77.035500,,,,15176.995700,
2024,G10350,5460,Tacora Resources Inc. - Wabush Mines - Scully,212210,Wabush,Newfoundland and Labrador,96176.252700,110.770800,1496.269500,,,,97783.293000,
2024,G10351,7353,Hiram Walker & Sons Ltd. - Walkerville,312140,Windsor,Ontario,45833.791700,39.880400,860.860185,,,,46734.532285,1734.268300
2024,G10352,6869,Waste Management of Canada Corporation - West Edmonton Landfill,562210,Edmonton,Alberta,320.171500,13885.424196,36.225235,,,,14241.820931,9438.510000
2024,G10353,6631,Whitecap Resources Inc. - Weyburn 05-16-006-13W2 BTY,211110,Weyburn,Saskatchewan,32019.944540,495.975480,148.397350,,,,32664.317370,
2024,G10354,8060,Cenovus Energy Inc. - Sea Rose FPSO,211110,ST JOHN'S,Newfoundland and Labrador,5650.353400,7.901600,224.905500,,,,5883.160500,
2024,G10355,2181,AV Group NB Inc. - Nackawic Mill - Nackawic Mill,322112,Nackawic,New Brunswick,84425.236000,3699.245200,3184.743500,,,,91309.224700,595872.369000
2024,G10356,6560,CNOOC Marketing Canada - Balzac Power Station,221112,Rocky View County,Alberta,195354.184990,606.279520,1023.263050,,,,196983.727560,
2024,G10357,8606,TransCanada Energy Ltd. - Bécancour Power Plant,221112,Bécancour,Quebec,60271.080800,41.680800,351.602000,,,,60664.363600,
2024,G10358,10636,Corporation of the City of Guelph - Eastview Landfill,562210,Guelph,Ontario,,20419.812000,56.710000,,,,20476.522000,10672.706000
2024,G10359,1585,Prairie Mines & Royalty ULC - Coal Valley Mine,212114,Edson,Alberta,86198.098800,16477.630400,1707.713000,,,,104383.442200,
2024,G10360,11489,Air Products Canada Ltd. - Corunna Hydrogen Facility,325120,Corunna,Ontario,464670.910000,104.606936,884.464000,,,,465659.980936,
2024,G10361,19995,Air Products Canada Ltd. - Edmonton Hydrogen Facility,325120,EDMONTON,Alberta,1324076.612680,986.779612,849.172625,,,,1325912.564917,
2024,G10364,11455,Essex-Windsor Solid Waste Authority - Essex County Landfill No. 3,562210,Lakeshore,Ontario,,100493.008000,,,,,100493.008000,
2024,G10365,11456,Essex-Windsor Solid Waste Authority - Essex-Windsor Regional Landfill,562210,Essex,Ontario,1179.711000,332599.821400,3.346950,,,,333782.879350,1471.350000
2024,G10366,4451,Greater Toronto Airports Authority - Toronto Pearson International Airport,488190,Mississauga,Ontario,59400.618000,118.778548,282.012205,,,,59801.408753,255.030000
2024,G10368,15596,Canadian Natural Resources Limited - Marten Hills Gas Plant,211110,n/a,Alberta,15529.416200,2681.326480,372.446900,,,,18583.189580,
2024,G10369,2986,ArcelorMittal Produits Longs Canada s.e.n.c - ArcelorMittal Contrecoeur Ouest,331110,Contrecoeur,Quebec,96742.292590,30.476880,249.468350,,,,97022.237820,
2024,G10370,5482,Owens Corning Composite Materials Canada LP - OC Celfortec LPValleyfield,326140,Valleyfield,Quebec,533.300000,0.389200,0.583000,35748.210000,,,36282.482200,
2024,G10371,1074,Whitecap Resources Inc. - Olds 06-18-032-01W5 GP,211110,Olds,Alberta,98111.125720,595.165480,835.258800,,,,99541.550000,
2024,G10373,517,O-I Canada Corp. - Plant #31 Brampton,327214,Brampton,Ontario,81447.057500,36.979600,287.074500,,,,81771.111600,
2024,G10375,2316,Dow Chemical Canada ULC - Prentiss Manufacturing Facility,325210,Lacombe County,Alberta,41063.315744,340.745132,202.225740,35.363326,,,41641.649942,
2024,G10376,5989,Region of Peel - Britannia Sanitary Landfill Site,562210,Mississauga,Ontario,,155255.072000,,,,,155255.072000,5377.319000
2024,G10379,500303,Essex-Windsor Solid Waste Authority - Transfer Station No. 2,562110,Kingsville,Ontario,,12327.896000,,,,,12327.896000,
2024,G10380,18142,TransCanada Energy Ltd. - Bear Creek Power Plant,221112,GRANDE PRAIRIE,Alberta,197933.058350,1253.207200,1334.789100,,,,200521.054650,
2024,G10381,18241,Rio Tinto plc - Diavik Diamond Mines (2012) Inc.,212392,YELLOWKNIFE,Northwest Territories,155389.904000,125.944000,307.400000,,,,155823.248000,1980.860000
2024,G10385,3356,Teck Highland Valley Copper Partnership - Teck Highland Valley Copper Partnership,212233,Logan Lake,British Columbia,120248.361300,244.308400,6819.271500,,,,127311.941200,67926.163800
2024,G10386,2604,"Irving Pulp & Paper, Limited - Irving Pulp & Paper, Limited",322112,Saint John,New Brunswick,81191.246800,6888.084000,4232.182500,,,,92311.513300,983424.478100
2024,G10388,7839,EVR Operations Limited (formerly Teck Coal Limited) - Line Creek Operations,212114,Sparwood,British Columbia,132999.353400,130666.261600,4366.537500,,,,268032.152500,5747.925600
2024,G10389,21547,Cenovus Energy Inc. - Lloydminster Ethanol Plant,325190,Lloydminster,Saskatchewan,30287.747696,21.024780,146.781910,,,,30455.554386,
2024,G10390,22378,CNOOC Petroleum North America ULC - Long Lake,211141,Anzac,Alberta,2556814.036070,7945.850556,12729.779030,,,,2577489.665656,7558.290833
2024,G10394,21548,Strathcona Resources Ltd. - Tucker Thermal,211141,Bonneville,Alberta,860936.440940,3839.926440,1105.609150,,,,865881.976530,
2024,G10396,,Greenfield Global Quebec Inc. - Varennes Plant,325190,Varennes,Quebec,53199.832500,31.252200,262.609700,,,,53493.694400,4882.250000
2024,G10398,1236,Glencore Canada Corporation - Sudbury Integrated Nickel Operations Smelter,331410,Falconbridge,Ontario,93609.856700,24.774400,108.650000,,,,93743.281100,
2024,G10399,20078,Conuma Coal Resources Limited - Dillon / Brule Mine,212114,Chetwynd,British Columbia,57165.476600,18599.819000,2195.837700,,,,77961.133300,
2024,G10400,20116,Conuma Coal Resources Limited - Wolverine Mine,212114,Tumbler Ridge,British Columbia,14944.250000,22672.576360,577.652300,,,,38194.478660,
2024,G10401,6370,Complexe Enviro Connexions - Usine de triage Lachenaie,562990,Terrebonne,Quebec,12296.480000,46199.160000,792.350000,,,,59287.990000,10489.330000
2024,G10404,4908,Regional Municipality of Durham - Duffin Creek WPCP,221320,Pickering,Ontario,7720.530000,148.582840,13865.339275,,,,21734.452115,46526.000000
2024,G10406,22750,Connacher Oil and Gas Limited - Pod One,211141,Fort McMurray,Alberta,256366.268400,2864.691060,374.339000,,,,259605.298460,
2024,G10407,11581,"Greenfield Energy Centre, LP - Greenfield Energy Centre LP",221112,Courtright,Ontario,1699246.890000,12314.120000,11657.350000,,,,1723218.360000,
2024,G10408,23275,Canadian Natural Resources Limited - Horizon Oil Sands Processing Plant and Mine,211142,FORT MCMURRAY,Alberta,5714736.573281,271317.141424,27940.307860,2777.392800,,41.571500,6016812.986865,284.533200
2024,G10410,10404,Kap Power Corp - Kapuskasing Power Plant,221112,Kapuskasing,Ontario,62.282800,0.034104,0.286465,,,,62.603369,
2024,G10411,6853,Cenovus Energy Inc. - Minnedosa Ethanol Plant,325190,Minnedosa,Manitoba,78681.736183,100.866164,356.572340,,,,79139.174687,
2024,G10412,22493,Strathcona Resources Ltd. - Orion Facilities,211141,no physical address,Alberta,653490.381050,758.735040,853.284100,,,,655102.400190,
2024,G10413,11803,Portlands Energy Centre LP - Portlands Energy Centre,221112,Toronto,Ontario,1050385.827900,7657.174000,7247.008000,,,,1065290.009900,
2024,G10414,22141,ConocoPhillips Surmont Partnership - Surmont SAGD Commercial Battery,211141,ANZAC,Alberta,2833092.350160,4146.043720,3973.227150,,,,2841211.621030,
2024,G10415,209,"Greenfield Global Inc. - Tiverton ",325190,Tiverton,Ontario,28048.840000,15.265600,128.260000,,,,28192.365600,
2024,G10416,5694,ADM Agri-Industries Company - ADM AGRI-INDUSTRIES - ADM Windsor,311224,Windsor,Ontario,81260.107100,46.614400,380.301500,,,,81687.023000,
2024,G10417,6619,AECO Gas Storage Partnership - Suffield Gas Storage Facility,211110,MEDICINE HAT,Alberta,38753.042440,10589.064920,254.203900,,,,49596.311260,
2024,G10419,1177,Agrium Potash Ltd. - Vanscoy Potash Operations,212396,Vanscoy,Saskatchewan,49403.774800,38.970400,215.948500,,,,49658.693700,
2024,G10420,1106,AltaSteel Inc. - AltaSteel Inc.,331110,Edmonton,Alberta,79087.562375,32.342380,328.246755,,,,79448.151510,
2024,G10421,6972,Baymag Inc. - Baymag Exshaw Operations,327990,EXSHAW,Alberta,178947.722700,52.830400,211.894000,,,,179212.447100,
2024,G10423,161,Bunge Canada  - BUNGE CANADA - HAMILTON,311224,HAMILTON,Ontario,46528.187900,25.148340,211.890025,,,,46765.226265,
2024,G10427,7195,CGC Inc. - CGC Hagersville Plant,327420,Hagersville,Ontario,80707.709500,50.680000,376.644500,,,,81135.034000,
2024,G10428,16009,Canadian Natural Resources Limited - Galloway Plant 14-14-053-20 W5M,211110,n/a,Alberta,32134.041340,3477.237120,258.223950,,,,35869.502410,
2024,G10429,26220,Canadian Natural Resources Limited - Gold Creek 13-26-067-05 W6M,211110,Grande Prairie,Alberta,80051.292310,8856.033200,604.213250,,,,89511.538760,
2024,G10430,5286,Canadian Natural Resources Limited - Stoddart 02-34 Sour Gas Plant,211110,n/a,British Columbia,72820.144390,7893.383680,472.389000,,,,81185.917070,
2024,G10431,0,Canadian Natural Resources Limited - Wild River 04-03-57-23W5M,211110,Edson,Alberta,10181.348180,935.423160,81.776350,,,,11198.547690,
2024,G10432,10406,Bay Power Corp - North Bay Power Plant,221112,North Bay,Ontario,1090.692600,7.181608,7.243775,,,,1105.117983,
2024,G10433,18993,Capital Regional District - Hartland Landfill,562210,Victoria,British Columbia,1180.360200,136729.985560,48.243250,,,,137958.589010,5429.270000
2024,G10434,239,"Cascades Canada ULC - Cascades Containerboard Packaging, A Division of Cascades Canada ULC.",322130,TRENTON,Ontario,15541.340000,8.939560,70.736450,,,,15621.016010,
2024,G10435,0,Canadian Natural Resources Limited - Brintnell Oil Battery and Comp Stn 1107 11-07-082-22W4,211110,n/a,Alberta,32340.309940,10396.924440,216.555350,,,,42953.789730,
2024,G10436,16738,IPC Canada Ltd. - Suffield C Comp Stn 01-04,211110,n/a,Alberta,10675.812320,2398.464600,570.505250,,,,13644.782170,
2024,G10437,16739,IPC Canada Ltd. - Suffield K (Koomati) Gas Battery 04-04,211110,Medicine Hat,Alberta,11033.955080,1548.215480,800.734600,,,,13382.905160,
2024,G10438,16766,IPC Canada Ltd. - Suffield Oil Battery 01-27,211110,Medicine Hat,Alberta,34846.011980,939.409800,223.604350,,,,36009.026130,
2024,G10439,7983,CertainTeed  Canada Inc - Vancouver Wallboard Plant,327420,Delta,British Columbia,25228.390000,13.608000,116.600000,,,,25358.598000,
2024,G10440,7821,LHOIST NORTH AMERICA OF CANADA  INC. - Langley Plant,327410,LANGLEY,British Columbia,44666.394832,8.775760,77.743580,,,,44752.914172,
2024,G10441,36006,City of Lethbridge - Lethbridge Waste and Recycling Centre Disposal Site,562210,Lethbridge,Alberta,635.610000,80337.600000,1041.450000,,,,82014.660000,16400.050000
2024,G10442,29001,City of Saskatoon - Landfill,562210,Saskatoon,Saskatchewan,589.310000,77860.538000,9.566500,,,,78459.414500,7834.420000
2024,G10443,25010,City of Vancouver - Vancouver Landfill,562210,Delta,British Columbia,1715.367100,143453.408000,92.644000,,,,145261.419100,53141.671310
2024,G10444,0,"City of Winnipeg, Water & Waste Department - Kilcona Landfill",562210,Winnipeg,Manitoba,,39286.240000,,,,,39286.240000,
2024,G10446,18373,Tourmaline Oil Corp - Berland Gas Plant (14-15-059-24W5) - TOU,211110,Greenview,Alberta,28451.075560,2906.422400,189.074850,,,,31546.572810,
2024,G10447,15714,Cenovus Energy Inc. - Noel Sweet Gas Plant,211110,n/a,British Columbia,24028.129530,16469.089840,187.620000,,,,40684.839370,
2024,G10451,0,Canadian Natural Resources Limited - Narraway Sweet Gas Plant 10-08,211110,n/a,Alberta,21084.642670,2624.553400,174.014900,,,,23883.210970,
2024,G10452,1195,Domtar Inc. - Domtar Usine de Windsor,322121,Windsor,Quebec,109360.190000,9319.004800,7208.477000,15.210000,,,125902.881800,869107.000000
2024,G10453,11791,East Windsor Cogeneration LP - East Windsor Cogeneration Centre,221112,Windsor,Ontario,12050.370668,93.635780,82.684770,,,64.625000,12291.316218,
2024,G10454,16667,NTE Energy Canada Ltd - Gunnell Comp Stn b-023-F,211110,n/a,British Columbia,10086.141000,691.600000,100.700000,,,,10878.441000,
2024,G10455,27963,Pembina Pipeline Corporation - Resthaven Sweet Gas Plant 08-11,211110,n/a,Alberta,162839.618380,40583.629240,17727.527450,,,,221150.775070,
2024,G10456,4823,Ovintiv Canada ULC - Sexsmith Sour Gas Plant,211110,SEXSMITH,Alberta,85469.774300,2061.486000,198.935500,,,,87730.195800,
2024,G10457,16765,NTE Energy Canada Ltd - Sierra Sour Gas Plant,211110,Sierra,British Columbia,46996.283000,2788.576000,527.615000,,,,50312.474000,
2024,G10458,21451,Veresen Midstream General Partner Inc. - Steeprock Sour Gas Plant,211110,n/a,British Columbia,58834.564060,331.159360,210.574300,,,,59376.297720,
2024,G10459,7656,Enwave Energy Corporation - Pearl Street Steam Plant,221330,TORONTO,Ontario,124931.895730,78.194144,575.498910,,,,125585.588784,
2024,G10460,7657,Enwave Energy Corporation - Walton Street Steam Plant,221330,TORONTO,Ontario,86443.316000,47.096000,395.910000,,,,86886.322000,
2024,G10461,5390,EPCOR Water Services Inc. - Gold Bar Wastewater Treatment Plant,221320,Edmonton,Alberta,7575.000000,13000.120000,28068.800000,,,,48643.920000,
2024,G10465,6627,Cenovus FCCL Ltd. - Foster Creek SAGD Bitumen Battery (with Cogen),211141,Bonnyville,Alberta,3624040.816000,8189.566840,7466.457150,,,,3639696.839990,
2024,G10466,5885,Arauco Canada Limited - Flakeboard Company Limited,321216,Sault Ste Marie,Ontario,28787.834900,82.359200,563.655000,,,,29433.849100,39767.968800
2024,G10467,3419,"Ford Motor Company of Canada, Limited - Ford Oakville Assembly Complex",336110,Oakville,Ontario,41927.723000,22.994440,190.006325,,,,42140.723765,
2024,G10468,5656,GOLDCORP CANADA LTD - Musselwhite Mine,212220,"N/A Concession, Kenora District",Ontario,31269.556400,40.696880,289.116060,39.000000,,,31638.369340,456.490000
2024,G10469,11659,Goreway Station Partnership - Goreway Power Station,221112,Brampton,Ontario,1157430.023639,8406.719524,7959.175625,150.984554,,,1173946.903342,
2024,G10470,362,Greater Vancouver Sewerage and Drainage District - Metro Vancouver Waste-to-Energy Facility,562210,Burnaby,British Columbia,127345.140000,78.432172,2501.139695,,,,129924.711867,125227.000000
2024,G10471,11685,Green Lane Landfill - Green Lane Landfill,562210,St. Thomas,Ontario,2528.103300,136789.172800,63.865000,,,,139381.141100,56442.260000
2024,G10472,11684,Greenfield Global Inc. - Johnstown,325190,Johnstown,Ontario,122323.430000,67.228000,564.450000,,,,122955.108000,
2024,G10475,403,Cenovus Energy Inc. - Lloydminster Refinery,324121,Lloydminster,Alberta,99956.647482,171.742200,351.181975,,,,100479.571657,
2024,G10476,1439,Cenovus Energy Inc. - Rainbow Lake Gas plant,211110,RAINBOW LAKE,Alberta,41534.941130,1970.698240,125.827300,,,,43631.466670,
2024,G10478,11696,IGPC Ethanol Inc. - IGPC Ethanol Inc.,325190,Aylmer,Ontario,130610.930300,158.011392,602.384750,,,,131371.326442,289.075000
2024,G10479,3422,INVISTA (Canada) Company - Kingston Site,325220,Kingston,Ontario,79967.939000,43.568000,365.965000,,,,80377.472000,
2024,G10481,327,Irving Consumer Products Limited - Irving Consumer Products Limited,322121,TORONTO,Ontario,114487.321000,62.913200,528.595500,,,,115078.829700,
2024,G10482,10303,Jungbunzlauer Canada Inc. - Jungbunzlauer Canada Inc.,325190,Port Colborne,Ontario,158838.456000,86.658236,727.466870,,,,159652.581106,
2024,G10485,1370,Keyera Corp - Nordegg River Gas Plant,211110,Nordegg,Alberta,14579.188330,2186.961280,626.902550,,,,17393.052160,
2024,G10487,5150,Kruger Products Inc - Kruger Products Inc,322121,NEW WESTMINSTER,British Columbia,14914.540000,272.459600,406.536500,,,,15593.536100,29393.310000
2024,G10488,5535,"Produits Kruger inc. - Produits Kruger inc., usine de Gatineau",322121,Gatineau,Quebec,52521.792000,40.026112,266.098690,,,,52827.916802,
2024,G10489,1572,"Lake Utopia Paper A Division of J.D. Irving, Limited - Lake Utopia Paper A Division of J.D. Irving, Limited",322130,UTOPIA,New Brunswick,14176.471000,2336.923484,1629.553900,,,,18142.948384,104967.739000
2024,G10490,3043,Lantic Inc. - Raffinerie Montréal - Lantic Inc. - Raffinerie Montréal,311310,Montréal,Quebec,84078.000000,46.676000,407.040000,6.924600,,,84538.640600,
2024,G10491,947,Lantic Inc. Taber Factory - Lantic Inc. Taber Beet Sugar Factory,311310,TABER,Alberta,82437.946800,34198.931200,437.170500,16.542100,,,117090.590600,8615.068700
2024,G10492,8760,"Lidya Énergie, s.e.c. - Lidya Énergie, s.e.c.",221119,Lachute,Quebec,15.480500,89.622792,116.842740,894.211100,,,1116.157132,42365.010790
2024,G10493,7080,"Magellan Aerospace Limited, Haley - Magellan Aerospace, Haley",331529,HALEY,Ontario,6861.280000,4.061148,31.619535,133.900000,,18377.000000,25407.860683,
2024,G10495,875,Meadow Lake Mechanical Pulp - Meadow Lake Mechanical Pulp,322111,MEADOW LAKE,Saskatchewan,67030.650000,3115.196000,3486.870000,,,,73632.716000,164408.350000
2024,G10496,22346,MEG Energy Corp. - MEG Christina Lake Regional Project,211141,REGIONAL MUNICIPALITY OF WOOD BUFFALO,Alberta,1232858.976100,7434.159600,2211.769500,,,,1242504.905200,
2024,G10497,878,Millar Western Forest Products Ltd. - Whitecourt Pulp Division,322111,Whitecourt,Alberta,61537.390183,450.731344,515.852180,,,,62503.973707,7934.773550
2024,G10499,6559,BTG Energy Inc - BTG Sylvan Lake GP 14-32-037-03W5,211110,ECKVILLE,Alberta,45297.964100,3688.354516,197.163180,,,,49183.481796,
2024,G10501,1788,NOVA Chemicals Corporation (CO/MO) - Moore Site,325210,Mooretown,Ontario,51430.177400,50.162000,213.113000,,,,51693.452400,
2024,G10510,6808,NWT Power Corp - Fort Smith Plant,221112,Fort Smith,Northwest Territories,18745.793300,15.271200,37.047000,,,,18798.111500,
2024,G10513,6810,NWT Power Corp - Inuvik Plant,221112,Inuvik,Northwest Territories,16847.651100,63.683200,71.258500,,,,16982.592800,
2024,G10514,6822,NWT Power Corp - Jackfish Plant,221112,Yellowknife,Northwest Territories,43474.082600,35.414400,85.939500,,,,43595.436500,
2024,G10527,4449,O-I Canada Corp. - Plant #34 Montreal,327214,Montreal,Quebec,65110.100000,32.676000,221.805000,,,,65364.581000,
2024,G10531,17698,Peyto Exploration and Development Corporation - Peyto Oldman 11-17-055-21W5,211110,n/a,Alberta,75746.623225,21113.843100,1925.659600,,,,98786.125925,
2024,G10533,2406,Potash Corporation of Saskatchewan Inc. - Potash Corp - Allan Division,212396,ALLAN,Saskatchewan,97409.255200,76.272000,424.901000,,,7.050000,97917.478200,
2024,G10534,21774,Prairie Mines & Royalty ULC - Boundary Dam Mine,212116,Estevan,Saskatchewan,34702.105800,7469.924000,160.669500,,,,42332.699300,
2024,G10535,1875,PRODUITS KRUGER Inc. - Produits Kruger Inc.,322121,Crabtree,Quebec,49747.860000,30.492000,231.080000,7.694000,,,50017.126000,
2024,G10536,6623,Pembina Pipeline Corporation - Empress NGL Extraction Plant,211110,Medicine Hat,Alberta,170506.533530,1360.213960,889.149200,,,,172755.896690,
2024,G10537,2016,Redpath Sugar Ltd - Toronto Refinery,311310,Toronto,Ontario,74845.028000,42.220360,333.117720,,,,75220.366080,
2024,G10538,27915,Waste Management of Canada Corporation - Régie Intermunicipale Argenteuil Deux-Montagnes (RIADM),562210,Lachute,Quebec,1172.730000,155059.303084,2.465030,,,,156234.498114,
2024,G10539,10398,"Region of Waterloo, Waste Management Division - Cambridge Landfill Site",562210,CAMBRIDGE,Ontario,502.830000,2922.640000,15.044050,,,,3440.514050,216.469000
2024,G10540,10399,"Region of Waterloo, Waste Management Division - Waterloo Landfill Site",562210,WATERLOO,Ontario,6684.534500,57976.203320,61.639000,,,,64722.376820,1004.299000
2024,G10544,29779,RIGMRBM - Lieu d'enfouissement,562210,Cowansville,Quebec,685.200000,26129.152000,1592.650000,,,,28407.002000,2206.000000
2024,G10545,8510,Institution royale pour l'avancement des sciences - Université McGill - Campus Centre-Ville,611310,MONTREAL,Quebec,27146.675000,14.812000,131.970000,,,,27293.457000,320.475000
2024,G10548,6369,"Énergir, s.e.c. - Énergir, s.e.c.",221210,Montréal,Quebec,4800.240000,47310.760000,34.450000,,,,52145.450000,2258.870000
2024,G10549,6629,Canadian Natural Resources Limited - Senlac Thermal Oil Battery,211110,UNITY,Saskatchewan,63591.561900,234.917200,295.634000,,,,64122.113100,
2024,G10550,5247,NorthRiver Midstream Inc. - Gordondale East Gas Plant,211110,SPIRIT RIVER,Alberta,55440.984300,9676.259600,4083.385000,,,,69200.628900,
2024,G10551,5124,NorthRiver Midstream Inc. - Highway Gas Plant,211110,PEACE RIVER DISTRICT,British Columbia,56691.566500,4253.214000,362.096000,,,,61306.876500,
2024,G10552,5125,NorthRiver Midstream Inc. - Jedney I Gas Plant,211110,Fort St. John,British Columbia,85870.961760,13590.716720,4203.337250,,,,103665.015730,
2024,G10554,11778,"St. Clair Power, LP - St. Clair Energy Center",221112,Corunna,Ontario,835528.691300,6065.847200,5740.880500,,,,847335.419000,
2024,G10555,2227,Keyera Corp - Simonette Gas Plant,211110,Simonette,Alberta,98167.847080,8420.792800,2228.957400,,,,108817.597280,
2024,G10556,1077,Canlin Energy Corporation - Ferrier Gas Plant,211110,ROCKY MOUNTAIN HOUSE,Alberta,38432.887700,5997.238800,256.991700,,,,44687.118200,
2024,G10557,19181,Suncor Energy Oil Sands Limited Partnership  - Firebag,211141,FT. MCMURRAY,Alberta,5716638.287130,13945.501304,15628.585940,,,293.350500,5746505.724874,189.005718
2024,G10559,11444,Suncor Energy Inc. - St. Clair Ethanol Plant,325190,Mooretown,Ontario,145544.671200,81.130000,669.310500,,,,146295.111700,815.788000
2024,G10560,,Peyto Exploration and Development Corporation - PETROMET BIGSTONE WEST FIR 14-28-59-22,211110,n/a,Alberta,51591.444047,6315.194592,3025.595630,,,,60932.234269,
2024,G10561,17996,Peyto Exploration and Development Corporation - PETROMET WILD RIVER 10-20 PLANT,324110,NA,Alberta,49371.755294,11948.110720,4914.160000,,,,66234.026014,
2024,G10562,23235,102078290 Saskatchewan Ltd. - 102078290 Saskatchewan Ltd.,325190,Belle Plaine,Saskatchewan,73143.097400,39.608800,332.813500,,,,73515.519700,
2024,G10563,6504,Tolko Industries Ltd. - Tolko High Level Lumber Division,321111,High Level,Alberta,11396.055900,8890.159600,1154.578500,,,,21440.794000,95624.970000
2024,G10564,3790,Toyota Motor Manufacturing Canada Inc. - Toyota Motor Manufacturing Canada Inc. (Cambridge),336110,Cambridge,Ontario,67850.075000,37.403520,328.941850,,,,68216.420370,
2024,G10566,6678,University of Alberta Heating Plant - Heating Plant,611310,EDMONTON,Alberta,186613.715500,98.378252,251.681895,,,,186963.775647,
2024,G10567,7698,University of Windsor - University of Windsor,611310,WINDSOR,Ontario,10995.460000,6.076000,53.530000,,,,11055.066000,
2024,G10568,7744,Aitken Creek Gas Storage Ltd. - Aitken Creek Gas Storage_LFO,211110,Fort St John,British Columbia,54641.936184,5772.003944,233.136665,,,,60647.076793,
2024,G10569,1473,Vale Canada Ltd - Thompson Operations,212232,Thompson,Manitoba,19325.399640,95.580800,412.923000,,,,19833.903440,
2024,G10570,6093,Vale Newfoundland and Labrador Limited - Voisey's Bay Mine Site,212232,HAPPY VALLEY-GOOSE BAY,Newfoundland and Labrador,173483.000000,252.069916,6890.091425,,,,180625.161341,
2024,G10571,3571,Ville de Montréal - Station d'épuration des eaux usées Jean-R.-Marcotte,221320,Montréal,Quebec,24202.800000,13114.108420,40646.552770,,,,77963.461190,98842.000000
2024,G10572,6171,Waste Management of Canada Corporation - St. Nicephore Landfill,562210,St. Nicephore,Quebec,1517.999000,137012.220800,117.527500,,,,138647.747300,42173.000000
2024,G10573,27914,Wastech Services Ltd. - Cache Creek Landfill,221119,Cache Creek,British Columbia,7.580000,36112.081880,9.465800,,,,36129.127680,19178.940000
2024,G10575,2553,Millar Western Forest Products Ltd. - Quesnel River Pulp,322111,Quesnel,British Columbia,65320.975300,36.346800,1413.983555,,,,66771.305655,
2024,G10576,4830,"West Fraser Mills Ltd. - Ranger Board, a division of West Fraser Mills Ltd.",321216,Blue Ridge,Alberta,24400.437800,330.890000,669.689450,,,,25401.017250,50816.390000
2024,G10577,18225,Whitecourt Power Limited Partnership - Whitecourt Electric Power Generating Facility,221119,Whitecourt,Alberta,390.683428,771.467060,2405.437860,,,,3567.588348,222094.490000
2024,G10578,3916,"Glencore Canada Corporation - Glencore Canada Corporation, CCR refinery",331410,MONTRÉAL-EST,Quebec,59315.210000,34.554520,272.446500,505.144847,,,60127.355867,
2024,G10579,3623,Glencore Canada Corporation - Glencore Canada Corporation - Fonderie Horne,331410,Rouyn-Noranda,Quebec,113680.451844,43.335908,653.215195,,,,114377.002947,
2024,G10580,1233,Glencore Canada Corporation - Sudbury Operations Mines Mill - Onaping Area,212232,Onaping,Ontario,21958.434000,1083.768616,83.766500,81.900000,,,23207.869116,
2024,G10581,10187,Global Contract Limited Partnership - Global Contract Inc.,337214,North York,Ontario,1666.225000,1.002400,7.261000,,,,1674.488400,
2024,G10582,211,Ville de Québec - Complexe de valorisation énergétique,562210,Québec,Quebec,92053.000000,2314.760000,166.950000,,,,94534.710000,129685.000000
2024,G10583,0,Ville de Québec - Site d'enfouissement Saint-Tite-des-Caps,562210,Saint-Tite-des-Caps,Quebec,,13719.720000,,,,,13719.720000,
2024,G10585,281,3313045 NOVA SCOTIA COMPANY - Varennes Facility,326140,VARENNES,Quebec,1103.869600,0.705600,13.069800,15682.899600,,,16800.544600,
2024,G10586,4591,ADM Agri-Industries Company - ADM AGRI-INDUSTRIES - ADM Lloydminster,311224,Lloydminster,Alberta,65555.939300,236.784800,401.925500,,,,66194.649600,106.746800
2024,G10587,24216,Agnico Eagle Mines Ltd.  (DO NOT USE) - Division Meadowbank,212220,BAKER LAKE,Nunavut,264642.659982,304.618832,3255.136775,921.083600,,,269123.499189,
2024,G10589,8778,ArcelorMittal Exploitation Minière Canada s.e.n.c. - Mine de Fire Lake,212210,Mont-Wright,Quebec,66873.011000,100.004800,6308.298500,,,,73281.314300,
2024,G10591,35420,Claystone Waste Limited Partnership - Beaver Regional Landfill,562210,Beaver County,Alberta,2656.480940,7812.909132,1312.988345,,,,11782.378417,
2024,G10594,8125,Saint John LNG Limited Partnership - Saint John LNG Marine Terminal & Multi-Purpose Pier,221210,Saint John,New Brunswick,15266.890000,1724.013200,69.483000,,,,17060.386200,
2024,G10595,3529,Chemtrade Logistics Inc. - Chemtrade Electrochem - North Vancouver Chlor-alkali Facility,325181,North Vancouver,British Columbia,20386.740000,10.976000,99.640000,,,,20497.356000,
2024,G10599,7819,CREATIVE ENERGY VANCOUVER PLATFORMS CORP - CEVPC 720 Beatty Street,221330,VANCOUVER,British Columbia,92495.954507,49.907564,419.397745,,,,92965.259816,403.001503
2024,G10601,11819,City of Thunder Bay - City of Thunder Bay Solid Waste and Recycling Facility,562210,Thunder Bay,Ontario,540.022500,39375.058800,163.187000,,,,40078.268300,29.423400
2024,G10602,2537,"Clean Harbors Canada, Inc. [principal] - Clean Harbors Canada Inc. [Corunna] ",562210,Corunna,Ontario,40741.700000,11.295480,41.938900,,,,40794.934380,
2024,G10604,24188,Connacher Oil and Gas Limited - Algar,211141,Fort McMurray,Alberta,273308.593600,1049.459600,760.311500,,,,275118.364700,
2024,G10606,5239,Veresen Midstream General Partner Inc. - Hythe Brainard Sour Gas Plant,211110,n/a,Alberta,133528.241410,7991.535720,2150.639300,,,,143670.416430,
2024,G10607,23543,Enmax Generation Portfolio Inc - Crossfield Energy Centre,221112,CROSSFIELD,Alberta,199155.768100,427.338772,1023.721500,,,,200606.828372,
2024,G10608,11687,London District Energy LP - London District Energy,221330,LONDON,Ontario,48703.074263,223.233640,290.986695,,,,49217.294598,
2024,G10609,5610,Global Upholstery Co. Ltd. - Global Upholstery,337214,Downsview,Ontario,3066.200000,1.610000,13.833000,,,,3081.643000,
2024,G10610,4559,GP North Woods LP - Englehart Oriented Strand Board Plant,321217,Englehart,Ontario,11498.900000,68.544000,385.045000,,,,11952.489000,27920.000000
2024,G10611,23560,CST Canada Coal Limited - CST Coal,212114,MD of Greenview,Alberta,73630.595690,52.525228,186.413190,,,,73869.534108,
2024,G10612,10089,Highbury Canco Corporation - Highbury Canco Corporation,311420,Leamington,Ontario,50606.884762,29.573908,235.366640,,,,50871.825310,
2024,G10613,5102,Imperial Metals Corporation - Mount Polley Mine,212299,Likely,British Columbia,50689.245900,69.916000,1993.913000,,,,52753.074900,
2024,G10614,1520,Ivaco Rolling Mills 2004 L.P. - Ivaco Rolling Mills,331110,L'Orignal,Ontario,118656.335000,57.980132,301.915560,,,,119016.230692,
2024,G10617,1568,Agnico Eagle Mines Limited (MAIN) - Macassa Mine,212220,Kirkland Lake,Ontario,24044.085500,72.088800,99.088800,,,,24215.263100,260.337000
2024,G10618,4402,Terrapure BR Ltd. - Montreal Facility,331529,Sainte-Catherine,Quebec,37258.320000,10.597720,85.580425,,,,37354.498145,
2024,G10619,24100,MEG Energy Corp. - MEG Christina Lake Cogeneration Facility,211141,REGIONAL MUNICIPALITY OF WOOD BUFFALO,Alberta,1270124.448300,1977.799600,5075.704000,,,,1277177.951900,
2024,G10620,1513,Mosaic Potash Esterhazy Limited Partnership - MOSAIC POTASH ESTERHAZY - K2 SITE,212396,Esterhazy,Saskatchewan,111001.098800,70.736400,469.951000,,,,111541.786200,
2024,G10621,11601,New Forest Paper Mills LP - New Forest Paper Mills LP,322130,Scarborough,Ontario,59035.000000,13367.065600,284.557000,,,,72686.622600,3619.000000
2024,G10622,11841,Northland Power Inc. - Thorold Cogen Generating Station,221112,Thorold,Ontario,415855.193181,3042.786404,2881.748595,,,,421779.728180,
2024,G10626,4562,Potash Corporation of Saskatchewan Inc. - PotashCorp Rocanville,212396,Rocanville,Saskatchewan,130492.576400,100.486400,535.591500,,,,131128.654300,
2024,G10627,21778,Prairie Mines & Royalty ULC - Genesee Mine,212115,Warburg,Alberta,13498.663021,29.176168,277.114475,,,,13804.953664,
2024,G10631,11845,Public Works and Government Services Canada - Cliff Central Heating and Cooling Plant,911910,Ottawa,Ontario,23681.600000,14.000000,106.000000,,,,23801.600000,
2024,G10632,11575,Regional Municipality of Niagara - HUMBERSTONE LANDFILL,562210,Welland,Ontario,,49899.948000,,,,,49899.948000,10781.763000
2024,G10633,31585,GFL Environmental inc. - GFL Environmental inc.,562210,Ste-Cécile-de-Milton,Quebec,675.400000,20571.544000,110.240000,,,,21357.184000,5729.000000
2024,G10634,5828,Sanofi Pasteur Limited - Sanofi Pasteur Limited,325410,Toronto,Ontario,56285.887000,309.820000,346.885000,,,,56942.592000,
2024,G10635,24241,Saskatchewan Power Corporation - Ermine Power Station,221112,Rural Municipality of Oakdale,Saskatchewan,217652.710357,1581.483904,1496.761605,,,,220730.955866,
2024,G10638,23196,NorthRiver Midstream Inc. - West Doe Gas Plant,211110,Peace River D,British Columbia,43111.297270,2903.447400,715.200550,,,,46729.945220,
2024,G10639,24145,Athabasca Oil Corporation - Leismer SAGD Bitumen Battery,211141,Conklin,Alberta,664755.086400,961.102800,1026.602845,,,,666742.792045,
2024,G10640,5552,Felix Schoeller inc - Felix Schoeller inc,322121,Drummondville,Quebec,12420.653000,7.765464,57.746415,,,,12486.164879,
2024,G10641,1185,Domtar Inc. dba Skookumchuck Pulp - Skookumchuck Operation,322112,Skookumchuck,British Columbia,51410.484000,2640.621200,6291.497500,,,,60342.602700,875391.481800
2024,G10643,11215,Algoma Tubes Inc. - Tenaris Algoma Tubes,331210,Sault Ste. Marie,Ontario,97100.290000,62.888000,463.220000,,,,97626.398000,
2024,G10644,27020,The University of Western Ontario - Main Campus,611310,London,Ontario,46015.145513,42.249620,214.551950,,,,46271.947083,
2024,G10645,19958,Canadian Forest Products Ltd.  - Canfor Green Energy Combined Heat and Power Plant,221119,Grande Prairie,Alberta,8930.551200,320.499200,2103.856200,,,,11354.906600,191106.960500
2024,G10646,11860,Portlands Energy Centre LP - Halton Hills Generating Station,221112,Halton Hills,Ontario,1191521.969000,8630.507200,8188.791500,,,,1208341.267700,
2024,G10647,5183,Tree Island Industries Ltd - Tree Island Industries Ltd.,331222,Richmond,British Columbia,13442.711000,10.388000,73.670000,,,,13526.769000,
2024,G10648,11865,The Governing Council of the University of Toronto - St George Campus,611310,Toronto,Ontario,69212.030000,37.576000,315.615000,,,,69565.221000,
2024,G10649,6172,Waste Management of Canada Corporation - Magog Landfill Bestan Inc.,562210,Magog,Quebec,,43711.472000,,,,,43711.472000,
2024,G10650,20175,Conuma Coal Resources Limited - Willow Creek Mine,212114,Chetwynd,British Columbia,67658.201160,28884.070320,2636.911650,,,,99179.183130,
2024,G10651,2762,Weyerhaeuser Company Limited - Edson O.S.B.,321217,Edson,Alberta,13700.952138,118.484156,819.718935,,,,14639.155229,67913.738820
2024,G10652,7299,York University - Keele Campus,611310,Toronto,Ontario,46307.791000,200.228000,274.805000,,,,46782.824000,
2024,G10653,672,Mercer Celgar Limited Partnership - Mercer Celgar Limited Partnership,322112,Castlegar,British Columbia,103299.078500,1596.445200,6531.614000,,,,111427.137700,1050883.335900
2024,G10656,21706,Conifer Energy Inc. - Carson Creek GP 4-23,211110,Whitecourt,Alberta,32616.825390,5132.071000,916.894700,,,,38665.791090,
2024,G10657,8807,Silicium Québec SEC - Quebec Silicon LP,331110,Bécancour,Quebec,178014.189702,2238.702676,952.809355,,,,181205.701733,87584.017320
2024,G10658,1885,Potash Corporation of Saskatchewan Inc. - POTASH CORP - LANIGAN DIVISION,212396,Lanigan,Saskatchewan,111438.051100,69.837600,485.612500,,,,111993.501200,
2024,G10660,20202,Shell Canada Limited Shell Canada Limitee - Montney Gas Processing and Production IF-a,211110,Fort St. John,British Columbia,138553.332810,20354.198200,1109.658350,,,,160017.189360,
2024,G10661,23281,Advantage Energy Ltd. - Glacier Sour Gas Plant 05-02,211110,n/a,Alberta,184665.748800,51810.441200,4863.651000,,,,241339.841000,
2024,G10662,4768,Emerald Energy From Waste Inc. - Emerald Energy from Waste Inc.,562210,Brampton,Ontario,88118.808800,1259.960800,970.801000,,,,90349.570600,55267.576900
2024,G10663,5688,Atlantic Packaging Products Ltd. - 111 Progress,322130,Scarborough,Ontario,40157.000000,26.345200,202.089000,,,,40385.434200,5833.000000
2024,G10664,7302,Brampton Brick Limited - Brampton Brick Limited,327120,Brampton,Ontario,42820.760000,13.496000,118.985000,,,,42953.241000,
2024,G10667,7685,"Sazerac Distillers of Canada Inc. - Collingwood Distillery ",312140,Collingwood,Ontario,7112.806000,3.841600,32.356500,,,,7149.004100,
2024,G10668,23432,"Grande Prairie Generation, Inc. - Northern Prairie Thermal Electric Power Plant",221112,Sexsmith,Alberta,247042.056800,521.976000,1279.976500,,,,248844.009300,
2024,G10669,25188,Agnico Eagle Mines Limited (MAIN) - Mine Canadian Malartic,212220,Malartic,Quebec,152636.398000,139.844600,500.166300,312.853640,,,153589.262540,21148.330000
2024,G10670,25231,DAPP Power LP - DAPP Power LP Plant,221119,WESTLOCK,Alberta,1061.520000,491.344000,3071.350000,,,,4624.214000,161897.210000
2024,G10673,447,Diageo Canada Inc. - Usine de Valleyfield,312140,Salaberry-de-Valleyfield,Quebec,95.530000,0.470400,7.420000,,,,103.420400,20230.000000
2024,G10675,23528,Ovintiv Canada ULC - Horn River Comp Stn c-067-K,211110,N/A,British Columbia,10467.415000,878.836000,80.295000,,,,11426.546000,
2024,G10676,22887,Ovintiv Canada ULC - Hythe Comp Stn A-005-G,211110,N/A,British Columbia,57504.403000,6534.584000,450.235000,,,,64489.222000,
2024,G10678,1651,"Gerdau Ameristeel Corporation - Gerdau Ameristeel Corporation, Manitoba Mill",331110,Selkirk,Manitoba,41241.699120,35.456288,214.439060,,,,41491.594468,
2024,G10679,1303,Gibraltar Mines Ltd. - Gibraltar Mine (SFO),212233,MCLEESE LAKE,British Columbia,113147.206737,424.841676,4193.351255,,,,117765.399668,
2024,G10681,25155,TMAC Resources Inc. - Hope Bay Project,212220,CAMBRIDGE BAY,Nunavut,27575.641350,24.347596,329.349950,,,,27929.338896,46.572720
2024,G10683,29036,Kawartha Ethanol Inc. - Kawartha Ethanol Inc.,325190,Havelock,Ontario,54453.440000,29.999200,253.075000,,,,54736.514200,
2024,G10684,5472,Produits Kruger inc. - Emballages Krupack Place Turcot,322130,Montréal,Quebec,35003.690000,22.617560,191.163050,,,,35217.470610,
2024,G10686,1782,Methanex Corporation - Methanex Medicine Hat Methanol Plant,325190,Medicine Hat,Alberta,340306.100000,848.428000,980.765000,,,,342135.293000,
2024,G10687,3468,Michelin North America (Canada) - Bridgewater Plant,326210,Bridgewater,Nova Scotia,15632.900000,9.203600,69.801000,,,,15711.904600,
2024,G10688,3470,Michelin North America (Canada) - Waterville Plant,326210,Waterville,Nova Scotia,20992.600000,12.628000,93.280000,,,,21098.508000,
2024,G10689,3466,Michelin North America (Canada) - Pictou County Plant,326210,New Glasgow,Nova Scotia,23276.800000,14.641200,104.701500,1.766700,,,23397.909400,
2024,G10690,25077,Northland Power Inc. - Spy Hill Generating Station,221112,RURAL MUNICIPALITY OF SPY HILL,Saskatchewan,130447.516249,920.441984,877.464555,,,,132245.422788,
2024,G10692,0,Tundra Oil & Gas Limited - Waskada 11-30-001-25 W1M,211110,Waskada,Manitoba,37881.480000,2049.880000,63.600000,,,,39994.960000,
2024,G10693,21754,Peyto Exploration and Development Corporation - Peyto Nosehill 11-21-055-20W5,211110,n/a,Alberta,45639.273209,12785.477376,1134.984400,,,,59559.734985,
2024,G10696,20219,NTE Energy Canada Ltd - Tattoo d-068-B/094-O-15 Compressor Station,211110,Northen Rockies,British Columbia,5404.290000,451.052000,47.170000,,,,5902.512000,
2024,G10697,5687,ROXUL Inc. - ROXUL Inc.,327990,Milton,Ontario,66844.900000,22.736000,158.470000,,,,67026.106000,
2024,G10707,0,Cenovus Energy Inc. - Wolf Lake Sweet Gas Plant,211110,n/a,Alberta,36465.769890,31103.514120,1816.479600,,,,69385.763610,
2024,G10709,19876,City of Calgary - Shepard Landfill,562210,Calgary,Alberta,1099.496900,26793.622800,33.575500,,,,27926.695200,2360.640000
2024,G10710,397,Honda Canada Inc. - Honda of Canada Mfg.,336110,Alliston,Ontario,58047.165000,31.640000,265.530000,,,,58344.335000,
2024,G10711,27099,Cenovus Energy Inc. - Pikes Peak South Thermal 05-07-049-23W3,211110,WASECA,Saskatchewan,317862.375900,5954.894400,624.234000,,,,324441.504300,
2024,G10712,25008,NorthRiver Midstream Inc. - Tupper West 5-1 Gas Plant,211110,Peace River District,British Columbia,33757.740600,1907.648400,262.562000,,,,35927.951000,
2024,G10713,20195,NorthRiver Midstream Inc. - Tupper Main Gas Plant A-21-B/093-P-09,211110,Peace River District,British Columbia,56492.548500,11543.022400,4921.792000,,,,72957.362900,
2024,G10714,25284,Pembina Pipeline Corporation - Musreau Gas Plant,211110,Greenview No. 16,Alberta,46261.341450,10094.217280,769.772000,,,,57125.330730,
2024,G10715,6507,Potash Corporation of Saskatchewan Inc. - CORY,212396,Saskatoon,Saskatchewan,66956.091900,63.576800,287.975500,,,,67307.644200,
2024,G10716,6884,Potash Corporation of Saskatchewan Inc. - Patience Lake Division,212396,Saskatoon,Saskatchewan,33011.738800,28.271600,146.280000,,,,33186.290400,
2024,G10718,7088,Profile Industries Ltd. - PROFILE INDUSTRIES INC.,337214,Toronto,Ontario,2374.620000,1.288000,12.190000,,,,2388.098000,
2024,G10719,6301,Régie de gestion des matières résiduelles de la Mauricie - Lieu d'enfouissement technique,562990,Saint-Étienne-des-Grès,Quebec,1384.657867,42706.506920,143.146905,,,,44234.311692,2124.706450
2024,G10720,33006,Régie de gestion des matières résiduelles de la Mauricie - Lieu enfouissement technique de Champlain,562990,Champlain,Quebec,278.200000,68301.520000,52.470000,,,,68632.190000,3516.000000
2024,G10721,25271,Saskatchewan Power Corporation - Yellowhead Power Station,221112,North Battleford,Saskatchewan,271179.281998,1959.562696,1854.586070,,,,274993.430764,
2024,G10722,8783,MINERAI DE FER QUÉBEC INC. - Mine du Lac Bloom,212210,Fermont,Quebec,120728.229000,90.199200,428.081000,159.768490,,,121406.277690,
2024,G10724,0,Spec Furniture Inc. - Spec Furniture,337127,Toronto,Ontario,626.161900,0.389200,2.909435,,,,629.460535,
2024,G10725,24059,Canadian Natural Resources Limited - Farrell Creek B-88-I,211110,Fort St. John,British Columbia,53046.295860,5427.037560,381.260800,,,,58854.594220,
2024,G10726,3754,Paramount Resources Ltd. - Kaybob Gas Plant,211110,FOX CREEK,Alberta,44800.822070,5597.803960,1489.053550,,,,51887.679580,
2024,G10727,23257,University of Calgary - Central Heating and Cooling Plant,611310,Calgary,Alberta,69043.965000,122.682000,356.451500,,,,69523.098500,
2024,G10728,6937,University of Saskatchewan - University of Saskatchewan,611310,Saskatoon,Saskatchewan,50613.050000,29.120000,262.350000,,,,50904.520000,
2024,G10729,26407,York Energy Centre LP - York Energy Centre,221112,Newmarket,Ontario,50563.289620,398.196120,347.699610,,,,51309.185350,
2024,G10730,25452,Dépôt Rive-Nord Inc. - Dépôt Rive-Nord,562210,St-Thomas,Quebec,3233.820000,64766.996000,276.395000,,,,68277.211000,
2024,G10735,27826,PetroChina Canada Ltd. - Mackay River Commercial Program,211141,Calgary,Alberta,501954.285300,3277.632400,704.794000,,,0.329000,505937.040700,
2024,G10736,0,Apex Utilities Inc. - Apex Utilities Inc.,221210,Leduc,Alberta,1450.110000,25632.320000,272.950000,,,,27355.380000,
2024,G10738,4169,"Gerdau Ameristeel Corporation - Gerdau Ameristeel Corporation, Cambridge Mill",331110,Cambridge,Ontario,14604.510600,15.843800,74.177210,,,,14694.531610,1379.219700
2024,G10742,17871,Saskatchewan Power Corporation - Meadow Lake Power Station,221112,MEADOW LAKE,Saskatchewan,283.019240,2.037308,1.928405,,,,286.984953,
2024,G10744,26109,Canadian Natural Resources Limited - Kirby South 13-21-73-7W4,211141,n/a,Alberta,832015.585790,1953.379120,1167.603250,,,,835136.568160,
2024,G10745,8754,"Cascades Canada ULC - Cascades Papier Kingsey Falls, une division de Cascades Canada ULC",322130,Kingsey Falls,Quebec,60698.380000,669.478320,304.999100,8.181500,,,61681.038920,
2024,G10746,25229,City of Calgary - Spyhill Landfill,562210,Calgary,Alberta,905.663200,43765.601600,36.941000,,,,44708.205800,2469.680000
2024,G10749,27098,Cenovus Energy Inc. - Paradise Hill Thermal 08-27-053-24W3,211110,PARADISE HILL,Saskatchewan,133844.905000,3486.523600,549.901500,,,,137881.330100,
2024,G10750,27506,Imperial Oil Resources Limited - Kearl Oil Sands Processing Plant and Mine,211142,Fort McKay,Alberta,2997633.623500,23689.826216,8878.942660,830.886000,9.467640,31.161000,3031073.907016,166171.900000
2024,G10751,8642,Kruger Énergie Bromptonville S.E.C. - Centrale de cogénération à la biomasse,221119,Sherbrooke,Quebec,27857.420000,2327.928400,2956.870000,109.764361,,,33251.982761,259610.000000
2024,G10753,27848,Northland Power Inc. - North Battleford G.S.,221112,RM OF NORTH BATTLEFORD,Saskatchewan,817276.013000,5896.261560,5580.786050,,,,828753.060610,
2024,G10756,6593,Saskatchewan Power Corporation - Landis Power Station,221112,LANDIS,Saskatchewan,7819.666100,56.231812,53.219420,,,,7929.117332,
2024,G10757,29092,GFL Environmental Inc. - Centre technologique AES,562210,Chicoutimi,Quebec,7.580000,23772.061600,0.556500,,,,23780.198100,156.500000
2024,G10758,26145,NorthRiver Midstream Inc. - Dawson Gas Plant,211110,BESSBOROUGH,British Columbia,112064.471400,1440.563600,664.593500,,,,114169.628500,
2024,G10760,0,"TransCanada PipeLines Limited - TransCanada Pipeline, Quebec",486210,Les Cèdres,Quebec,29004.305980,9979.862200,196.849950,,,,39181.018130,
2024,G10762,11879,Waste Management of Canada Corporation - Twin Creeks Landfill (formerly Warwick Landfill),562210,Watford,Ontario,2920.672800,320601.106000,66.409000,,,,323588.187800,69.888900
2024,G10763,20212,Tourmaline Oil Corp - Sunrise Gas Plant (03-18-080-17W6) - TOU,211110,Taylor,British Columbia,51332.762980,6195.989520,385.625350,,,,57914.377850,
2024,G10765,11867,Agnico Eagle Mines Limited (MAIN) - Detour Lake Mine,212220,Cochrane,Ontario,299302.825700,4598.067600,806.077000,,,,304706.970300,1160.128900
2024,G10767,21911,Paramount Resources Ltd. - PARA KAYBOB 12-10-064-19W5,211110,n/a,Alberta,31933.165500,9816.638440,780.273950,,,,42530.077890,
2024,G10768,7674,Meridian Technologies Inc. - Meridian Lightweight Technologies Inc,331523,Strathroy,Ontario,5760.640000,2.542400,20.113500,,,109040.000000,114823.295900,
2024,G10769,7675,Meridian Technologies Inc. - Meridian Lightweight Technologies Inc. Plant E,331523,Strathroy,Ontario,4600.310000,2.536800,18.788500,,,148285.000000,152906.635300,
2024,G10770,23752,ARC RESOURCES LTD. - Parkland Gas Plant 03-09,211110,n/a,British Columbia,27045.795060,5715.522680,165.132100,,,,32926.449840,
2024,G10771,26425,Athabasca Oil Corporation - Kaybob East 16-03,211110,Fox Creek,Alberta,26555.578500,3572.828000,1646.074000,,,,31774.480500,
2024,G10772,26426,Athabasca Oil Corporation - Kaybob West 07-14,211110,Fox Creek,Alberta,36906.443900,8763.717200,861.117500,,,,46531.278600,
2024,G10773,26427,Cygnet Energy Ltd. - Saxon 10-19,211110,Fox Creek,Alberta,14569.836000,2104.673200,2092.996500,,,,18767.505700,
2024,G10774,24125,Birchcliff Energy Ltd. - 03-22-78-12-W6M,211110,BONANZA,Alberta,178631.859024,43888.689880,4113.642435,,,,226634.191339,
2024,G10776,536,NuVista Energy Ltd. - Wembley Gas Plant,211110,WEMBLEY,Alberta,95525.491170,6238.400840,945.875100,,,,102709.767110,
2024,G10777,21577,Steel Reef Infrastructure Corp. - Viewfield Sour Gas Plant 13-05,211110,Stoughton,Saskatchewan,58522.647161,14284.346048,306.942345,,,,73113.935554,
2024,G10779,28576,Enmax Generation Portfolio Inc - Shepard Energy Centre,221112,Calgary,Alberta,2300301.111500,4692.772000,11223.518500,,,,2316217.402000,
2024,G10780,28592,Cenovus Energy Inc. - Sandall Thermal 06-14-051-24W3,211110,LLOYDMINSTER,Saskatchewan,140930.151100,3196.396000,591.347500,,,,144717.894600,
2024,G10782,4797,Les Forges de Sorel Cie - LES FORGES DE SOREL CIE - ST-JOSEPH-DE-SOREL,332113,St-Joseph-de-Sorel,Quebec,29512.621000,16.181200,143.338500,,,,29672.140700,
2024,G10783,1742,Mosaic Potash Colonsay ULC - Mosaic Potash Colonsay,212396,Colonsay,Saskatchewan,34385.364800,29.794800,152.242500,,,,34567.402100,
2024,G10785,2372,Myra Falls Mine Ltd - Myra Falls Mine Ltd.,212233,Campbell River,British Columbia,1547.589110,14.248360,79.052150,,,,1640.889620,
2024,G10787,26618,Pembina Pipeline Corporation - Kakwa River Gas Plant 08-13-063-05W6,211110,Calgary,Alberta,188421.250160,11546.071600,1573.323550,,,,201540.645310,
2024,G10788,5287,Pembina Pipeline Corporation - Redwater Fractionation and Storage Facility,211110,Redwater,Alberta,149026.753220,1047.621960,626.372550,,,,150700.747730,
2024,G10789,27964,Pembina Pipeline Corporation - Saturn Deepcut Gas Plant 12-36,211110,Greenview No. 16,Alberta,106149.255180,1470.051800,559.057250,,,,108178.364230,
2024,G10790,26264,Peyto Exploration and Development Corporation - Peyto Swanson 12-31-053-19W5,211110,n/a,Alberta,52024.813890,15406.075664,3686.026775,,,,71116.916329,
2024,G10791,27853,Rio Tinto Alcan Inc - Aluminerie Arvida - Centre technologique AP60,331313,Jonquière,Quebec,94782.490000,4.298000,14.502125,23.789550,5100.513000,,99925.592675,
2024,G10792,27856,Shell Canada Limited Shell Canada Limitee - Saturn Gas Processing and Production IF-a,211110,Fort St. John,British Columbia,10347.602620,1524.978560,55.501600,,,,11928.082780,
2024,G10793,3959,Millar Western Forest Products Ltd. - Slave Lake Pulp,322111,MD of Lesser Slave River No. 124,Alberta,55824.067280,7964.079564,3907.953410,,,,67696.100254,32668.420000
2024,G10795,25300,Tourmaline Oil Corp - Banshee Gas Plant (15-12-050-21W5) - TOU,211110,Yellowhead County,Alberta,61207.277140,8393.203280,409.544250,,,,70010.024670,
2024,G10796,28043,Tourmaline Oil Corp - West Doe Gas Plant (13-25-080-16W6) - TOU,211110,Dawson Creek,British Columbia,53972.221260,6258.032480,415.832700,,,,60646.086440,
2024,G10797,19543,Tourmaline Oil Corp - Spirit River 06-03-078-07W6 Battery,211110,Grand Prairie,Alberta,39598.323030,3788.547840,245.843150,,,,43632.714020,
2024,G10798,18010,Tourmaline Oil Corp - Musreau Gas Plant (08-13-062-06W6) - TOU,211110,Grande Cache,Alberta,67540.071960,7095.735080,451.199600,,,,75087.006640,
2024,G10799,18844,Tourmaline Oil Corp - Wildriver Gas Plant (14-20-056-23W5) - TOU,211110,Hinton,Alberta,75515.608010,9116.142840,504.626250,,,,85136.377100,
2024,G10800,26429,Viterra Canada Inc. - TRT ETGO du Québec inc.,311224,Bécancour,Quebec,34529.766700,19.458880,167.992245,68.926699,,,34786.144524,
2024,G10801,19953,AltaGas Ltd. - Blair Creek Comp Stn d-058-F,211110,n/a,British Columbia,27262.949360,740.165160,123.903400,,,,28127.017920,
2024,G10802,27021,Birchcliff Energy Ltd. - Gordondale Sour Gas Plant 16-31,211110,Gordondale,Alberta,92621.728877,21345.576028,8656.262365,,,,122623.567270,
2024,G10804,28963,Athabasca Oil Corporation - AOC Hangingstone SAGD,211141,Fort McMurray,Alberta,211959.543000,558.608400,335.854640,,,0.846000,212854.852040,
2024,G10805,29003,Reworld (Covanta) Durham York Renewable Energy Limited Partnership - Durham York Energy Centre,562210,Courtice,Ontario,77761.500000,1510.040000,1913.300000,,,,81184.840000,90893.500000
2024,G10806,27638,Spartan Delta Corp. - Ferrier Comp Stn 13-05,211110,CALGARY,Alberta,71418.820000,16718.404360,3395.140250,,,,91532.364610,
2024,G10807,698,Keyera Corp - Fort Saskatchewan Plant,211110,FORT SASKATCHEWAN,Alberta,138704.800580,1116.460240,637.431000,,,,140458.691820,
2024,G10808,7328,University of Guelph - Guelph Campus,611310,Guelph,Ontario,41197.396900,21.769216,194.459385,,,,41413.625501,
2024,G10809,5232,ALIMENT JBS CANADA ULC/ JBS FOOD CANADA ULC - JBS Foods Canada Inc.,311616,Brooks,Alberta,61430.865500,16269.688400,8539.439500,131.012000,,,86371.005400,13523.142200
2024,G10810,28761,Vale Newfoundland and Labrador Limited - Long Harbour Operations,331410,Long Harbour,Newfoundland and Labrador,39572.200000,29.960000,848.000000,,,,40450.160000,
2024,G10811,28711,Peyto Exploration and Development Corporation - Petyo Oldman North 14-17-055-21W5,211110,n/a,Alberta,49922.138202,13319.119744,1252.808435,,,,64494.066381,
2024,G10812,27100,Cenovus Energy Inc. - Rush Lake Thermal Pilot & Commercial 12-03-048-21W3,211110,PAYNTON,Saskatchewan,261318.238600,2107.851200,377.598500,,,,263803.688300,
2024,G10813,6647,Canadian Natural Upgrading Ltd - Canadian Natural Upgrading Limited Muskeg River Mine and Jackpine Mine,211142,Fort McMurray,Alberta,1614091.716441,47086.046252,5809.102100,2197.656971,,118.675000,1669303.196764,
2024,G10814,21390,Tourmaline Oil Corp - Sundance 15-07-054-21W5 Gas Plant,211110,CALGARY,Alberta,33610.084220,2952.626600,223.776600,,,,36786.487420,
2024,G10815,29025,Cenovus Energy Inc. - Sunrise Thermal,211141,Fort McKay,Alberta,1430573.695510,2855.345080,2016.297550,,,,1435445.338140,
2024,G10816,29034,Enfinite Generation Corporation - West Cadotte Power Plant,221112,Northern Sunrise County,Alberta,92598.329300,654.889200,619.808500,,,,93873.027000,
2024,G10817,29066,Strathcona Resources Ltd. - LINDBERGH SAGD 04-25,211141,CALGARY,Alberta,561827.848830,2251.209520,2766.117700,,,,566845.176050,
2024,G10821,11891,Regional Municipality of Niagara - Glenridge Landfill Site,562210,St. Catharines,Ontario,,41006.420000,,,,,41006.420000,
2024,G10822,7265,Sault Ste. Marie Municipal Landfill - SAULT STE. MARIE MUNICIPAL LANDFILL,562210,Sault Ste. Marie,Ontario,325.781000,57501.171000,19.516985,,,,57846.468985,4254.740000
2024,G10823,6222,Air Liquide Canada Inc. - Air Liquide Canada - Bécancour Plan 2,325120,Bécancour,Quebec,55996.667000,1.946000,16.350500,,,,56014.963500,
2024,G10826,30791,City of Regina - Fleet Street Landfill Site,562990,Regina,Saskatchewan,1728.330000,81042.220000,3085.819000,,,,85856.369000,15302.950000
2024,G10827,4268,"Maritime Electric Company, Limited - Charlottetown Generating Station",221112,Charlottetown,Prince Edward Island,1194.448600,0.974400,2.358500,,,,1197.781500,
2024,G10828,1028,Alberta Newsprint Co. - ALBERTA NEWSPRINT,322122,Whitecourt,Alberta,152237.780000,4665.662400,1064.001500,,,,157967.443900,300.125000
2024,G10830,805,MSSC Canada - MSSC Canada,336330,Chatham,Ontario,13943.000000,77.000000,649.250000,,,,14669.250000,
2024,G10832,21100,ARC RESOURCES LTD. - Lator #2 01-21-063-02W6,211110,Lator,Alberta,39175.082580,11728.941840,3726.989150,,,,54631.013570,
2024,G10833,23190,ARC RESOURCES LTD. - Karr 07-11-064-04W6,211110,Calgary,Alberta,87677.616730,7901.161240,3439.480050,,,,99018.258020,
2024,G10834,0,Halifax Regional Municipality (HRM) - Otter Lake Landfill,562210,Lakeside,Nova Scotia,617.840000,48267.119600,6.890000,,,,48891.849600,52632.860000
2024,G10835,28456,Baffinland Iron Mines Corporation - Mary River Mine Site,212210,NA,Nunavut,120001.459132,92.235528,2163.020365,,,,122256.715025,
2024,G10836,29095,Steel Reef Infrastructure Corp. - North Portal Sour Gas Plant 01-09,211110,NORTH PORTAL,Saskatchewan,61474.570334,11274.629156,278.058140,,,,73027.257630,
2024,G10838,4863," WINDSOR SALT LTD./SEL WINDSOR LTEE  - Windsor Plant",212393,Windsor,Ontario,40898.367500,215.278000,252.889500,,,,41366.535000,
2024,G10839,29053,Newfoundland and Labrador Hydro - Holyrood Combustion Turbine,221112,Holyrood,Newfoundland and Labrador,11806.820000,16.520000,469.050000,,,,12292.390000,
2024,G10840,27956,Nova Scotia Power Incorporated - Port Hawkesbury Biomass Cogeneration Power Plant,221119,Point Tupper,Nova Scotia,25485.644753,492.202088,2157.407665,,,,28135.254506,185304.709858
2024,G10841,29385,Cenovus Energy Inc. - Edam East Thermal 05-08-048-19W3,211110,LLOYDMINSTER,Saskatchewan,295483.239800,3341.408000,424.424000,,,,299249.071800,
2024,G10842,29387,Cenovus Energy Inc. - Vawn Thermal 16-01-048-19W3,211110,LLOYDMINSTER,Saskatchewan,213565.985200,2017.386000,320.120000,,,,215903.491200,
2024,G10843,5274,Cargill Limited - Cargill Limited Clavet - Oilseed Processing,311224,Clavet,Saskatchewan,84503.373040,46.709600,478.669500,,,,85028.752140,
2024,G10846,28710,Peyto Exploration and Development Corporation - Peyto Brazeau 06-12-044-13W5,211110,n/a,Alberta,44131.695014,13781.400360,1157.823955,,,,59070.919329,
2024,G10847,5526,Tafisa Canada Inc. - Tafisa Canada,321216,Lac-Mégantic,Quebec,2833.390000,1456.896000,1881.765000,,,,6172.051000,162312.000000
2024,G10850,28831,Pacific Canbriam Energy Limited - Altares Gas Plant b-72-A,211110,NA,British Columbia,169324.296520,22414.869960,1341.255100,,,,193080.421580,
2024,G10857,3197,Williams Operating Corporation - Williams Mine,212220,MARATHON,Ontario,17567.619000,29.120000,175.695000,,,,17772.434000,
2024,G10860,3353,McCain Foods Canada Ltd. - McCain Foods (Canada) GRAND FALLS,311990,Saint Andre,New Brunswick,34998.000000,21.697200,164.989000,,,,35184.686200,
2024,G10863,29389,Agnico Eagle Mines Limited (DO NOT USE) - Meliadine Gold Project,212220,Rankin Inlet,Nunavut,142991.118175,289.744728,2455.209100,39.535630,,,145775.607633,2165.806564
2024,G10864,24237,Waste Connections of Canada Inc. - Coronation Landfill,562210,Coronation,Alberta,523.329250,79893.531872,1.194620,,,,80418.055742,
2024,G10865,35490,Ville de Rimouski - Lieu d'enfouissement technique,562210,Rimouski,Quebec,286.320000,39477.160800,0.593600,,,,39764.074400,879.400000
2024,G10866,3350,"McCain Foods Canada Ltd. - FLORENCEVILLE, NEW BRUNSWICK",311410,Florenceville-Bristol,New Brunswick,18892.468100,94.984400,88.669000,,,,19076.121500,8472.000000
2024,G10867,28625,Les entreprises Rolland inc Usine de St-Jérôme - Usine de St-Jérôme,322121,St-Jérôme,Quebec,34354.400000,19.112800,181.578000,54.235000,,,34609.325800,32844.000000
2024,G10868,21232,Edmonton Regional Airport Authority - Edmonton International Airport,488190,EDMONTON INTERNATIONAL AIRPORT,Alberta,17763.372580,167.088852,270.366515,,,,18200.827947,
2024,G10870,28182,PetroChina Canada Ltd. - Kaybob Gas Plant 15-31,211110,FOX CREEK,Alberta,43810.826100,6160.442400,284.663000,,,,50255.931500,
2024,G10872,8087,Atlantic Wallboard Limited - Atlantic Wallboard,327420,Saint John,New Brunswick,42054.692500,25.704000,200.790500,,,,42281.187000,
2024,G10873,29072,Pretium Resources Inc. - Brucejack Gold Mine,212220,Stewart,British Columbia,24998.840000,70.616000,116.642400,,,,25186.098400,117.510000
2024,G10876,28557,1916354 Alberta Ltd. - Dumur Industries,336990,White City,Saskatchewan,0.120249,0.000056,0.000530,,,,0.120835,
2024,G10877,31006,Yukon Electrical Company Limited - Watson Lake Power Plant,221112,Watson Lake,Yukon,11183.755000,9.108400,24.247500,,,,11217.110900,
2024,G10878,6851,Border Paving Ltd. - Red Deer Batch Plant,237310,RED DEER,Alberta,4004.324503,2.287628,126.366840,,,,4132.978971,
2024,G10879,6850,Border Paving Ltd. - Camrose Batch Plant,237310,Camrose,Alberta,3294.167967,2.221352,57.099815,,,,3353.489134,
2024,G10881,4842,Arauco Canada Limited - Flakeboard,321216,St. Stephen,New Brunswick,18273.452000,31.441200,197.239500,,,,18502.132700,10633.640000
2024,G10882,6849,Border Paving Ltd. - Hinton Batch Plant,237310,Hinton,Alberta,865.854406,0.554372,6.027955,,,,872.436733,
2024,G10883,24232,Border Paving Ltd. - Border Paving 20010,237310,Stony Plain,Alberta,2011.687459,1.336496,42.043045,,,,2055.067000,
2024,G10885,6852,Border Paving Ltd. - Stony Plain Batch Plant,237310,STONY PLAIN,Alberta,246.291880,0.152068,4.246095,,,,250.690043,
2024,G10887,0,Border Paving Ltd. - Red Deer Main Office,551114,Red Deer,Alberta,1166.235196,0.786184,10.429870,,,,1177.451250,
2024,G10889,0,Border Paving Ltd. - Red Deer Truck Shop,484110,Red Deer,Alberta,1736.616455,1.272992,7.973585,,,,1745.863032,
2024,G10890,23273,SGO Mining Inc. - Seabee,212220,SASKATOON,Saskatchewan,9670.624000,289.926000,92.087500,,,,10052.637500,
2024,G10896,5008,AV Group NB Inc. - Atholville Mill - Atholville Mill,322112,Atholville,New Brunswick,13306.446500,382.684400,1554.622500,,,,15243.753400,376539.349200
2024,G10897,29468,Air Products Canada Ltd. - Scotford Hydrogen Facility,325120,Fort Saskatchewan,Alberta,1008655.437010,304.815308,568.249040,,,,1009528.501358,
2024,G10899,6069,University of New Brunswick - DEPARTMENT OF Facilities Management,611310,Fredericton,New Brunswick,15828.000000,36.008000,249.895000,,,,16113.903000,16304.000000
2024,G10900,28455,Baffinland Iron Mines Corporation - Milne Port Site,212210,NA,Nunavut,53032.591220,41.581960,879.381300,,,,53953.554480,
2024,G10902,2710,Evolution Mining - Red Lake Operation,212220,Balmertown,Ontario,25804.605997,41.170584,148.028470,,,,25993.805051,3712.185677
2024,G10903,2938,Société en commandite Revenu Noranda - SOCIÉTÉ EN COMMANDITE REVENU NORANDA - VALLEYFIELD,331410,Salaberry de Valleyfield,Quebec,49711.460000,29.234800,414.359300,,,,50155.054100,
2024,G10904,8600,Hecla Québec Inc. - Casa Berardi,212220,Eeyou Istchee,Quebec,45455.485000,106.232000,1004.615000,,,,46566.332000,
2024,G10907,2100,Magris Ressources - La Mine Niobec,212299,Saint-Honoré,Quebec,11763.580000,11.564000,729.015000,,,,12504.159000,
2024,G10908,4866,Orano Canada Inc. - McClean Lake Operations,212291,Saskatoon,Saskatchewan,20983.546800,615.888000,1794.792000,,,,23394.226800,33.197000
2024,G10909,1510,Mosaic Potash Esterhazy Limited Partnership - MOSAIC POTASH ESTERHAZY - K1 SITE,212396,Esterhazy,Saskatchewan,44882.315200,39.776800,190.402500,,,,45112.494500,
2024,G10911,1608,Iamgold Corporation - La mine Doyon,212220,Preissac,Quebec,11150.601000,15.288000,989.510000,,,,12155.399000,
2024,G10912,10565,Magris Talc Canada Inc. - Timmins Micronizing Plant,212398,Timmins,Ontario,13424.568171,7.062580,59.794600,,,,13491.425351,
2024,G10913,1148,Cameco Corporation - Key Lake Operation,212291,Saskatoon,Saskatchewan,35396.177300,1381.203600,566.729000,,,,37344.109900,
2024,G10916,21776,Prairie Mines & Royalty ULC - Poplar River Mine,212116,Coronach,Saskatchewan,12356.729000,4490.777200,44.016500,,,,16891.522700,
2024,G10917,11454,Alamos Gold Incorporated - Island Gold Mine,212220,Dubreuilville,Ontario,18493.000000,79.912000,124.550000,32.370000,,,18729.832000,1811.000000
2024,G10919,10287,Compass Minerals Canada Corporation - GODERICH PLANT,212393,Goderich,Ontario,19321.000000,10.528000,88.510000,,,,19420.038000,
2024,G10920,10625,Covia Canada Ltd. - Nepheline Syenite Operations,212326,Havelock,Ontario,10583.575000,31.590356,143.723810,,,,10758.889166,
2024,G10921,21543,Hudbay Minerals Inc. - HBMS Chisel Lake Mine,212233,Snow Lake,Manitoba,20689.845000,30.548000,422.410000,,,,21142.803000,
2024,G10922,1149,Cameco Corporation - McArthur River Operation,212291,Saskatoon,Saskatchewan,24341.557800,234.609200,373.040500,,,,24949.207500,
2024,G10923,19397,Cameco Corporation - Cigar Lake Operation,212291,Saskatoon,Saskatchewan,21387.147300,254.570400,284.159500,,,,21925.877200,
2024,G10924,1941,GOLDCORP CANADA LTD - Porcupine Gold Mines,212220,South Porcupine,Ontario,58354.841400,119.756000,153.382000,14.560000,,,58642.539400,
2024,G10925,5498,ADM Agri-Industries Company - ADM AGRI-INDUSTRIES - ADM Candiac,311990,Candiac,Quebec,23144.544500,15.764308,113.932775,,,,23274.241583,1750.522900
2024,G10926,7369,Impala Canada Ltd. - Impala Canada Ltd.,212299,Thunder Bay Unorganized,Ontario,44166.380000,70.364000,935.715000,,,,45172.459000,
2024,G10927,635,Meridian Brick Canada Ltd. - Canada Brick - Burlington,327120,BURLINGTON,Ontario,13596.572100,5.168800,50.800500,,,,13652.541400,
2024,G10928,7005,Meridian Brick Canada Ltd. - Canada Brick - Aldershot,327120,ALDERSHOT,Ontario,32207.975800,12.546800,110.796500,,,,32331.319100,
2024,G10929,11794,Lake Shore Gold - Lake Shore Gold Timmins West Mine,212220,Timmins,Ontario,12317.262000,11.779600,36.358000,,,,12365.399600,
2024,G10930,3810,McEwen Mining - McEwen Ontario Black Fox Mine,212220,Matheson,Ontario,8973.865000,17.841600,27.825000,,,,9019.531600,
2024,G10931,11796,Lake Shore Gold - Bell Creek Complex,212220,Porcupine,Ontario,11208.767000,14.392280,33.125795,,,,11256.285075,
2024,G10932,20201,Shell Canada Limited Shell Canada Limitee - Brassey Gas Processing and Production IF-a,211110,PEACE RIVER E,British Columbia,16986.703780,1707.506920,122.215350,,,,18816.426050,
2024,G10933,20210,Shell Canada Limited Shell Canada Limitee - Sunset Gas Processing and Production IF-a,211110,Peace River D,British Columbia,12583.734230,1682.749600,99.905000,,,,14366.388830,
2024,G10934,7948,Houweling Nurseries Ltd. - Houweling Nurseries Ltd. - Delta,111419,Delta,British Columbia,31353.510000,17.277344,165.315745,,,,31536.103089,
2024,G10935,7918,Windset Farms (Canada) Ltd. - Windset Farms (Canada) Ltd. - Ladner,111419,Delta,British Columbia,12884.990000,8.128400,65.979700,,,,12959.098100,17337.480000
2024,G10936,23865,ARC RESOURCES LTD. - Dawson Sour Gas Plant 05-35,211110,n/a,British Columbia,13455.296810,1617.047600,99.992450,,,,15172.336860,
2024,G10938,7801,British Columbia Hydro and Power Authority - Masset Diesel Generating Station,221112,MASSET,British Columbia,18023.411600,25.202800,717.434500,,,,18766.048900,
2024,G10939,7942,"Coastland Wood Industries Ltd. - Coastland Wood Industries Ltd., Annacis Division",321212,Delta,British Columbia,31206.398000,16.604000,144.160000,,,,31367.162000,
2024,G10940,0,Canadian Natural Resources Limited - South Hiding Creek Comp Station B-053-A,211110,n/a,British Columbia,11796.279560,1123.910200,96.030700,,,,13016.220460,
2024,G10941,0,Canadian Natural Resources Limited - Ring Border Sweet Gas Plant,211110,Ring Border,British Columbia,8914.498880,4783.360120,43.200300,,,,13741.059300,
2024,G10944,22878,Ovintiv Canada ULC - Dawson Creek Comp Stn 09-15,211110,N/A,British Columbia,28702.979000,3393.880000,226.045000,,,,32322.904000,
2024,G10945,22313,Ovintiv Canada ULC - Hythe Comp Stn D-033-I,211110,N/A,British Columbia,32184.306000,3141.796000,259.965000,,,,35586.067000,
2024,G10947,22312,Ovintiv Canada ULC - Hythe Comp Stn D-019-H,211110,N/A,British Columbia,18750.878000,1894.088000,151.845000,,,,20796.811000,
2024,G10948,6638,HARVEST OPERATIONS CORP. - Hay Gas Plant,211110,n/a,British Columbia,14393.979200,1844.214400,75.578000,,,,16313.771600,
2024,G10949,941,Lantic Inc. - Vancouver Refinery - Lantic Inc. - Vancouver Refinery,311310,VANCOUVER,British Columbia,30915.984300,16.489200,139.655000,,,,31072.128500,
2024,G10950,17701,Tourmaline Oil Corp - Martin Creek Sour Gas Plant (b-002-E/094-H-06) - TOU,211110,n/a,British Columbia,10121.782060,1465.136960,66.477900,,,,11653.396920,
2024,G10952,7843,Tolko Industries Ltd. - Heffley Creek Division,321212,Kamloops,British Columbia,16335.892800,214.278400,75.101000,,,,16625.272200,
2024,G10953,7792,Tolko Industries Ltd. - Lavington Planer Mill,321111,Lavington,British Columbia,13619.053400,675.194800,55.597000,,,,14349.845200,
2024,G10954,20003,Village Farms Canada L.P. - Village Farms - Delta I,111419,Delta,British Columbia,24820.000000,13.426000,120.098000,,,,24953.524000,
2024,G10955,2364,West Coast Reduction Ltd. - West Coast Reduction Ltd.,311614,Vancouver,British Columbia,29130.422300,15.685600,137.747000,,,,29283.854900,
2024,G10957,7822,CIPA Lumber Co. Ltd. - CIPA Lumber Co. Ltd.,321212,"Annacis Island, Delta",British Columbia,26637.220000,14.590800,139.761000,,,,26791.571800,
2024,G10959,0,Canadian Natural Resources Limited - BCBT0002871,211110,Tumbler Ridge,British Columbia,27737.198520,3670.122960,225.488500,,,,31632.809980,
2024,G10963,19544,Tourmaline Oil Corp - Wroe 08-12-057-25W5 Compressor,211110,Wroe,Alberta,37132.585540,3631.817840,245.946500,,,,41010.349880,
2024,G10964,0,Canlin Energy Corporation - Laprise Main Battery (D-030-E/094-H-05),211110,Peace River,British Columbia,9869.095176,1131.479832,76.585795,,,,11077.160803,
2024,G10966,0,ARC RESOURCES LTD. - Parkland Comp Stn 08-13,211110,Parkland,British Columbia,10982.748990,1027.079200,82.979450,,,,12092.807640,
2024,G10968,23471,Crew Energy Inc. - Septimus Sweet Gas Plant 12-27,211110,n/a,British Columbia,35221.669240,3912.872040,275.186600,,,,39409.727880,
2024,G10970,0,Canadian Natural Resources Limited - Birch Oil Battery c-018-I/94-A-13,211110,Fort St. John,British Columbia,10898.315140,1404.735080,68.507800,,,,12371.558020,
2024,G10974,25050,Tourmaline Oil Corp - Doe 01-32-80-15W6 Compressor,211110,Dawson Creek,British Columbia,25210.727980,2392.410440,202.142000,,,,27805.280420,
2024,G10975,10967,Waste Connections of Canada Inc. - Navan Landfill,562210,Ottawa,Ontario,1219.628000,39550.802200,5.401495,,,,40775.831695,5530.913000
2024,G10976,18170,Vermilion Energy Inc. - West Pembina Battery and Compressor,211110,Township 050,Alberta,13180.888000,1136.153200,84.561500,,,,14401.602700,
2024,G10977,18168,Vermilion Energy Inc. - Granada Gas Plant,211110,Township 052,Alberta,12462.630600,1422.383200,80.056500,,,,13965.070300,
2024,G10978,0,Sinopec Canada - Wapiti Compressor Station 07-22,211110,Wapiti,Alberta,25209.219700,5065.849600,2184.066400,,,,32459.135700,
2024,G10979,18169,Vermilion Energy Inc. - Eta Lake Gas Plant,211110,Township 051,Alberta,13888.079800,1152.435200,90.921500,,,,15131.436500,
2024,G10981,17066,Cenovus Energy Inc. - Kakwa Gas Plant 10-07-063-05W6,211110,Amundson,Alberta,7622.255840,2913.939560,386.534300,,,,10922.729700,
2024,G10982,3111,Kuntz Electroplating Inc. - KUNTZ ELECTROPLATING INC.,332810,Kitchener,Ontario,9327.862000,5.089168,42.720650,,,,9375.671818,
2024,G10983,1857,Certainteed Corp Insulation Group operating as Ottawa Fibre LP - CertainTeed Insulation Ottawa,325220,Ottawa,Ontario,11687.473000,7.520548,53.590685,,,,11748.584233,
2024,G10985,250,Evonik Canada Inc. - Gibbons Site,325189,Gibbons,Alberta,18660.800000,10.192000,90.100000,,,,18761.092000,
2024,G10986,1623,"Teledyne Digital Imaging, Inc.  - DALSA SEMICONDUCTOR - BROMONT",334410,Bromont,Quebec,1549.123900,0.868000,121.950350,1118.224000,7984.428900,3013.170000,13787.765150,
2024,G10989,1251,Owens Corning Insulating Systems Canada LP - Edmonton Plant,327990,Edmonton,Alberta,17091.070000,9.044000,11.660000,,,,17111.774000,
2024,G10990,2599,Alberta Distillers Ltd. - ALBERTA DISTILLERS,312140,Calgary,Alberta,24717.493435,12.772928,106.474880,,,,24836.741243,
2024,G10991,11700,BIOX Canada Limited - BIOX Canada Limited,325190,Hamilton,Ontario,4688.500000,2.558668,21.497860,,,,4712.556528,
2024,G10993,15131,ARC RESOURCES LTD. - Ante Creek North Sour Gas Plant 02-26,211110,n/a,Alberta,11267.840450,891.489760,586.861050,,,,12746.191260,
2024,G10994,4772,Safety-Kleen Canada Inc. [principal] - Oil Recovery Division,324190,Breslau,Ontario,47080.991700,8.850800,188.468000,,,,47278.310500,
2024,G10998,7183,McCain Foods Canada Ltd. - CARBERRY FACTORY,311990,Carberry,Manitoba,21217.729600,170.945600,459.006500,,,,21847.681700,5122.000000
2024,G11000,16149,Cardinal Energy Ltd. - Mitsue Sour GP 10-30-72-4W5,211110,SLAVE LAKE,Alberta,16805.801000,652.633800,1703.685000,,,,19162.119800,
2024,G11001,17543,Cardinal Energy Ltd. - Scots Lake 13-7-16-11W4,211110,BROOKS,Alberta,11376.313000,86.405200,16.923165,,,,11479.641365,
2024,G11003,22557,Obsidian Energy Ltd. - Slave Lake Sour Gas Plant 09-15,211110,n/a,Alberta,33953.364170,1576.204672,132.059570,,,,35661.628412,
2024,G11004,,Obsidian Energy Ltd. - Pembalta #7 Sour Gas Plant 04-34,211110,n/a,Alberta,13873.662813,1220.232916,85.685630,,,,15179.581359,
2024,G11005,0,Obsidian Energy Ltd. - Willesden Green Sweet Gas Plant 14-01,211110,n/a,Alberta,16281.740892,1535.351720,107.915685,,,,17925.008297,
2024,G11006,17498,Kelt Exploration - Kelt Progress Battery 06-19-077-09W6,211110,n/a,Alberta,7525.795350,2309.195560,200.628850,,,,10035.619760,
2024,G11008,6015,DND/ MDN - CFB/ BFC Halifax - Parc Windsor Park,911110,Halifax,Nova Scotia,26504.740000,13.476400,126.961500,,,,26645.177900,
2024,G11009,1245,Owens Corning Insulating Systems Canada LP - Toronto Plant,327990,Toronto,Ontario,18671.913900,9.259600,77.804000,,,,18758.977500,
2024,G11010,16981,Torxen Energy Ltd. - Hussar Gas Plant 13-36-024-21W4,211110,Hussar,Alberta,26641.782630,5459.689760,612.420300,,,,32713.892690,
2024,G11011,21388,Tourmaline Oil Corp - Obed 01-21-055-23W5 Compressor,211110,OBED,Alberta,10933.537100,1818.683440,73.002200,,,,12825.222740,
2024,G11012,23475,Long Run Exploration Ltd - LRE - Edson Gas Plant 01-13,211110,Edson,Alberta,13745.781067,3972.882060,1005.889650,,,,18724.552777,
2024,G11013,10731,Apotex Inc. - Apotex Inc. Etobicoke Site,325410,Toronto,Ontario,11137.000000,5.488000,58.273500,,,,11200.761500,
2024,G11014,6241,La Cie Matériaux de Construction BP Canada - LA CIE MATÉRIAUX DE CONSTRUCTION  BP CANADA - LASALLE,324122,LaSalle,Quebec,13387.430000,7.084000,65.190000,,,,13459.704000,
2024,G11015,6794,The Calgary Airport Authority - THE CALGARY AIRPORT AUTHORITY - CALGARY,481110,Calgary,Alberta,15156.570000,0.280000,7.950000,,,,15164.800000,
2024,G11016,6967,DND/ MDN - 3 CDSG/BS 3 DIV Edmonton,911110,EDMONTON,Alberta,15523.303900,8.195600,73.378500,,,,15604.878000,
2024,G11017,23004,Aspenleaf Energy Ltd. - Leduc 02/10-22,211110,Calgary,Alberta,15209.416300,1808.217600,161.809000,,,,17179.442900,
2024,G11018,7416,Interlake Acquisition Corporation Limited - Biorigin Specialty Products,322121,St. Catharines,Ontario,20646.090000,12.188400,95.574900,,,,20753.853300,
2024,G11019,5615,The Procter & Gamble Company - Belleville,322291,Belleville,Ontario,17098.334000,9.438800,81.362950,,,,17189.135750,
2024,G11020,11431,Matalco Canada Inc. - Matalco Canada Inc.,331317,BRAMPTON,Ontario,21826.190000,11.984000,100.700000,,,,21938.874000,
2024,G11021,23797,Viterra Canada Inc. - Ste. Agathe (Canola Crush Plant) Viterra,311224,Ste. Agathe,Manitoba,12473.218870,6.917680,56.776250,,,,12536.912800,
2024,G11022,23191,ARC RESOURCES LTD. - Lator #1 01-21-063-02W6,211110,Calgary,Alberta,19954.857890,11273.292800,1968.618750,,,,33196.769440,
2024,G11025,3147,Canadian Nuclear Laboratories - Chalk River Laboratories,541990,Chalk River,Ontario,18970.321000,1368.108000,128.936545,80.600000,,2021.000000,22568.965545,8.562000
2024,G11026,3245,Molson Canada 2005 - Toronto Brewery,312120,Toronto,Ontario,17357.000000,9.083676,76.609645,,,,17442.693321,
2024,G11027,7641,DND/ MDN - 4 CDSB / BS 4 Div C Petawawa - Petawawa,911110,Petawawa,Ontario,28196.483000,15.229200,136.872500,,,,28348.584700,
2024,G11028,2068,Darling International Canada Inc. - Moorefield,311614,Moorefield,Ontario,29754.431000,15.797572,133.011715,,,,29903.240287,
2024,G11029,15160,Pivotal Energy Partners Inc. - Bantry Sour Gas Plant & Power Plant,211110,Tilley,Alberta,17286.743300,2973.958400,1023.430000,,,,21284.131700,
2024,G11030,4165,AltaGas Ltd. - Edmonton Ethane Extraction Plant,211110,EDMONTON,Alberta,7010.229130,4395.079920,37.142400,,,,11442.451450,
2024,G11031,7987,DND/ MDN - CFB/ BFC Esquimalt - Dockyard,911110,Victoria,British Columbia,16255.706000,14.347200,291.155500,,,,16561.208700,
2024,G11032,3250,"Epsilyte Canada, ULC - Usine de production de polystyrène expansible",325210,Baie D'Urfé,Quebec,7258.030000,3.388000,28.355000,,,,7289.773000,
2024,G11034,5609,Roseburg Forest Products Canada Ltd. - Roseburg Forest Products Canada Ltd. (Pembroke MDF),321216,Pembroke,Ontario,37712.710000,77.084000,547.490000,,,,38337.284000,34524.576000
2024,G11036,5099,DND/ MDN - 5 CDSB/ BS 5 DIV Gagetown,911110,Oromocto,New Brunswick,18682.390000,17.080000,360.400000,,,,19059.870000,
2024,G11037,19903,Spartan Delta Corp. - Willesden Green Comp Stn 08-04,211110,CALGARY,Alberta,12003.640000,4755.800000,1054.700000,,,,17814.140000,
2024,G11038,23316,Tourmaline Oil Corp - Conroy d48 Compressor (d-048-C/094-H-12) - TOU,211110,Conroy,British Columbia,17116.041560,1805.757520,132.778250,,,,19054.577330,
2024,G11039,5546,Ville de Lévis - Incinérateur de Lévis,562210,Lévis,Quebec,8021.205370,1.230320,69.944100,,,,8092.379790,8947.847450
2024,G11040,6502,Regional Municipality of Wood Buffalo - Fort McMurray WWTP,221320,Fort McMurray,Alberta,214.484900,11177.106920,21.899865,,,,11413.491685,
2024,G11041,10653,Maple Lodge Farms Ltd. - Maple Lodge Farms,311615,Brampton,Ontario,31926.840000,17.410400,146.333000,,,,32090.583400,
2024,G11042,5732,Real Alloy Canada Ltd. - Real Alloy Mississauga,331317,Mississauga,Ontario,16782.704110,9.896208,80.936300,,,,16873.536618,
2024,G11043,7432,"Canada Malting Co Ltd. - Canada Malting, Thunder Bay",311214,Thunder Bay,Ontario,16983.157400,9.259600,77.804000,,,,17070.221000,
2024,G11046,2396,"Great Lakes Copper Ltd. - Great Lakes Copper Ltd. ",331420,London,Ontario,11228.469000,7.128548,52.708235,,,,11288.305783,
2024,G11047,6648,ARROW Utilities - ARROW Utilities Wastewater Treatment Plant,221320,Fort Saskatchewan,Alberta,6648.970000,47253.836000,393.652200,,,,54296.458200,
2024,G11048,8684,Compagnie Alpek Polyester Canada inc. - Compagnie Alpek Polyester Canada inc.,325210,Montréal-Est,Quebec,13226.498800,2.231600,52.099000,,,,13280.829400,
2024,G11049,2712,Moose Jaw Refinery Partnership - Moose Jaw Refinery,324110,Moose Jaw,Saskatchewan,57908.666678,991.835852,161.907050,,,,59062.409580,
2024,G11050,5584,Peintures MF Inc. - Peintures MF Inc.,325510,Laval,Quebec,69.000000,0.030800,1.325000,,,,70.355800,
2024,G11051,10672,HCE Energy Inc. - HCE Energy Centre,221330,Hamilton,Ontario,5779.360000,40.866000,38.676750,,,,5858.902750,
2024,G11052,4792,Agropur Cooperative - Agropur Coopérative - Usine de Beauceville,311515,Beauceville,Quebec,9017.600000,4.900000,67.840000,,,,9090.340000,
2024,G11053,4341,Agropur Cooperative - Agropur Coopérative - Usine de Granby,311515,Granby,Quebec,18463.250000,10.192000,86.098500,308.997700,,,18868.538200,
2024,G11054,4342,Agropur Cooperative - Agropur Coopérative - Usine de Notre-Dame-du-Bon-Conseil,311515,Notre-Dame-du-Bon-Conseil,Quebec,14985.000000,8.270080,214.265750,51.741400,,,15259.277230,1453.880000
2024,G11055,6468,Agropur Cooperative - Agropur Coopérative - Usine de Plessisville,311515,Plessisville,Quebec,11536.030000,6.367200,53.715500,41.270450,,,11637.383150,
2024,G11056,2630,Johns Manville Canada Inc. - Innisfail Plant,327214,Innisfail,Alberta,23652.864440,13.521760,89.473540,,,,23755.859740,
2024,G11057,17141,City of Red Deer - Waste Management Facility,562210,Red Deer,Alberta,345.930000,54636.960000,37.100000,,,,55019.990000,447.980000
2024,G11058,6008,Dalhousie University - Main Campus,611310,Halifax,Nova Scotia,19930.550000,10.519600,94.154500,,,,20035.224100,
2024,G11059,5725,Magna International Inc - FORMET INDUSTRIES,336390,St Thomas,Ontario,24009.510000,13.773200,102.361285,,,,24125.644485,
2024,G11060,3475,Canadian General-Tower Ltd. - Canadian General-Tower Ltd.,326114,Cambridge,Ontario,12521.000000,6.720000,60.685000,,,,12588.405000,
2024,G11064,1872,Cascades Canada ULC - CASCADES EMBALLAGE CARTON-CAISSE CABANO,322121,Temiscouata-sur-le-Lac,Quebec,8956.700000,288.603560,1769.707100,10.463840,,,11025.474500,158368.000000
2024,G11066,10486,DND/ MDN - CFB/ BFC Borden,911110,Borden,Ontario,18437.260400,14.658000,259.170000,,,,18711.088400,
2024,G11067,7868,Air Canada - Montreal Power House,488190,Dorval,Quebec,9833.262457,7.833392,52.901155,,,,9893.997004,1503.410003
2024,G11068,4829,Richardson Oilseed Ltd. - Lethbridge,311224,Lethbridge,Alberta,40533.837853,620.694732,184.717190,,,,41339.249775,
2024,G11070,2074,ERCO Worldwide LP - ERCO Worldwide Saskatoon plant,325181,Saskatoon,Saskatchewan,11845.883900,6.916000,55.676500,,,,11908.476400,
2024,G11072,746,DND/ MDN - 5 WG/ 5 Esc Goose Bay,911110,Goose Bay,Newfoundland and Labrador,17788.735300,4.768400,53.000000,,,,17846.503700,
2024,G11073,1199,Panolam Industries Ltd. - Panolam Industries Ltd./Daiken North America Ltd.,321216,Huntsville,Ontario,15730.670000,42.002800,285.723000,,,,16058.395800,19856.000000
2024,G11074,11,Hexion Canada Inc. - Hexion Canada Inc.- Edmonton Facility,325210,Edmonton,Alberta,15723.927300,3.253600,26.738500,31.850000,,,15785.769400,
2024,G11075,0,Olymel S.E.C. - Olymel s.e.c St-Esprit,0,St-Esprit,Quebec,17159.999600,5.518800,145.564500,,,,17311.082900,
2024,G11076,5317,Maple Leaf Foods Inc. - Maple Leaf Foods - Brandon,311617,Brandon,Manitoba,24605.728700,13.518400,112.704500,,,,24731.951600,
2024,G11077,10280,National Silicates Partnership - Valleyfield,325189,Salaberry de Valleyfield,Quebec,27012.690000,9.242240,79.217245,,,,27101.149485,
2024,G11079,5235,Cargill Foods - Cargill High River Plant,311616,High River,Alberta,34101.020000,6572.716920,971.596000,77.138280,,,41722.471200,596.450000
2024,G11080,6836,University of Manitoba - Powerhouse,611310,Winnipeg,Manitoba,29819.000000,201.600000,270.300000,,,,30290.900000,
2024,G11081,488,Ingredion Canada Corporation - Ingredion Canada Corporation,311221,Cardinal,Ontario,91010.820000,49.829360,418.662900,,,,91479.312260,
2024,G11082,3803,Ontario Clean Water Agency - G.E. Booth Water Resource Recovery Facility,221320,Mississauga,Ontario,4792.000000,7959.252000,47944.860000,,,,60696.112000,73862.000000
2024,G11084,11039,Hartmann Canada Inc. - Hartmann North America,322299,Brantford,Ontario,18591.978700,11.566800,87.132000,,,,18690.677500,
2024,G11085,17705,PNA Partnership - Moose Jaw,327215,Moose Jaw,Saskatchewan,9035.860000,5.034400,41.446000,,,,9082.340400,
2024,G11087,10177,Public Works and Government Services Canada - Tunney's Pasture Central Heating and Cooling Plant,911910,Ottawa,Ontario,5762.300000,2.800000,26.500000,,,,5791.600000,
2024,G11088,11482,Public Works and Government Services Canada - Confederation Heights Central Heating and Cooling Plant,911910,Ottawa,Ontario,4180.560000,2.254000,20.193000,,,,4203.007000,
2024,G11089,8594,Sanimax Lom Inc. - Sanimax Lom Inc.,311614,Montréal,Quebec,32296.250000,18.412800,178.795500,,,,32493.458300,
2024,G11090,1139,Bombardier Inc. - Usine Dorval,336410,Dorval,Quebec,11841.080000,5.040000,50.800500,58.051230,,,11954.971730,
2024,G11091,16633,Whitecap Resources Inc. - Valhalla 03-27-075-09W6 BTY,211110,Valhalla,Alberta,10029.964430,1743.334040,101.076300,,,,11874.374770,
2024,G11092,10193,Sonoco Canada Corporation - Sonoco Brantford,322130,Brantford,Ontario,18898.400000,10.567200,90.630000,,,,18999.597200,
2024,G11093,11621,Region Municipality of Halton - Halton Waste Management Site,562210,25 Milton,Ontario,,97207.905200,,,,,97207.905200,639.056000
2024,G11095,449,Ifastgroupe - INFASCO,331221,Marieville,Quebec,13787.000000,11.939200,87.423500,,,,13886.362700,
2024,G11097,2070,Rain Carbon Canada Inc. - Rain Carbon Canada Inc.,325190,Hamilton,Ontario,25229.000000,13.468000,114.745000,,,,25357.213000,
2024,G11098,4328,ArcelorMittal Coteau Du Lac - ArcelorMittal Coteau Du Lac Inc,339990,Coteau du Lac,Quebec,12216.442000,6.748000,56.975000,,,,12280.165000,
2024,G11100,21914,Paramount Resources Ltd. - Trilogy Presley 03-29-059-19,211110,n/a,Alberta,22813.257660,6143.863880,2806.649450,,,,31763.770990,
2024,G11102,1322,"Goodyear Canada Inc. - Goodyear Canada Inc. ",326210,Napanee,Ontario,19523.567500,10.727220,89.445980,,,,19623.740700,
2024,G11103,5649,Kaiser Aluminum Canada Limited - Kaiser Aluminum Canada Limited,331317,London,Ontario,19112.016000,11.620000,89.570000,,,,19213.206000,
2024,G11104,5473,Lactalis Canada Inc. - Victoriaville,311515,Victoriaville,Quebec,24285.680000,12.880000,106.000000,1485.890000,,,25890.450000,
2024,G11105,3840,Lactalis Canada Inc. - Winchester,311515,Winchester,Ontario,20583.450000,11.331320,94.880600,,,,20689.661920,
2024,G11106,4831,Strathcona Paper GP Inc. - Strathcona Paper LP,322130,Napanee,Ontario,33236.339000,20.272000,154.774840,,,,33411.385840,
2024,G11107,17192,Lynx Energy ULC - Beiseker Compressor Station 04-15,211110,Beiseker,Alberta,9614.877652,5562.667852,271.964995,,,,15449.510499,
2024,G11108,17195,Lynx Energy ULC - Joffre Compressor Station 04-22,211110,Joffre,Alberta,7283.143454,3971.775808,208.780780,,,,11463.700042,
2024,G11109,4982,La Cie Matériaux de Construction BP Canada - LA CIE MATÉRIAUX DE CONSTRUCTION BP CANADA - Pont-Rouge,321216,Pont-Rouge,Quebec,13095.831000,7.448000,83.475000,,,,13186.754000,
2024,G11111,5020,McCain Foods Canada Ltd. - McCain Foods Coaldale FF plant,311410,COALDALE,Alberta,22798.780000,12.320000,31.800000,,,,22842.900000,5233.510000
2024,G11112,26520,Spartan Delta Corp. - Ferrier Comp Stn 09-03,211110,CALGARY,Alberta,63027.430000,7307.160000,4303.600000,,,,74638.190000,
2024,G11113,2229,Suncor Energy Products Partnership - Montreal Sulphur Plant,325189,Montréal-Est,Quebec,22264.020000,176.428448,72.484125,0.769400,,,22513.701973,
2024,G11114,21076,Border Paving Ltd. - Portable Plant 020008,237310,Delia,Alberta,6228.626857,3.049536,17.286480,,,,6248.962873,
2024,G11115,11105,Cargill Limited - Cargill Guelph Dunlop Facility,311616,Guelph,Ontario,13843.114291,75.468120,480.932600,,,,14399.515011,
2024,G11116,705,Lallemand Inc. - USINE MONTREAL,311990,MONTRÉAL,Quebec,50787.000000,6.440000,53.530000,,,,50846.970000,
2024,G11119,4527,Continuous Colour Coat Limited - MSC Toronto,332810,Etobicoke,Ontario,12349.558000,5.572000,46.640000,,,,12401.770000,
2024,G11120,744,DND/ MDN - 8 WG/ 8 Esc Trenton,911110,Astra,Ontario,17589.579300,12.194000,193.291000,,,,17795.064300,
2024,G11121,2517,Spray Lake Sawmills (1980) Ltd. - Spray Lake Sawmills (1980) Ltd. (Cochrane Sawmill),321114,Cochrane,Alberta,10808.395500,5.866000,40.743750,,,,10855.005250,
2024,G11122,7294,DND/ MDN - CFB/ BFC Kingston,911110,Kingston,Ontario,17736.344800,9.567600,85.648000,,,,17831.560400,
2024,G11123,1878,"Produits Kruger Inc. - Fabrication région Est, Sherbrooke",322121,Sherbrooke,Quebec,9681.102000,49.629272,44.897625,,,,9775.628897,
2024,G11124,15,"Dofasco Inc., Stelco Inc. - Baycoat",332810,Hamilton,Ontario,32598.974300,173.639200,138.171000,,,,32910.784500,
2024,G11125,8596,Sanimax ACI - Sanimax ACI,311614,Lévis,Quebec,22433.125700,12.717600,92.167000,,,,22538.010300,5745.490000
2024,G11127,6697,DND/ MDN - 4 WG/ 4 Esc Cold Lake,911110,Cold Lake,Alberta,27851.738000,16.786000,245.151500,,,,28113.675500,
2024,G11128,3812,Groupe des tréfileries Sivaco 2004 - Sivaco Québec,331222,Marieville,Quebec,11157.000000,7.280000,66.515000,,,,11230.795000,
2024,G11129,222,Cytec Canada Inc. - Welland Plant,325999,Niagara Falls,Ontario,16575.529410,9.523220,55.169820,,,,16640.222450,
2024,G11130,1042,Veolia Waste Services Alberta Inc. - Swan Hills Treatment Center,562210,Swan Hills,Alberta,26840.140000,92.820000,6169.200000,,,,33102.160000,
2024,G11132,3480,General Motors of Canada Company - CAMI Assembly Plant,336110,Ingersoll,Ontario,10859.716900,5.916400,49.634500,,,,10915.267800,
2024,G11133,3210,3M Canada Company - 3M BROCKVILLE 501,322220,BROCKVILLE,Ontario,11099.650000,5.880000,49.555000,,,,11155.085000,
2024,G11134,10730,Queen's University at Kingston - Queen's University - Kingston Main Campus,611310,Kingston,Ontario,37885.000000,19.992000,178.875000,,,,38083.867000,
2024,G11135,21477,Simplot Canada (II) Ltd. - Portage la Prairie,311410,Portage La Prairie,Manitoba,58518.930000,3600.128000,3019.145000,,,,65138.203000,10948.320000
2024,G11136,6938,McCain Foods Canada Ltd. - MCCAIN FOODS (CANADA) - PORTAGE LA PRAIRIE,311410,Portage La Prairie,Manitoba,33635.931300,18.454800,101.707000,,,,33756.093100,
2024,G11139,17070,Cenovus Energy Inc. - Galloway Gas Plant 12-05-054-20W5,211110,Edson,Alberta,3285.223460,19939.310440,166.398800,,,,23390.932700,
2024,G11140,6006,CKF Inc. - CKF - HANTSPORT,322299,Hantsport,Nova Scotia,11106.377900,69.213200,53.053000,,,,11228.644100,
2024,G11142,10600,McMaster University - MCMASTER UNIVERSITY,611310,HAMILTON,Ontario,45097.618800,196.386400,268.074000,,,,45562.079200,
2024,G11150,22243,Steel Reef Infrastructure Corp. - Glen Ewen Sour Gas Plant 05-14,211110,Glen Ewen,Saskatchewan,14690.102616,2050.622952,39.409210,,,,16780.134778,
2024,G11151,4378,Formica Canada Inc. - Formica Canada Inc,326130,Saint-Jean-sur-Richelieu,Quebec,12009.900000,6.636000,60.155000,,,,12076.691000,
2024,G11153,6578,DND/ MDN - G/BS 3 DIV Edmonton Garrison Suffield,911110,Ralston,Alberta,12105.592500,6.417600,62.540000,,,,12174.550100,
2024,G11155,22578,Long Run Exploration Ltd - LRE - Donnelly Gas Plant 06-01,211110,n/a,Alberta,7902.355155,2463.403068,199.764950,,,,10565.523173,
2024,G11156,2097,Diageo Canada Inc. - Gimli Plant,312140,Gimli,Manitoba,24208.576000,15.578640,109.227700,,,,24333.382340,
2024,G11158,2917,"Kimberly-Clark Inc. - Kimberly Clark, Huntsville Mill",322121,Huntsville,Ontario,15285.970000,8.671740,70.577450,,,,15365.219190,
2024,G11159,10448,Markham District Energy Inc. - Warden Energy Centre,221330,Markham,Ontario,27266.615000,172.365928,178.184940,757.133000,,,28374.298868,
2024,G11161,15739,Alberta  Health Services - Foothills Medical Centre Power Plant,221112,Calgary,Alberta,60493.420000,30.815400,278.621000,,,,60802.856400,
2024,G11162,10804,Region of Peel - North Sheridan Landfill Site (Closed),562110,Mississauga,Ontario,,22077.720000,,,,,22077.720000,2288.420000
2024,G11164,17876,Cavvy Energy - Waterton Complex - Compressor Station W,211110,PINCHER CREEK,Alberta,15774.177400,5500.692400,991.815500,,,,22266.685300,
2024,G11165,3657,Cameco Corporation - BLIND RIVER REFINERY,325189,Blind River,Ontario,14452.957000,9.265200,66.647500,,,,14528.869700,
2024,G11166,21098,Canadian Natural Resources Limited - Lindbergh Custom Treating Facility,211110,BONNYVILLE,Alberta,12569.535420,702.798040,49.986950,,,,13322.320410,
2024,G11167,3107,Labatt Brewing Company Ltd - LA BRASSERIE LABATT,312120,LaSalle,Quebec,6014.388260,1.386728,29.520470,,,,6045.295458,
2024,G11168,5345,Cenovus Energy Inc. - Niton Sweet Gas Plant,211110,Edson,Alberta,12431.536260,3014.646040,720.582700,,,,16166.765000,
2024,G11171,5347,City of Saskatoon - WASTEWATER TREATMENT PLANT,221320,Saskatoon,Saskatchewan,11870.556100,2092.283200,3450.326500,,,,17413.165800,10454.390000
2024,G11172,11576,Toyota Motor Manufacturing Canada Inc. - Toyota Motor Manufacturing Canada Inc. (Woodstock),336110,Woodstock,Ontario,29882.926000,17.001600,166.462400,,,,30066.390000,
2024,G11173,159,Bunge Canada  - BUNGE CANADA - ALTONA PLANT,311224,Altona,Manitoba,42349.612000,23.097200,188.356170,,,,42561.065370,
2024,G11174,4468,Bunge Canada  - BUNGE CANADA - FORT SASKATCHEWAN PLANT,311224,Sturgeon County,Alberta,15849.593600,8.305360,69.909650,,,,15927.808610,
2024,G11175,4896,Bunge Canada  - BUNGE CANADA - HARROWBY PLANT,311224,Russell,Manitoba,31668.009700,17.555440,144.353450,,,,31829.918590,
2024,G11176,1979,Produits forestiers Résolu - Papeterie de Dolbeau,322121,Dolbeau-Mistassini,Quebec,3840.560000,1806.336000,4819.025000,,,,10465.921000,443660.000000
2024,G11177,17247,Whitecap Resources Inc. - Sturgeon 13-07-069-24-W5 GP,211110,Sturgeon Lake,Alberta,9215.564910,2730.717640,289.467450,,,,12235.750000,
2024,G11179,23628,Conifer Energy Inc. - JCWP 7-6,211110,Swan Hills,Alberta,38047.036000,74.902520,249.232500,,,,38371.171020,
2024,G11181,15475,Long Run Exploration Ltd - LRE - Cherhill Gas Plant 02-25,211110,NA,Alberta,7225.707288,2044.323680,604.869920,,,,9874.900888,
2024,G11183,21096,Canadian Natural Resources Limited - Beartrap Custom Treating Facility,211110,BONNYVILLE,Alberta,13480.520070,705.066040,66.350700,,,,14251.936810,
2024,G11186,163,Bunge Canada  - BUNGE CANADA - NIPAWIN PLANT,311224,Nipawin,Saskatchewan,31065.441000,18.209800,150.453220,,,,31234.104020,
2024,G11187,18580,City of Medicine Hat - North East Station 7-15,211110,Cypress County,Alberta,9092.865800,916.804000,61.824500,,,,10071.494300,
2024,G11196,0,Canadian Natural Resources Limited - Wild Hay Gas Battery 13-24,211110,n/a,Alberta,18882.116940,1786.151640,152.496900,,,,20820.765480,
2024,G11200,0,Canadian Natural Resources Limited - Smoky Sweet Gas Plant 07-36,211110,n/a,Alberta,28787.596150,3536.021440,276.864050,,,,32600.481640,
2024,G11203,32981,MRC de La Nouvelle-Beauce - LET de La Nouvelle-Beauce,562210,Frampton,Quebec,93.000000,17288.224520,15.094400,,,,17396.318920,960.966000
2024,G11205,0,Canadian Natural Resources Limited - Ferrier 01-34-040-09 W5M,211110,n/a,Alberta,11268.339040,1376.829440,81.251650,,,,12726.420130,
2024,G11206,5561,Rio Tinto Alcan Inc - Installations Portuaires et Services Ferroviaires,482112,La Baie,Quebec,14100.300000,23.084600,30.326600,7.150000,,,14160.861200,
2024,G11207,22311,Ovintiv Canada ULC - Hythe Comp Stn A-029-H,211110,N/A,British Columbia,18100.026000,2046.072000,146.280000,,,,20292.378000,
2024,G11208,929,Produits forestiers Résolu - Usine de Gatineau,322122,Gatineau,Quebec,47429.440560,472.769108,3147.208900,,,,51049.418568,280578.488000
2024,G11209,6147,Hydro-Québec - Centrale de Kuujjuaq,221112,Kuujjuaq,Quebec,15608.000000,28.868000,47.064000,,,,15683.932000,
2024,G11210,6145,Hydro-Québec - Centrale d'Obedjiwan,221112,Obedjiwan,Quebec,10447.000000,19.322800,31.508500,,,,10497.831300,
2024,G11211,21058,Waste Connections of Canada Inc. - Prairie Green IWMF,562210,Rosser,Manitoba,1040.156000,36841.513240,338.126750,,,,38219.795990,
2024,G11212,2173,Kap Paper Inc. - Kapuskasing Paper Mill,322122,Kapuskasing,Ontario,24522.595000,16856.812000,2443.830000,,,,43823.237000,215544.145000
2024,G11213,6640,Strathcona Resources Ltd. - Cactus Lake Battery,211110,Cactus Lake,Saskatchewan,49402.956900,352.443000,251.477050,,,,50006.876950,
2024,G11215,5255,Cardinal Energy Ltd. - Midale Complex 07-12-06-11W2,211110,WEYBURN,Saskatchewan,14291.675000,3384.360000,1998.100000,,,,19674.135000,
2024,G11216,15385,Karve Energy Inc. - Consort Sweet Gas Plant,211110,Veteran,Alberta,14673.940000,1559.600000,901.000000,,,,17134.540000,
2024,G11217,19309,Peyto Exploration and Development Corporation - Wildhay Cecilia-Kaybob Plant,211110,Swan Hills,Alberta,20284.748204,3900.907752,1480.833250,,,,25666.489206,
2024,G11219,15348,Paramount Resources Ltd. - Leafland Facility,211110,Rocky Mountain House,Alberta,12661.054010,7270.819920,232.839600,,,,20164.713530,
2024,G11220,3503,Air Liquide Canada Inc. - Air Liquide Canada - Hamilton (ASU and H2),325120,Hamilton,Ontario,10056.400000,122.472000,17.490000,,,,10196.362000,
2024,G11221,2524,"Cascades Canada ULC - Cascades Groupe Tissu Candiac, une division de Cascades Canada ULC",322121,Candiac,Quebec,28425.870000,17.185280,132.147550,19.286201,,,28594.489031,
2024,G11225,8743,Graphic Packaging International Canada ULC - Graphic Packaging International Canada ULC - East Angus,322130,East Angus,Quebec,31847.240000,19.404000,140.510950,,,,32007.154950,
2024,G11226,17116,Whitecap Resources Inc. - Everdell 14-20-038-07W5 GP,211110,NA,Alberta,12895.535670,650.080200,770.214550,,,,14315.830420,
2024,G11227,7941,Tolko Industries Ltd. - Armstrong Division,321212,Armstrong,British Columbia,7392.545500,2473.125200,2820.050500,,,,12685.721200,257306.595000
2024,G11228,7939,Tolko Industries Ltd. - Soda Creek,321111,Williams Lake,British Columbia,7409.799600,1319.628800,32.012000,,,,8761.440400,
2024,G11229,5541,"Cascades Canada ULC - Cascades Groupe Tissu Kingsey Falls, une division de Cascades Canada ULC",322291,Kingsey Falls,Quebec,16644.260000,249.507440,144.165300,,,,17037.932740,
2024,G11231,6165,ArcelorMittal Produits Longs Canada s.e.n.c - ArcelorMittal Longueuil,331110,Longueuil,Quebec,23684.514800,13.188840,113.544550,,,,23811.248190,
2024,G11232,17872,Cavvy Energy - Moose Mountain Compressor Station,211110,CALGARY,Alberta,18102.189200,5078.452400,488.580500,,,,23669.222100,
2024,G11233,5308,City of Calgary - Bonnybrook Wastewater Treatment Plant,221320,Calgary,Alberta,19845.000000,9007.600000,25455.105000,,,,54307.705000,32029.000000
2024,G11234,4743,Corporation of the City of London - Greenway Pollution Control Centre,221320,London,Ontario,12615.000000,0.137200,4044.668500,,,,16659.805700,12616.000000
2024,G11235,2760,Weyerhaeuser Company Limited - Drayton Valley Sawmill,321111,Drayton Valley,Alberta,12883.120000,8.400000,51.675000,,,,12943.195000,
2024,G11236,1175,Nutrien (Canada) Holdings ULC - Joffre Nitrogen Operations,325313,Lacombe County,Alberta,18182.940900,59.931760,93.518500,,,,18336.391160,
2024,G11238,0,Canadian Natural Resources Limited - Dunvegan Plant 15-03-081-04 W6M,211110,Fairview,Alberta,17711.954170,2254.679000,129.516100,,,,20096.149270,
2024,G11239,2365,West Coast Reduction Ltd. - Alberta Processing Company,311614,Calgary,Alberta,14697.410000,8.240400,66.753500,,,,14772.403900,
2024,G11240,4910,West Coast Reduction Ltd. - Northern Alberta Processing Company,311614,Edmonton,Alberta,17256.120000,9.620800,78.864000,,,,17344.604800,
2024,G11241,3287,Owens Corning Composite Materials Canada LP - Guelph Glass Plant,327214,Guelph,Ontario,11489.448300,6.316800,53.079500,,,,11548.844600,
2024,G11242,1961,Pratt & Whitney Canada Inc. - Établissement 01,336410,Longueuil,Quebec,10238.499000,3.752000,35.854500,125.411000,,,10403.516500,
2024,G11243,199,FCA Canada Inc. - Etobicoke Casting Plant,331523,Toronto,Ontario,9474.068000,5.247200,44.686950,,,,9524.002150,
2024,G11245,4157,Steel Reef Infrastructure Corp. - Steelman Gas Plant,211110,ESTEVAN,Saskatchewan,40110.645024,5523.047404,228.262785,,,,45861.955213,
2024,G11249,689,TMAX ENERGY LTD. - Pembina  North Gas Plant,211110,DRAYTON VALLEY,Alberta,23198.117000,3665.970000,145.485000,,,,27009.572000,
2024,G11251,7787,"West Fraser Mills Ltd. - Alberta Plywood, a division of West Fraser Mills Ltd.",321212,Edmonton,Alberta,19411.416200,113.506400,98.076500,,,,19622.999100,
2024,G11252,17261,Steel Reef Infrastructure Corp. - Nottingham Gas Plant 07-17-005-32-W1,211110,Nottingham,Saskatchewan,34972.101516,5913.850488,112.559015,,,,40998.511019,
2024,G11253,17605,Canlin Energy Corporation - Centrica Compressor Station 10-10,211110,EDSON,Alberta,9976.366900,802.180400,67.850600,,,,10846.397900,
2024,G11256,5070,Maibec Inc. - East River,321216,East River,Nova Scotia,12493.788000,30.576000,272.155000,,,,12796.519000,13449.000000
2024,G11257,18125,Barrel Oil Corporation - Turin Sour Gas Plant,211110,TURIN,Alberta,16857.270000,1522.640000,113.950000,,,,18493.860000,
2024,G11258,17445,Conifer Energy Inc. - 01-30 South Swan Hills CS,211110,Swan Hills,Alberta,22235.271150,558.194000,142.259950,,,,22935.725100,
2024,G11260,3757,Taqa North Ltd. - PETRO-CAN WHITECOURT,211110,WHITECOURT,Alberta,18171.652240,1457.736000,109.445000,,,,19738.833240,
2024,G11262,0,Canadian Natural Resources Limited - Teepee Creek Plant 07-02-074-04 W6M,211110,n/a,Alberta,12010.809110,806.845200,53.646600,,,,12871.300910,
2024,G11264,25287,Pembina Pipeline Corporation - Chime 08-13,211110,Greenview,Alberta,7504.260740,2792.913760,539.489650,,,,10836.664150,
2024,G11265,0,Cenovus Energy Inc. - Alder Flats Sweet Gas Plant,211110,n/a,Alberta,14372.783200,11059.843480,713.088500,,,,26145.715180,
2024,G11266,0,Cenovus Energy Inc. - Ferrier Comp Stn 13-17,211110,n/a,Alberta,10621.277580,2374.930600,475.622000,,,,13471.830180,
2024,G11267,18655,Gran Tierra Canada Ltd. - Hoadley Comp Station 08-06,211110,n/a,Alberta,9606.496579,2684.793692,228.640145,,,,12519.930416,
2024,G11269,0,BTG Energy Inc - Medicine River Sour Gas Plant,211110,n/a,Alberta,9111.354800,1033.816000,54.669500,,,,10199.840300,
2024,G11271,0,Cenovus Energy Inc. - Peco Sweet Gas Plant,211110,n/a,Alberta,20558.050080,6394.350480,731.206550,,,,27683.607110,
2024,G11275,6626,Pine Cliff Energy Ltd. - Viking Sweet Gas Plant,211110,n/a,Alberta,15549.645300,4524.483600,438.257000,,,,20512.385900,
2024,G11276,0,Cenovus Energy Inc. - Wapiti Comp Station 07-23,211110,n/a,Alberta,20393.570500,9430.588720,570.248200,,,,30394.407420,
2024,G11277,18793,Vermilion Energy Inc. - Carrot Creek Gas Plant,211110,n/a,Alberta,14807.906400,1571.488800,92.856000,,,,16472.251200,
2024,G11279,18804,Spartan Delta Corp. - Brazeau Comp Stn 02-10,221210,CALGARY,Alberta,15812.340000,1592.360000,1083.850000,,,,18488.550000,
2024,G11280,16498,Lynx Energy ULC - Hussar Crowfoot Comp Stn 01-36,211110,n/a,Alberta,6602.924335,3462.934636,184.219255,,,,10250.078226,
2024,G11281,16512,Lynx Energy ULC - Hussar Crowfoot Sweet Gas Plant 14-01,211110,n/a,Alberta,11875.505981,4716.683608,376.430380,,,,16968.619969,
2024,G11283,19562,Ovintiv Canada ULC - Hythe Gas Battery 15-31,211110,n/a,Alberta,10649.048100,3270.517600,1326.881500,,,,15246.447200,
2024,G11284,16711,Lynx Energy ULC - Redland Comp Stn 11-19,211110,n/a,Alberta,9588.931004,3362.277576,271.482695,,,,13222.691275,
2024,G11285,16532,Lynx Energy ULC - Redland Sweet Gas Plant (01-20),211110,n/a,Alberta,11362.071792,1980.862772,680.207565,,,,14023.142129,
2024,G11288,16562,Torxen Energy Ltd. - Countess Makepeace Sweet Gas Plant 12-33-022-18W4,211110,n/a,Alberta,10955.882070,1102.845240,712.179550,,,,12770.906860,
2024,G11290,16572,Torxen Energy Ltd. - Bassano Lathom Comp Stn 10-23-020-18W4,211110,n/a,Alberta,10237.317880,2466.781800,391.829000,,,,13095.928680,
2024,G11294,16761,IPC Canada Ltd. - Suffield A2 Sour Gas Plant,211110,n/a,Alberta,12855.195110,2031.279880,188.340800,,,,15074.815790,
2024,G11296,16737,IPC Canada Ltd. - Suffield CD Comp Stn 01-04,211110,n/a,Alberta,8624.318570,2896.618480,241.354050,,,,11762.291100,
2024,G11297,16736,IPC Canada Ltd. - Suffield D Comp Stn 01-04,211110,n/a,Alberta,12522.188900,2872.797480,633.575250,,,,16028.561630,
2024,G11298,21453,IPC Canada Ltd. - Suffield E Comp Stn 04-03,211110,n/a,Alberta,9451.949150,1012.850440,691.888500,,,,11156.688090,
2024,G11302,500366,Waste Management of Canada Corporation - BLENHEIM LANDFILL,562210,Blenheim,Ontario,,14458.080000,,,,,14458.080000,
2024,G11303,21755,Peyto Exploration and Development Corporation - Peyto Wildhay 04-21-055-23W5,211110,n/a,Alberta,37837.213946,10770.135040,924.586855,,,,49531.935841,
2024,G11304,19085,Peyto Exploration and Development Corporation - Peyto Kakwa 02-11-060-04W6,211110,n/a,Alberta,11472.673313,3230.602816,245.759675,,,,14949.035804,
2024,G11307,0,Canadian Natural Resources Limited - Ferrier 01-20-039-07 W5M,211110,n/a,Alberta,15046.485810,1185.250360,688.265950,,,,16920.002120,
2024,G11309,0,Canadian Natural Resources Limited - GoodFish South Sour Gas Plant 03-32,211110,n/a,Alberta,10513.023150,873.718720,68.375300,,,,11455.117170,
2024,G11311,0,Canadian Natural Resources Limited - Eaglesham Culp 05-34-078-25 W5M,211110,n/a,Alberta,10379.576430,999.537000,85.062350,,,,11464.175780,
2024,G11315,3476,FCA Canada Inc. - FCA Canada Inc. - Windsor Assembly Plant,336110,Windsor,Ontario,51237.910803,28.297584,232.788985,,,,51498.997372,
2024,G11319,1145,Cameco Corporation - Port Hope Conversion Facility,325189,Port Hope,Ontario,22425.560000,14.352800,103.641500,,,,22543.554300,
2024,G11320,0,Canadian Natural Resources Limited - South Wapiti 16-36,211110,n/a,Alberta,12463.750120,3791.522840,190.919250,,,,16446.192210,
2024,G11322,0,London Health Sciences Centre - Victoria Hospital,622111,London,Ontario,47105.000000,26.068000,215.975000,,,,47347.043000,
2024,G11324,24195,ATCO Next Energy Ltd. - Alberta Hub Gas Storage Facility,211110,PEERS,Alberta,11713.682400,3642.044336,77.083465,,,,15432.810201,
2024,G11325,24226,North West Terminal Ltd. (NWT) - NW Pure Alcohol and Spirits,325190,UNITY,Saskatchewan,23889.641600,12.986064,104.575095,,,,24007.202759,
2024,G11326,24141,Tourmaline Oil Corp - Hinton Gas Plant (06-32-51-25W5) - TOU,211110,Hinton,Alberta,18904.503520,3012.642640,128.498500,,,,22045.644660,
2024,G11327,24251,Tourmaline Oil Corp - Horse 16-17-058-26W5 Compressor,211110,Hinton,Alberta,59643.373430,5910.811200,397.746450,,,,65951.931080,
2024,G11328,17040,Canadian Natural Resources Limited - Warner Oil Battery 04-20-007-16W4,211110,Wrentham,Alberta,11566.502050,21.223440,55.912350,,,,11643.637840,
2024,G11330,18950,Caledonian Midstream - Moose Mountain Oil Battery 02-23-023-07W5,211110,Bragg Creek,Alberta,13615.473000,1499.755600,79.526500,,,,15194.755100,
2024,G11331,24225,Richardson Oilseed Ltd. - Yorkton,311224,Yorkton,Saskatchewan,78402.360000,43.584800,357.776500,,,,78803.721300,
2024,G11335,6519,Olymel S.E.C.  - Olymel S.E.C. Red Deer,311617,Red Deer,Alberta,18873.252200,80.564400,53.408365,716.674000,,,19723.898965,
2024,G11337,,GFL Environmental Inc.  - Camrose Regional Landfill,562210,Camrose,Alberta,131.749700,18475.347324,135.436465,,,,18742.533489,267.880000
2024,G11339,11893,Regional Municipality of Niagara - Niagara Road 12 Landfill Site,562210,West Lincoln,Ontario,14.859000,26560.975840,0.066250,,,,26575.901090,
2024,G11340,11892,Regional Municipality of Niagara - Bridge Street Landfiil Site,562210,Fort Erie,Ontario,,28111.356000,,,,,28111.356000,
2024,G11341,0,Regional Municipality of Niagara - Elm Street Landfill Site,562210,Port Colborne,Ontario,,12499.312000,,,,,12499.312000,
2024,G11344,16720,Tourmaline Oil Corp - Wilson Creek 15-13-043-04W5 Compressor,211110,na,Alberta,16746.748240,4964.112440,2153.496000,,,,23864.356680,
2024,G11345,17782,Westbrick Energy Ltd (1) - Brazeau Office 01-01,211110,Clearwater County,Alberta,42335.991600,4018.588000,286.745900,,,,46641.325500,
2024,G11348,25026,Strathcona Resources Ltd. - GROUNDBIRCH GP 06-19-080-20W6,211110,Groundbirch,British Columbia,21733.840360,1560.593160,175.530700,,,,23469.964220,
2024,G11349,21865,Teine Energy Ltd. - BP CHAUVIN SOUTH 12-19,211110,n/a,Alberta,2221.430300,216.612480,16.159700,,,,2454.202480,
2024,G11351,0,Canadian Natural Resources Limited - BCBT0000720,211110,n/a,British Columbia,33681.134800,6019.277320,271.134750,,,,39971.546870,
2024,G11355,,Obsidian Energy Ltd. - Esther Sweet Gas Plant 13-19,211110,n/a,Alberta,8965.812769,1780.705304,60.190775,,,,10806.708848,
2024,G11357,26251,PETRONAS Energy Canada Ltd. - Town North B-070-C/094-G-01,211110,Fort St. John,British Columbia,22050.797500,711.426800,143.153000,,,,22905.377300,
2024,G11360,18126,Pembina Pipeline Corporation - Younger NGL Extraction Plant,211110,TAYLOR,British Columbia,55255.052980,10588.848480,75.713150,,,,65919.614610,
2024,G11361,25110,Welded Tube of Canada Corp - Welded Tube (Q&T Plant),331210,Welland,Ontario,12108.489900,6.819820,70.041090,,,,12185.350810,
2024,G11362,19546,La Cie Matériaux de Construction BP Canada - BPCO Edmonton,324122,Edmonton,Alberta,21057.050000,11.625600,98.845000,,,,21167.520600,
2024,G11363,5200,Waste Connections of Canada Inc. - Chaparral Landfill,562210,Calgary,Alberta,103.452000,34974.598820,0.824680,,,,35078.875500,
2024,G11366,18841,Surge Energy Inc. - Valhalla Oil Battery 06-18,211110,La Glace,Alberta,5829.923200,6474.277600,378.499500,,,,12682.700300,
2024,G11368,3158,Valbruna ASW Inc. - Valbruna ASW Inc.,331110,Welland,Ontario,17922.193700,7.537600,64.660000,,,,17994.391300,
2024,G11372,29060,ORLEN Upstream Canada Ltd. - Kakwa Sour Gas Processing Plant 16-07-063-05W6,211110,NA,Alberta,46583.268200,5573.240400,2103.206950,,,,54259.715550,
2024,G11375,26132,Alamos Gold Incorporated - Young-Davidson,212220,Matachewan,Ontario,22512.385000,25.760000,82.945000,,,,22621.090000,2077.900000
2024,G11377,27982,PETRONAS Energy Canada Ltd. - Caribou D-032-C Super Battery,211110,Fort St. John,British Columbia,20743.923600,1985.334400,136.104000,,,,22865.362000,
2024,G11378,27985,PETRONAS Energy Canada Ltd. - Lily B-038-J/094-G-02,211110,Fort St. John,British Columbia,31689.780000,1294.252400,212.715500,,,,33196.747900,
2024,G11379,26194,Tourmaline Oil Corp - Huron 15-34-079-17W6 Compressor,211110,Taylor,British Columbia,21810.150470,2358.834240,173.646550,,,,24342.631260,
2024,G11380,26207,ORLEN Upstream Canada Ltd. - Ferrier Compressor Station 04-13-039-09W5,211110,NA,Alberta,36296.012000,4102.994000,1776.469900,,,,42175.475900,
2024,G11382,27059,Canadian Royalties inc. - Projet Nunavik Nickel,212232,Kattiniq,Quebec,116346.750000,176.803200,6652.521310,49.704505,,,123225.779015,
2024,G11385,5380,Aquatera Utilities Inc. - Aquatera Grande Prairie WWTP (and Landfill),221320,Grande Prairie,Alberta,2908.210000,30325.960000,896.442000,,,,34130.612000,4626.000000
2024,G11386,29941,City of St. John's - Robin Hood Bay Regional Waste Management Facility,562210,St. John's,Newfoundland and Labrador,,73037.132000,12.428500,,,,73049.560500,25583.000000
2024,G11387,26195,Tourmaline Oil Corp - Anderson Gas Plant (01-09-051-24W5) - TOU,211110,Hinton,Alberta,18435.297230,1528.237760,123.415800,,,,20086.950790,
2024,G11388,26472,GFL Environmental Inc. - Eastern Ontario Waste Handling Facility – Landfill,562210,Moose Creek,Ontario,,84400.839600,78.609600,,,,84479.449200,161963.000000
2024,G11389,26259,BHP Canada Inc. - Jansen Project,212396,Saskatoon,Saskatchewan,19718.336590,10.518452,132.841585,,,182.407000,20044.103627,122.880841
2024,G11390,4330,Canada Pipe Co Ltd. - Fonderie Bibby Sainte-Croix,331511,Sainte-Croix,Quebec,12530.180000,11.200000,111.300000,,,,12652.680000,
2024,G11391,0,ARC RESOURCES LTD. - Ante Creek North Sweet Gas Plant 10-07,211110,n/a,Alberta,39718.691200,2771.055000,2277.574300,,,,44767.320500,
2024,G11392,22540,Westbrick Energy Ltd (1) - Vero Edson Sweet Gas Plant 12-15-053-15W5,211110,n/a,Alberta,19731.801600,2405.494000,133.856800,,,,22271.152400,
2024,G11394,27014,Steel Reef Infrastructure Corp. - Leitchville Sour Gas Plant,211110,n/a,Saskatchewan,20540.949263,3673.441548,82.291510,,,,24296.682321,
2024,G11397,26403,Fort Hills Energy L.P. - Fort Hills Oil Sands,211142,Fort McMurray,Alberta,2603223.955300,7305.984000,24903.030500,443.634100,14.672190,1303.850500,2637195.126590,938.611900
2024,G11398,26405,Ferrero Canada Limited - Ferrero Canada Limited,311351,Brantford,Ontario,28112.186400,15.450400,129.797000,,,,28257.433800,
2024,G11402,27981,PETRONAS Energy Canada Ltd. - Altares D-097-G/094-B-08,211110,Fort St. John,British Columbia,18205.630000,741.288800,116.520500,,,,19063.439300,
2024,G11404,27858,PETRONAS Energy Canada Ltd. - W Gundy B-032-B/094-B-16,211110,Fort St. John,British Columbia,30953.213400,1024.105600,204.951000,,,,32182.270000,
2024,G11405,27984,PETRONAS Energy Canada Ltd. - Lily A-29-J Gas Plant,211110,Fort St. John,British Columbia,14736.916800,970.835600,86.734500,,,,15794.486900,
2024,G11407,25220,Whitecap Resources Inc. - Resthaven 02-10-060-01W6 GGS,211110,n/a,Alberta,25822.253720,4866.039080,732.992650,,,,31421.285450,
2024,G11409,27866,Greenfire Resources Operating Corporation - Hangingstone Expansion Project,211141,RM OF WOOD BUFFALO,Alberta,530170.414100,973.389200,2471.787500,,,,533615.590800,
2024,G11411,28035,Cenovus Energy Inc. - Golden Lake Oil Multi Well Battery 14-13-047-23W3,211110,Maidstone,Saskatchewan,10901.037800,1412.894000,43.831000,,,,12357.762800,
2024,G11412,27700,IPC Canada Ltd. - Ferguson Oil Bty 1-21-3-17W4,211110,MILK RIVER,Alberta,10840.136470,859.540640,37.722750,,,,11737.399860,
2024,G11413,27699,IPC Canada Ltd. - Ferguson Compressor Station 03-25-003-17W4,211110,WARNER,Alberta,43057.277650,10960.820080,2859.289050,,,,56877.386780,
2024,G11415,27548,Pacific Canbriam Energy Limited - Altares Gas Plant b-24-H,211110,n/a,British Columbia,26887.460120,4326.931000,216.247950,,,,31430.639070,
2024,G11416,29865,Linde Canada Inc. - Sarnia CO2 & Dry Ice Plant,325120,Sarnia,Ontario,16224.660000,217.280000,,,,,16441.940000,
2024,G11418,28047,Tourmaline Oil Corp - Wildhay Gas Plant (11-16-055-24W5) - TOU,211110,n/a,Alberta,47351.763010,4131.940680,315.514300,,,,51799.217990,
2024,G11421,0,Sinopec Canada - Wapiti Comp stn 15-09,211110,Wapiti,Alberta,40272.605840,2261.730520,2291.971750,,,,44826.308110,
2024,G11423,27917,Veolia ES Canada Services Industriels Inc. - Veolia ES Canada Services Industriels inc.,562910,St-Hyacinthe,Quebec,17002.850000,170.912000,87.185000,,,,17260.947000,
2024,G11425,27752,ArcelorMittal Infrastructure Canada s.e.n.c. - Installations portuaires de Port-Cartier,488310,Port-Cartier,Quebec,15604.685000,18.421200,438.257000,,,,16061.363200,
2024,G11426,28719,PETRONAS Energy Canada Ltd. - Julienne A-005-I/094-G-02,211110,Fort St John,British Columbia,40703.410100,4828.955600,273.851000,,,,45806.216700,
2024,G11427,28713,PETRONAS Energy Canada Ltd. - Sasquatch B-32-E,211110,Fort St John,British Columbia,18930.379600,834.556800,112.943000,,,,19877.879400,
2024,G11428,28717,PETRONAS Energy Canada Ltd. - Gundy D-004-H/094-B-16,211110,Fort St John,British Columbia,26438.347600,918.159200,170.686500,,,,27527.193300,
2024,G11430,28724,PETRONAS Energy Canada Ltd. - Jedney A-065-I/094-G-01,211110,Fort St John,British Columbia,11361.739600,1147.305600,71.974000,,,,12581.019200,
2024,G11431,28723,PETRONAS Energy Canada Ltd. - North Beg D-045-D/094-G-08,211110,Fort St John,British Columbia,17831.044200,2455.311600,114.718500,,,,20401.074300,
2024,G11432,28657,Tourmaline Oil Corp - Sundown B-067-H/093-P-10 Sweet Compressor,211110,Dawson Creek,British Columbia,59620.134710,6365.404080,479.938850,,,,66465.477640,
2024,G11433,28516,Tourmaline Oil Corp - Jedney C-007-H/094-G-01 Compressor,211110,n/a,British Columbia,10303.269570,979.982920,77.520450,,,,11360.772940,
2024,G11434,15555,Highwood Oil Company Ltd. - Brazeau CS 06-27-047-14W5,211110,Cynthia,Alberta,20019.963000,2101.104320,129.050760,,,,22250.118080,
2024,G11437,28494,Baytex Energy Ltd - Kerrobert 01-01-033-24W3,211110,Kerrobert,Saskatchewan,76629.413650,283.719800,361.555400,,,,77274.688850,
2024,G11439,28627,Maple Leaf Foods Inc. - Maple Leaf Foods - Heritage,311614,Hamilton,Ontario,14739.271900,8.098692,68.045110,,,,14815.415702,
2024,G11440,22105,Whitecap Resources Inc. - Kaybob 15-07-060-18W5 GP,211110,n/a,Alberta,21941.270510,352.289280,93.587400,,,,22387.147190,
2024,G11443,28646,NuVista Energy Ltd. - Wapiti Gas Gathering 03-36,211110,Calgary,Alberta,53614.798180,14715.155840,363.516400,,,,68693.470420,
2024,G11448,28618,Kelt Exploration - Laglace Oil Battery 14-29-074-08W6,211110,n/a,Alberta,8475.915850,5749.346960,180.385500,,,,14405.648310,
2024,G11449,500315,Regional Municipality of Niagara - Mountain Road Landfill,562210,Niagara Falls,Ontario,,49401.800000,,,,,49401.800000,
2024,G11451,28621,Keyera Corp - Cynthia GP & Bty,211110,Cynthia,Alberta,35869.903300,2986.026680,342.615850,,,,39198.545830,
2024,G11452,28748,ARC RESOURCES LTD. - Kakwa 01-02-064-05W6,211110,Kakwa,Alberta,18716.371970,5562.919880,470.735400,,,,24750.027250,
2024,G11453,28749,ARC RESOURCES LTD. - Kakwa 07-04-064-05W6,211110,Kakwa,Alberta,27298.709240,9011.214800,2155.820050,,,,38465.744090,
2024,G11454,28746,ARC RESOURCES LTD. - Kakwa 13-08-064-04W6,211110,Kakwa,Alberta,25851.429810,8625.780240,672.517000,,,,35149.727050,
2024,G11455,28747,ARC RESOURCES LTD. - Kakwa 16-29-064-05 W6M,211110,Kakwa,Alberta,29668.023890,8329.805960,722.379400,,,,38720.209250,
2024,G11456,28437,PGI Processing ULC - Kaybob 15-28,211110,KAYBOB,Alberta,7999.952010,2192.675800,856.350150,,,,11048.977960,
2024,G11457,24548,CSV Midstream Solutions - Karr Sour Gas Processing Plant,211110,Calgary,Alberta,161165.435600,15113.554400,7392.413500,,,,183671.403500,
2024,G11458,28703,"ARC RESOURCES LTD. - Kakwa 16-21-063-04W6 ",211110,Kakwa,Alberta,30399.832690,8607.656400,2891.878750,,,,41899.367840,
2024,G11459,28709,Pembina Pipeline Corporation - Musreau II 09-26-062-6W6,211110,n/a,Alberta,32038.566970,6890.615480,2199.333050,,,,41128.515500,
2024,G11460,28642,Strathcona Resources Ltd. - Plover SAGD 06-22,211110,-,Saskatchewan,44380.400000,23.508800,209.800500,,,,44613.709300,
2024,G11461,28771,Tourmaline Oil Corp - Spirit River Gas Plant (03-10-077-07W6) - TOU,211110,Grand Prairie,Alberta,77424.515070,6006.748440,514.961250,,,,83946.224760,
2024,G11462,28184,Ovintiv Canada ULC - Pipestone Comp Stn 16-34,211110,n/a,Alberta,35767.153700,10131.427600,4594.517000,,,,50493.098300,
2024,G11463,28775,Tourmaline Oil Corp - Harley 08-10-057-27W5 Compressor,211110,Grand Cache,Alberta,21593.588380,2015.363560,144.705900,,,,23753.657840,
2024,G11464,29018,Ovintiv Canada ULC - Saturn Gas Plant 15-27,211110,N/A,British Columbia,23725.503000,2913.540000,147.605000,,,,26786.648000,
2024,G11465,0,PETRONAS Energy Canada Ltd. - Town B-008-I Super Battery,211110,n/a,British Columbia,193040.800200,7199.740800,1282.096500,,,,201522.637500,
2024,G11469,28915,Crew Energy Inc. - Wilder Sweet Gas Plant 10-14,211110,n/a,British Columbia,65595.029480,6628.007680,519.972400,,,,72743.009560,
2024,G11470,6116,DND/ MDN - BS 2 DIV C/ 2 CDSB (Valcartier),911110,Courcelette,Quebec,24367.114900,18.720800,316.834000,,,,24702.669700,
2024,G11471,29162,Kelt Exploration - Kelt Pouce Coupe 103/06-33-077-11W6M,211110,Pouce Coupe,Alberta,30054.766270,9933.182840,3099.177650,,,,43087.126760,
2024,G11472,29004,De Beers Group - Gahcho Kue Mine,212392,KENNADY LAKE,Northwest Territories,142324.322000,109.200000,402.535000,,,,142836.057000,
2024,G11474,16531,Lynx Energy ULC - Redland South Comp Station 06-04,211110,n/a,Alberta,10104.844175,4180.536192,276.547640,,,,14561.928007,
2024,G11475,23729,Westbrick Energy Ltd (1) - PFI Carrot Creek Comp Stn 08-36-051-14W5,211110,n/a,Alberta,10016.018800,2246.554800,82.709150,,,,12345.282750,
2024,G11476,28916,NuVista Energy Ltd. - Wapiti Gas Battery 08-10,211110,Calgary,Alberta,63399.124650,16576.637560,396.156450,,,,80371.918660,
2024,G11477,28991,IPC Canada Ltd. - Onion Lake Thermal 14-05-056-27W3,211110,onion lake,Saskatchewan,389727.526030,19155.999240,1094.680550,,,,409978.205820,
2024,G11478,6446,Carrier et Bégin inc. - Carrier et Bégin inc.,321111,Saint-Honoré-de-Shenley,Quebec,16696.400000,131.600000,265.000000,,,,17093.000000,14273.200000
2024,G11479,5657,GFL Environmental Inc.  - Stoney Creek Regional Facility,562210,Stoney Creek,Ontario,,1345.331596,,,,,1345.331596,
2024,G11480,26616,Tourmaline Oil Corp - Ansell Gas Plant (01-34-51-18W5) - TOU,211110,Ansell,Alberta,25937.052330,3034.388840,172.819750,,,,29144.260920,
2024,G11481,29119,Tourmaline Oil Corp - Edson Gas Plant (04-17-051-18W5) - TOU,211110,Edson,Alberta,38256.036500,3065.533240,255.828350,,,,41577.398090,
2024,G11482,29037,Mancal Energy Inc. - Mancal Zeta 11-10-049-12W5 Gas Plant,211110,Drayton Valley,Alberta,20905.680140,5942.045480,2404.241650,,,,29251.967270,
2024,G11483,27978,Spartan Delta Corp. - Alder Flats Gas Plant 10-09,211110,CALGARY,Alberta,33249.910270,7216.638800,499.737000,,,,40966.286070,
2024,G11484,25221,CSV Midstream Solutions - 13-11-062-27 W5M Simonette,211110,Grand Prairie,Alberta,20877.590800,6802.759600,534.584500,,,,28214.934900,
2024,G11486,29120,Tourmaline Oil Corp - Tourmaline 12-06-081-07-W6,211110,Blueberry Mountain,Alberta,21598.606410,1907.610600,146.015000,,,,23652.232010,
2024,G11490,0,Sunnybrook Health Sciences Centre - Sunnybrook Health Sciences Centre,622111,Toronto,Ontario,46517.190000,25.412800,223.024000,,,,46765.626800,
2024,G11491,0,Kildair Service ULC - Kildair Sorel-Tracy Terminal,412110,Sorel-Tracy,Quebec,14951.400000,9.195200,85.648000,,,,15046.243200,
2024,G11492,2456,W. R. Grace Canada Corp. - W.R. Grace Canada Corp.,325999,Salaberry-de-Valleyfield,Quebec,30153.727000,20.246800,175.112000,,,,30349.085800,
2024,G11493,29533,Tourmaline Oil Corp - Aitken Creek Sour Gas Plant (c-038-C/94-H-04) - TOU,211110,n/a,British Columbia,99335.521970,10062.203760,713.430350,,,,110111.156080,
2024,G11494,29217,Strathcona Resources Ltd. - Edam CPF 06-11-048-19 W3M,211110,Vawn,Saskatchewan,182455.002150,14738.505320,1209.195000,,,,198402.702470,
2024,G11495,29386,Cenovus Energy Inc. - Edam West Thermal 11-19-048-20W3,211110,LLOYDMINSTER,Saskatchewan,125563.207800,787.057600,175.589000,,,,126525.854400,
2024,G11496,29548,New Gold Inc.  - Rainy River Mine,212220,Emo,Ontario,100652.634000,217.140000,2258.065000,454.513500,,,103582.352500,4754.393000
2024,G11497,29402,Tourmaline Oil Corp - Birley Umbach a72 Compressor (a-072-F/094-H-03) - TOU,211110,Beatton River,British Columbia,15829.542550,1919.235360,114.159350,,,,17862.937260,
2024,G11498,29399,AltaGas Ltd. - Townsend Gas Plant,211110,N/A,British Columbia,177547.801500,4919.643120,760.637450,,,,183228.082070,
2024,G11499,0,PETRONAS Energy Canada Ltd. - BUBBLES A-053-B/094-G-08,211110,Fort St. John,British Columbia,22763.818300,801.063200,142.384500,,,,23707.266000,
2024,G11500,29419,Cascades Canada ULC - Cascades Lachute,322121,Lachute,Quebec,10478.152800,6.676376,70.841390,,,,10555.670566,
2024,G11501,0,North Bay Regional Health Centre - NBRHC,622111,North Bay,Ontario,11774.390000,3.606400,32.038500,,,,11810.034900,
2024,G11502,29509,Steel Reef Infrastructure Corp. - Alameda Sour Gas Plant 16-08,211110,ALAMEDA,Saskatchewan,25326.366876,1413.625836,133.878265,,,,26873.870977,
2024,G11504,29485,ARC RESOURCES LTD. - Kakwa 16-23-063-05 W6M,211110,Kakwa,Alberta,12394.807430,3565.369360,290.842800,,,,16251.019590,
2024,G11505,29486,ARC RESOURCES LTD. - Kakwa 08-06-064-04W6,211110,Kakwa,Alberta,42927.371380,12366.815160,2728.023950,,,,58022.210490,
2024,G11506,29488,ARC RESOURCES LTD. - Kakwa 02-31-063-04W6,211110,Kakwa,Alberta,59948.206960,17152.398200,3658.600600,,,,80759.205760,
2024,G11507,29489,ARC RESOURCES LTD. - Kakwa 04-14-064-05W6,211110,Kakwa,Alberta,28255.923900,8044.912960,1602.417900,,,,37903.254760,
2024,G11511,16521,Pine Cliff Energy Ltd. - Pancan Alderson Monogram 13-14,211110,n/a,Alberta,8598.042300,2645.697600,465.578500,,,,11709.318400,
2024,G11512,17319,Pine Cliff Energy Ltd. - Homestead Hatton 14-2 Battery,211110,N/A,Saskatchewan,14961.435400,4602.654000,995.976000,,,,20560.065400,
2024,G11513,29761,K+S Potash Canada General Partnership - Bethune Mine,212396,BETHUNE,Saskatchewan,754083.372500,543.079600,3417.784500,,,,758044.236600,
2024,G11514,29557,Tourmaline Oil Corp - Wild River 11-22-055-24W5 Compressor,211110,CALGARY,Alberta,11261.610990,973.099680,76.722800,,,,12311.433470,
2024,G11515,29558,Tourmaline Oil Corp - Cecilia Gas Plant (15-04-058-23W5) - TOU,211110,CALGARY,Alberta,25484.870430,2545.957960,169.210450,,,,28200.038840,
2024,G11516,29561,Tourmaline Oil Corp - Columbia Gas Plant (15-36-044-15W5) - TOU,211110,CALGARY,Alberta,49319.414260,4542.722520,330.356950,,,,54192.493730,
2024,G11517,29575,Pembina Pipeline Corporation - Redwater Fractionation Site Facility II (RFS II),211110,Gibbons,Alberta,273281.565320,722.662920,1378.148400,,,,275382.376640,
2024,G11518,29586,Journey Energy Inc. - Ante Creek Multi-Well Gas Battery 05-26-066-24W5,211110,VALLEY VIEW,Alberta,25371.737600,3790.239600,165.439500,,,,29327.416700,
2024,G11519,29606,Les diamants Stornoway inc. - Mine Renard,212392,Baie-James,Quebec,24941.136000,131.964000,720.005000,,,,25793.105000,
2024,G11520,0,Canadian Natural Resources Limited - Horse Sweet Gas Plant 14-23-058-26W5,211110,n/a,Alberta,24181.604690,2552.219600,193.503000,,,,26927.327290,
2024,G11521,29814,North West Redwater Partnership - Sturgeon Refinery,324110,Gibbons,Alberta,701645.890196,5494.072472,2596.943555,,,,709736.906223,
2024,G11523,0,Comox Valley Regional District - Comox Valley Waste Management Centre,562210,Cumberland,British Columbia,374.000000,11396.140000,1.192500,,,,11771.332500,3178.000000
2024,G11524,0,Comox Valley Regional District - Campbell River Waste Management Centre,562210,Campbell River,British Columbia,,18060.000000,,,,,18060.000000,318.000000
2024,G11525,0,"City of Wetaskiwin - City of Wetaskiwin Landfill ",562210,Wetaskiwin,Alberta,93.590000,10551.884000,32.065000,,,,10677.539000,1311.600000
2024,G11526,0,Canadian Natural Resources Limited - Tooga Gas Plant B-031-I,211110,Peace River,British Columbia,15750.300880,2994.666920,127.692900,,,,18872.660700,
2024,G11527,0,Flagstaff Regional Solid Waste Management - Flagstaff Waste Regional Landfill,562210,Sedgewick,Alberta,2241.000000,22870.400000,1395.490000,,,,26506.890000,
2024,G11528,29621,ARC RESOURCES LTD. - Dawson Sour Gas Plant 13-07,211110,Dawson Creek,British Columbia,40876.315610,4512.278960,316.555750,,,,45705.150320,
2024,G11530,0,Alberta  Health Services - South Health Campus,622111,Calgary,Alberta,18282.110000,9.520000,395.645000,,,,18687.275000,
2024,G11531,0,Tundra Oil & Gas Limited - Sinclair 03-04-008-29 W1M,211110,Sinclair,Manitoba,4524.500000,194.880000,13.250000,,,,4732.630000,
2024,G11535,0,Tundra Oil & Gas Limited - Waskada 15-21-001-25 W1M,211110,Waskada,Manitoba,13411.910000,1289.120000,47.700000,,,,14748.730000,
2024,G11537,0,Alberta  Health Services - Rockyview General Hospital,622111,Calgary,Alberta,10336.900000,5.600000,949.495000,,,,11291.995000,
2024,G11538,31680,Cenovus Energy Inc. - Dee Valley EOR Facility 09-09-049-22W3,211110,Dee Valley,Saskatchewan,345.694200,154.386120,1.301150,,,,501.381470,
2024,G11539,29803,Ovintiv Canada ULC - Tower Gas Plant 03-07-081-17W6,211110,N/A,British Columbia,16358.940000,2327.024000,108.915000,,,,18794.879000,
2024,G11540,0,National Research Council Canada - 1200 Montreal Road Campus,911910,Ottawa,Ontario,16098.160000,8.960000,7.950000,,,,16115.070000,
2024,G11542,0,Canadian Natural Resources Limited - Cliffdale Oil Battery 03-25-084-17W5,211110,Peace River,Alberta,14550.508880,1383.604600,87.473850,,,,16021.587330,
2024,G11543,32559,MRC de Bellechasse - Service GMR,562210,ARMAGH,Quebec,235.300000,30155.972000,31.005000,,,,30422.277000,1360.000000
2024,G11545,0,Régie intermunicipale de gestion des déchets des Chutes-de-la-Chaudière - Lieu d'enfouissement de St-Lambert de Lauzon (LET/LES),562210,Saint-Lambert-de-Lauzon,Quebec,207.786831,19281.797108,46.588325,,,,19536.172264,23201.463917
2024,G11546,27820,Spartan Delta Corp. - Baptiste Comp Stn 06-21,211110,CALGARY,Alberta,24674.150000,4300.710400,1386.649600,,,,30361.510000,
2024,G11548,29836,1916354 Alberta Ltd. - Dumur Industries Assembly Division,336990,Regina,Saskatchewan,0.115349,0.000056,0.000530,,,,0.115935,
2024,G11549,0,Cenovus Energy Inc. - Sand Creek Sour Gas Plant,211110,Calgary,Alberta,27463.737780,5446.055720,1490.680650,,,,34400.474150,
2024,G11551,29917,Cenovus Energy Inc. - Mervin EOR Central Facility 11-36-049-20W3,211110,Turtle River,Saskatchewan,9539.397252,6573.944440,62.306800,,,,16175.648492,
2024,G11552,29909,Cenovus Energy Inc. - Lashburn EOR Central Facility 12-01-049-24W3,211110,Eldon,Saskatchewan,7194.563773,11520.470640,76.921550,,,,18791.955963,
2024,G11557,29891,Cenovus Energy Inc. - EDAM EOR Central Facility 07-24-049-20W3,211110,Turtle River,Saskatchewan,1499.327600,214.411400,7.510100,,,,1721.249100,
2024,G11567,,Saturn Oil & Gas Inc. - Cantuar Oil MWB 15-15,211110,n/a,Saskatchewan,18658.842929,2384.513880,122.774235,,,,21166.131044,
2024,G11568,32257,Steel Reef Infrastructure Corp. - SEEP Ethane Extraction Plant 13-19,211110,n/a,Saskatchewan,11732.016292,4171.232240,186.233785,,,,16089.482317,
2024,G11576,29297,Steel Reef Infrastructure Corp. - Flat Lake Sour Gas Plant 09-16,211110,Weyburn,Saskatchewan,15457.477540,4962.802684,72.200310,,,,20492.480534,
2024,G11590,29636,Steel Reef Infrastructure Corp. - Rapdan Sour Gas Plant 13-01,211110,Swift Current,Saskatchewan,17732.014375,4079.634832,44.470180,,,,21856.119387,
2024,G11593,,Redcliff Cypress Waste Management Authority - Redcliff Cypress Regional Landfill,562210,Cypress County,Alberta,214.760000,53747.971200,210.410000,,,,54173.141200,
2024,G11594,29888,Tourmaline Oil Corp - Doe Gas Plant (02-11-080-16W6) - TOU,211110,Dawson Creek,British Columbia,87091.399590,9029.146000,657.011850,,,,96777.557440,
2024,G11597,29834,Darling International Canada Inc. - Winnipeg,311614,Winnipeg,Manitoba,14191.789600,7.618800,63.679500,,,,14263.087900,
2024,G11598,0,Drumheller & District Solid Waste Management Association - Drumheller & District Regional Landfill,562210,Drumheller,Alberta,211.194600,27116.706400,0.424000,,,,27328.325000,
2024,G11599,29899,Exxonmobil Canada Properties - Hebron - Hebron Platform,211110,St. John's,Newfoundland and Labrador,424034.720000,11082.400000,2626.945000,,,,437744.065000,
2024,G11601,0,Regional Municipality of Niagara - Park Road Landfill,562210,GRIMSBY,Ontario,,9559.032000,,,,,9559.032000,
2024,G11602,0,Shell Canada Limited - Quest Carbon Capture and Storage (CCS) Project,211141,Fort Saskatchewan,Alberta,79.812700,22.579200,1.272000,5.838690,,,109.502590,
2024,G11603,29978,Northern Alberta Institute of Technology - NAIT - Main Campus,611510,Edmonton,Alberta,14233.042900,8.604400,85.462500,,,,14327.109800,
2024,G11619,29846,ARC RESOURCES LTD. - Kakwa 12-14-063-05W6,211110,Kakwa,Alberta,54570.612780,14862.609720,2695.545550,,,,72128.768050,
2024,G11620,29820,ARC RESOURCES LTD. - Kakwa 08-07-063-04W6,211110,Kakwa,Alberta,53366.334990,11511.965360,3007.821550,,,,67886.121900,
2024,G11624,0,City of Red Deer - 1972 Landfill (non-operating),562210,Red Deer,Alberta,,39858.840000,7.950000,,,,39866.790000,
2024,G11632,0,Cenovus Energy Inc. - Cutbank Comp Stn 10-36,211110,n/a,Alberta,8234.989460,3371.170880,301.289100,,,,11907.449440,
2024,G11636,0,Regional District of Bulkley-Nechako  - Knockholt Sub-Regional Landfill,562210,"Rural - closest town Houston, BC",British Columbia,76.416543,17071.079004,29.302905,,,,17176.798452,530.320669
2024,G11637,0,Canadian Natural Resources Limited - Ansell Sweet Gas Plant 01-24,211110,n/a,Alberta,24985.685690,2867.872000,202.070450,,,,28055.628140,
2024,G11639,0,Canadian Natural Resources Limited - Cecilia 14-36-057-23 W5M,211110,n/a,Alberta,19024.040680,2064.697600,310.582650,,,,21399.320930,
2024,G11641,0,Canadian Natural Resources Limited - Knopcik Gas Plant 09-10-074-11 W6M,211110,n/a,Alberta,21463.169150,3724.676200,170.323450,,,,25358.168800,
2024,G11642,0,Canadian Natural Resources Limited - Duncan Compressor Station 10-36,211110,n/a,Alberta,10891.541170,3486.103320,74.282150,,,,14451.926640,
2024,G11643,0,Canadian Natural Resources Limited - Chinchaga 01-24-096-05 W6M,211110,n/a,Alberta,15270.930110,1927.164400,121.801950,,,,17319.896460,
2024,G11644,0,Canadian Natural Resources Limited - Tilley West Compressor Station 01-03,211110,n/a,Alberta,9679.376960,1099.711480,66.051250,,,,10845.139690,
2024,G11651,0,City of Medicine Hat - City of Medicine Hat Landfill,562210,Cypress County,Alberta,309.170000,50608.320000,1224.300000,,,,52141.790000,
2024,G11657,35486,Regional District of Nanaimo - Nanaimo Regional Landfill,562210,Nanaimo,British Columbia,701.598000,54611.732000,1.590000,,,,55314.920000,12986.469000
2024,G11665,0,Canadian Natural Resources Limited - Wembley Oil Battery 14-03-073-08W6,211110,n/a,Alberta,18310.438060,3299.253720,137.966950,,,,21747.658730,
2024,G11669,28824,Tourmaline Oil Corp - West Wolf Lake Gas Plant (10-03-052-17W5) - TOU,211110,Edson,Alberta,24411.315900,2651.857040,157.908200,,,,27221.081140,
2024,G11672,0,Manitoba Hydro - Natural Gas Distribution System,221210,Winnipeg,Manitoba,1461.012800,39599.050400,6.439500,,,,41066.502700,
2024,G11675,29883,"St Marys Cement Inc, Usine McInnis - Usine McInnis",327310,Port-Daniel-Gascons,Quebec,1304345.246388,12.146204,26.508480,,,,1304383.901072,
2024,G11676,27372,Saturn Oil & Gas Inc. - BRAZEAU 14-30-45-11W5 MWOB,211110,Brazeau,Alberta,12154.841800,8317.129884,77.675210,,,,20549.646894,
2024,G11677,24656,Saturn Oil & Gas Inc. - INNES GAS PLANT 12-22-7-11-W2,211110,Griffin,Saskatchewan,32266.783864,3647.777112,180.664545,,,,36095.225521,
2024,G11678,0,Newell Regional Solid Waste Management Authority - Newell Regional Landfill,562210,Brooks,Alberta,300.740000,19547.360000,,,,,19848.100000,2313.950000
2024,G11679,0,Canlin Energy Corporation - PETRO-CAN MED HAT #3,211110,Medicine Hat,Alberta,11899.698600,1080.738400,82.839000,,,,13063.276000,
2024,G11680,0,Canlin Energy Corporation - PETRO-CAN ALDERSON,211110,Alderson,Alberta,12656.907800,3928.002400,87.953500,,,,16672.863700,
2024,G11683,,Canlin Energy Corporation - Gilby 2-27 Gas Plant,211110,Gilby,Alberta,10929.560800,705.261200,33.644400,,,,11668.466400,
2024,G11687,0,Canlin Energy Corporation - Turner Valley Battery 6-16,211110,n/a,Alberta,29751.984600,10903.572400,199.658950,,,,40855.215950,
2024,G11689,0,Tourmaline Oil Corp - Morningside 11-35-042-01W5 Compressor,211110,N/A,Alberta,9881.964830,3170.524000,313.847450,,,,13366.336280,
2024,G11691,0,Tourmaline Oil Corp - Marlboro Gas Plant 05-29-055-19W5 (GHGRP),211110,Yellowhead County,Alberta,17874.402950,5555.376960,1578.035250,,,,25007.815160,
2024,G11692,0,Tourmaline Oil Corp - SOUTH ROSEVEAR 11-36-053-15W5 Compressor,211110,N/A,Alberta,7510.853940,2283.680000,207.789150,,,,10002.323090,
2024,G11693,0,Tourmaline Oil Corp - Willesden Green 10-34-040-06W5 Compressor,211110,N/A,Alberta,13974.363790,4851.451640,1193.398350,,,,20019.213780,
2024,G11694,0,Tourmaline Oil Corp - Pine Creek 12-02-056-19W5 Compressor (GHGRP),211110,n/a,Alberta,9300.639260,3562.230280,901.516750,,,,13764.386290,
2024,G11695,0,Tourmaline Oil Corp - Ansell Gas Plant 12-31-050-17W5 (GHGRP),211110,Yellowhead County,Alberta,29806.155940,9271.244640,2673.182200,,,,41750.582780,
2024,G11696,0,Tourmaline Oil Corp - Gilby 03-28-041-04W5 Compressor,211110,Gilby,Alberta,29479.024770,9275.100240,787.357400,,,,39541.482410,
2024,G11697,0,HARVEST OPERATIONS CORP. - BILBO GAS PLANT 4-25-65-7W6,211110,Greenview,Alberta,28833.529700,2755.236400,389.656000,,,,31978.422100,
2024,G11698,31773,Régie régionale de gestion des matières résiduelles de Portneuf - LET de Neuville,562210,Neuville,Quebec,417.000000,53283.944000,53.795000,,,,53754.739000,2158.000000
2024,G11699,16752,Taqa North Ltd. - PCR FERRIER 7-16 COMP.,211110,Calgary,Alberta,21802.100000,3356.360000,145.750000,,,,25304.210000,
2024,G11700,21840,Barrel Oil Corporation - 04-08 Blue Rapids,211110,Drayton Valley,Alberta,21336.500000,4625.320000,145.750000,,,,26107.570000,
2024,G11701,23770,CSV Midstream Solutions - Valhalla Plant 13-21-76-9W6,211110,GRANDE PRAIRIE,Alberta,10620.741700,2112.406800,162.047500,,,,12895.196000,
2024,G11702,0,Regional Municipality of Wood Buffalo - Fort McMurray Regional Landfill,562210,Fort McMurray,Alberta,842.000000,75369.588000,215.975000,,,,76427.563000,
2024,G11712,0,Leduc & District Regional Waste Management Commission - Leduc & District Regional Waste Facility,562210,Leduc County,Alberta,354.191000,49308.295400,3.531390,,,,49666.017790,
2024,G11713,29971,Cygnet Energy Ltd. - Placid 6-29,211110,Fox Creek,Alberta,28206.165200,2248.453200,3948.367500,,,,34402.985900,
2024,G11714,8611,Ville de Saint-Eustache - Usine de production d'eau potable,221310,Saint-Eustache,Quebec,172.788200,20.944000,244.065000,,,,437.797200,
2024,G11715,6128,Ville de Saint-Eustache - Usine d'épuration,221320,Saint-Eustache,Quebec,339.294000,55.918800,586.259500,,,,981.472300,
2024,G11716,11651,Axens Canada Specialty Aluminas Inc. - Brockville Activated Alumina Plant,325999,Brockville,Ontario,11946.168700,6.515600,54.749000,,,,12007.433300,
2024,G11717,27828,Strathcona Resources Ltd. - Jayar 06-08-062-03W6 GP,211110,Jayar,Alberta,72623.676280,12519.636360,452.490150,,,,85595.802790,
2024,G11718,1480,"Hydro Extrusion Canada, Inc. - North York Division",331317,Toronto,Ontario,17517.300000,9.592240,83.461750,,,,17610.353990,
2024,G11719,125,Atlantic Packaging Products Ltd. - Whitby,322121,Whitby,Ontario,118863.000000,8337.420000,561.402500,,,,127761.822500,58206.000000
2024,G11721,,Regional District of North Okanagan - Armstrong Spallumcheen Recycling and Disposal Facility,562210,nearest City if Armstrong,British Columbia,149.131429,14196.113708,22.915875,,,,14368.161012,
2024,G11722,,Sunshine Coast Regional District - Sechelt Landfill,562210,Sechelt,British Columbia,114.827276,22058.549548,30.452210,,,,22203.829034,
2024,G11723,1471,Vale Canada Ltd - Port Colborne Refinery,331410,Port Colborne,Ontario,13559.110000,7.807520,50.962150,,,,13617.879670,
2024,G11724,,Regional District of North Okanagan - Greater Vernon Recycling and Disposal Facility,562210,nearest City is Vernon,British Columbia,355.237446,48243.954864,883.707425,,,,49482.899735,1660.260415
2024,G11725,0,Rahr Malting Canada Ltd. - Alix Malthouse,311214,Alix,Alberta,22587.539100,2106.127632,123.441505,,,,24817.108237,
2024,G11726,29986,GFL Environmental Inc. - LEDCD de Pierrefonds,562210,Pierrefonds,Quebec,,23001.804000,20.670000,,,,23022.474000,3138.200000
2024,G11728,0,Murphy Oil Company Ltd - Tupper Main Field,211110,Tupper,British Columbia,2790.556200,7791.324800,13.700500,,,,10595.581500,
2024,G11729,5987,Darling International Canada Inc. - Dundas,311614,Dundas,Ontario,21404.316300,11.624200,95.800150,,,,21511.740650,
2024,G11730,2978,Rio Tinto Alcan Inc - Usine Vaudreuil,331313,Jonquière,Quebec,350786.000000,200.867240,1631.860460,72.586020,,,352691.313720,
2024,G11731,7146,Sofina Foods Inc./Aliments Sofina Inc. - Burlington,311617,Burlington,Ontario,13682.597000,6.716920,60.451800,,,,13749.765720,
2024,G11732,0,Clearwater County - Clearwater Regional Landfill (formerly the Rocky Regional Landfill),562210,Rocky Mountain House,Alberta,1990.128810,18988.331320,0.434600,,,,20978.894730,
2024,G11733,15437,ATCO Next Energy Ltd. - Carbon,221210,Carbon,Alberta,18985.898000,3626.670684,128.805900,,,,22741.374584,
2024,G11734,26423,Tata Steel Minerals Canada - DSO Timmins Project,212210,SCHEFFERVILLE,Quebec,62706.650000,64.792000,168.275000,,,,62939.717000,
2024,G11736,28726,North American Lithium inc. - North American Lithium,212299,La Corne,Quebec,27201.578000,22.232000,62.036500,,,,27285.846500,
2024,G11737,16491,NorthRiver Midstream Inc. - Pouce Coupe Gas Plant,211110,Saddle Hills County,Alberta,14354.010000,1679.913200,610.825000,,,,16644.748200,
2024,G11738,20089,NorthRiver Midstream Inc. - Aitken Creek Plant,211110,Fort St. John,British Columbia,17942.268200,2999.402000,1221.067000,,,,22162.737200,
2024,G11739,16489,NorthRiver Midstream Inc. - Fourth Creek Gas Plant,211110,Silver Valley,Alberta,18133.677600,3136.501200,1154.313500,,,,22424.492300,
2024,G11740,16487,NorthRiver Midstream Inc. - 11-19 Compressor Station,211110,SPIRIT RIVER,Alberta,4174.520500,1432.597600,441.172000,,,,6048.290100,
2024,G11742,423,The International Group Inc. - Agincourt Plant,324190,Toronto,Ontario,46549.580200,25.844000,215.312500,,,,46790.736700,
2024,G11743,29241,Greenfield South Power Corporation - Green Electron Power Plant,221112,Courtright,Ontario,140471.850000,1016.265600,961.822800,,,,142449.938400,
2024,G11744,3282,Signature Aluminum Canada Inc. - Pickering,331317,Pickering,Ontario,14069.680000,9.405200,65.985000,,,,14145.070200,
2024,G11745,,Carleton University - Carleton university,611310,Ottawa,Ontario,27333.800000,14.894096,132.331460,,,,27481.025556,
2024,G11747,0,St. David's Hydroponics Ltd. - St. David's Hydroponics,111419,Niagara on the Lake,Ontario,19260.000000,10.192000,91.425000,,,,19361.617000,
2024,G11748,0,Six Nations Natural Gas Company Limited - Six Nations Natural Gas Company Limited,221210,Ohsweken,Ontario,19906.000000,11.060000,99.110000,,,,20016.170000,
2024,G11749,16188,Enercapita Energy Ltd. - Worsley (Birchcliff) Sour Gas Plant,211110,n/a,Alberta,41644.651108,8375.220644,1246.854945,,,,51266.726697,
2024,G11750,276,ArcelorMittal Canada MP Inc. and ArcelorMittal Canada Inc. partners in ArcelorMittal Dofasco G.P. - ARCELORMITTAL WINDSOR A DIVISION OF ARCELORMITTAL DOFASCO G.P.,331110,Windsor,Ontario,28867.849800,14.979692,126.445280,,,,29009.274772,
2024,G11751,0,Halton Healthcare Services Corporation - Oakville Trafalgar Memorial Hospital,622111,Oakville,Ontario,11446.740000,6.056400,54.219000,,,,11507.015400,
2024,G11752,7272,Lakeridge Health - Lakeridge Health Oshawa,622111,Oshawa,Ontario,11134.890000,5.880000,53.000000,,,,11193.770000,
2024,G11754,0,Thunder Bay Regional Health Sciences Centre - 980 Oliver Road,622111,Thunder Bay,Ontario,12610.710000,6.675200,59.757500,,,,12677.142700,
2024,G11755,10933,Patriot Forge Co. - Brantford Facility,332113,Brantford,Ontario,29856.010000,15.870064,142.420275,,,,30014.300339,
2024,G11757,17689,Teine Energy Ltd. - TEINE Coleville 3-14,211110,Oakdale,Saskatchewan,8526.809970,810.450760,37.622050,,,,9374.882780,
2024,G11759,5762,Oxy Vinyls Canada Co. - Niagara PVC Plant,325210,Thorold,Ontario,45338.670000,26.009200,202.751500,,,,45567.430700,
2024,G11760,26202,Teine Energy Ltd. - TEINE Dodsland 13-12,211110,Netherhill,Saskatchewan,4607.437090,1942.381280,396.249200,,,,6946.067570,
2024,G11761,0,Teine Energy Ltd. - Dodsland 07-05-032-22W3,211110,Oakland,Saskatchewan,5467.693670,2908.815000,15.539600,,,,8392.048270,
2024,G11763,23653,Teine Energy Ltd. - TEINE Dodsland 8-34,211110,Kindersley,Saskatchewan,23675.531350,2636.431840,85.499600,,,,26397.462790,
2024,G11765,4045,ArcelorMittal long Products Canada G.P. - ArcelorMittal long Products Canada - Hamilton East,331222,Hamilton,Ontario,15719.200000,11.219824,75.753695,,,,15806.173519,
2024,G11766,30003,543077 Alberta Ltd. - Sil Industrial Minerals Lamont Plant,212398,Bruderheim,Alberta,21729.511100,18.065600,115.407500,,,,21862.984200,
2024,G11767,6425,Rio Tinto Fer et Titane inc. - Rio Tinto Fer et Titane inc. - HAVRE-SAINT-PIERRE,212210,Havre-Saint-Pierre,Quebec,16513.890000,15.156400,269.584500,,,,16798.630900,
2024,G11768,8504,"Énergir, chaleur et climatisation urbaines S.E.C. - Énergir CCU",221330,Montréal,Quebec,29711.690000,15.960000,143.100000,,,,29870.750000,
2024,G11769,4483,Bartek Ingredients Inc. - Plant #1,325999,Stoney Creek,Ontario,8252.151185,4.828796,38.093750,,,,8295.073731,
2024,G11770,8757,Agnico-Eagle Mines Lted (DO NOT USE) - Division Goldex,212220,Val-d'Or,Quebec,12397.880000,15.512000,946.050000,326.400000,,,13685.842000,
2024,G11771,0,Ville de Sherbrooke - Lieu d'enfouissement Sanitiare de la Ville de Sherbrooke,562210,Sherbrooke,Quebec,,40545.176000,2.199500,,,,40547.375500,800.000000
2024,G11772,4361,Kraft Foods Inc. - Usine Mont-Royal,311940,Montréal,Quebec,15078.268570,8.118124,68.509390,,,,15154.896084,
2024,G11773,0,Hamilton Health Sciences Corporation - McMaster University Medical Centre Co-generation Plant,622112,HAMITON,Ontario,5533.121500,39.922400,37.842000,,,,5610.885900,
2024,G11774,0,Hamilton Health Sciences Corporation - Juravinski Hospital and Cancer Center Cogeneration Plant,622111,Hamilton,Ontario,11311.015000,81.995200,77.592000,,,,11470.602200,
2024,G11775,0,Hamilton Health Sciences Corporation - Hamilton General Hospital Cogeneration Plant,622111,Hamilton,Ontario,8231.287600,59.144400,56.074000,,,,8346.506000,
2024,G11776,,MGE Niagara Entertainment Inc. - Fallsview Casino Resort,721120,Niagara Falls,Ontario,11094.530000,5.951288,53.280105,,,,11153.761393,
2024,G11777,18800,NTE Energy Canada Ltd - Elleh Sweet Gas Plant,211110,n/a,British Columbia,15128.480000,814.100000,179.935000,,,,16122.515000,
2024,G11778,0,617885 Ontario Limited - 617885 Ontario Limited o/a Jem Farms,111419,Ruthven,Ontario,14680.660000,8.400000,71.550000,,,,14760.610000,
2024,G11779,0,Orangeline Farms Limited - Orangeline Farms Limited,111419,Leamington,Ontario,11478.647100,6.999720,55.777200,,,,11541.424020,
2024,G11780,0,Green Rise Foods Inc.  - Green Rise Foods Inc.,111419,Leamington,Ontario,15716.320000,8.680000,76.850000,,,,15801.850000,
2024,G11781,0,Envirofresh Produce Inc. - Envirofresh Produce Inc.,111419,Sombra,Ontario,8810.200000,4.760000,42.528790,,,,8857.488790,
2024,G11782,0,Cervini Farms (1993) Inc. - Cervini Farms (1993) Inc.,111419,Leamington,Ontario,9166.070000,14.840000,47.700000,,,,9228.610000,
2024,G11783,0,DiCiocco Farms Eastside Inc - DiCiocco Farms Eastside Inc.,111419,Leamington,Ontario,28715.310000,15.705200,139.522500,,,,28870.537700,
2024,G11784,0,1808278 Ontario Inc. - 1808278 Ontario Inc.,111419,Kingsville,Ontario,17055.200000,9.240000,82.216515,,,,17146.656515,
2024,G11785,0,Twin Peaks Hydroponics Inc. - Twin Peaks Hydroponics Inc.,111419,Kingsville,Ontario,17799.850000,10.080000,85.046980,,,,17894.976980,
2024,G11786,0,Soave Hydroponics Company - Great Northern Hydroponics,111419,Kingsville,Ontario,17884.770000,80.360000,108.707505,,,,18073.837505,
2024,G11787,0,2333281 Ontario Ltd. - Truly Green Farms,111419,Chatham,Ontario,31122.660000,17.015600,151.182500,,,,31290.858100,
2024,G11788,0,Allegro Acres Inc - Allegro Acres Inc.,111419,Ruthven,Ontario,8161.320000,4.480000,39.750000,,,,8205.550000,
2024,G11789,7070,Ecotex Healthcare Linen Service LP - Ecotex Healthcare Linen Service LP,812320,Mississauga,Ontario,12972.430000,7.095200,63.043500,,,,13042.568700,
2024,G11790,0,Sun-Brite Foods Inc. - Sun-Brite Foods Inc.,311420,Ruthven,Ontario,12364.120000,10.235960,57.923700,,,,12432.279660,
2024,G11791,0,SUPER-PUFFT SNACKS CORPORATION - SUPER-PUFFT SNACKS CORPORATION,311919,Mississauga,Ontario,20838.970000,13.048000,97.785000,,,,20949.803000,
2024,G11792,0,AMCO Farms Inc. - AMCO Farms Inc.,111419,Leamington,Ontario,21342.160000,19.600000,106.000000,,,,21467.760000,
2024,G11793,1944,ARLANXEO Canada Inc. - ARLANXEO Butyl,325210,Sarnia,Ontario,9767.900000,580.966400,54.053110,,,,10402.919510,
2024,G11794,99,MINES AGNICO EAGLE LIMITEE (DO NOT USE) - Division Laronde,212220,Preissac,Quebec,42630.657590,51.340660,3039.432075,178.786556,,,45900.216881,
2024,G11795,2521,Magna Exteriors Inc. - POLYCON INDUSTRIES,336390,Guelph,Ontario,34808.060000,32.900000,171.190000,,,,35012.150000,
2024,G11796,0,The Ottawa Hospital - The Ottawa Hospital - Civic campus,622111,Ottawa,Ontario,13866.390000,7.364000,65.985000,,,,13939.739000,
2024,G11797,4441,Lactalis Canada Inc. - Ingleside,311515,Ingleside,Ontario,18882.620000,63.385000,88.427850,13.464500,,,19047.897350,634.920000
2024,G11799,21786,Blue Sky Resources Ltd. - TAQA LAPRISE B-40-E/94-H-5,211110,Calgary,Alberta,10296.849300,3960.933872,85.330000,,,,14343.113172,
2024,G11800,0,University of Waterloo - University of Waterloo-GHG,611310,Waterloo,Ontario,30657.000000,16.520000,148.400000,,,,30821.920000,
2024,G11801,0,Greenhill Produce (Thamesville) Ltd. - Greenhill Produce (2),111419,Kent Bridge,Ontario,39730.470000,22.120000,193.689560,,,,39946.279560,
2024,G11802,4423,Gay Lea Foods Cooperative Ltd. - Guelph,311515,Guelph,Ontario,9484.000000,5.020400,42.400000,,,,9531.420400,
2024,G11803,0,Suntastic Hothouse Inc. - Main Greenhouses,111419,Exeter,Ontario,9162.820000,4.830000,43.248000,,,,9210.898000,10945.580000
2024,G11804,8803,Dhilmar Éléonore Société en commandite - Mine Éléonore,212220,Rouyn-Noranda,Quebec,33716.000000,64.596000,697.215000,283.400000,,,34761.211000,
2024,G11808,2240,City of Toronto - Ashbridges Bay Treatment Plant,221320,Toronto,Ontario,11671.000000,8300.416320,65954.967550,,,,85926.383870,31093.100000
2024,G11809,4435,City of Toronto - Highland Creek Treatment Plant,221320,Toronto,Ontario,14159.000000,2806.946800,28320.550000,,,,45286.496800,15619.740000
2024,G11810,29417,REGIE DES MATIÈRES RÉSIDUELLES DU LAC SAINT-JEAN - Lieux d'enfouissement technique d'Hébertville Station,913910,Hébertville-Station,Quebec,454.700000,2346.176000,0.795000,,,,2801.671000,10561.000000
2024,G11811,10133,Enwave Windsor Limited Partnership - Enwave Windsor Limited Parnership,221330,WINDSOR,Ontario,10669.669411,5.765004,48.699050,,,,10724.133465,
2024,G11812,3986,Johnson Electric Canada Ltd. - Johnson Electric Canada Ltd. - Stratford,336350,Stratford,Ontario,16331.444400,10.682000,77.009000,,,,16419.135400,
2024,G11813,7270,"Genpak, Division of Great Pacific Enterprises LP - GENPAK MISSISSAUGA",326140,Mississauga,Ontario,3531.220000,2.416400,16.615500,,,,3550.251900,
2024,G11816,0,Torxen Energy Ltd. - Countess Makepeace Comp Stn 03-18-022-17W4,211110,CALGARY,Alberta,7564.396570,2508.683240,214.268400,,,,10287.348210,
2024,G11819,0,MRC de Lotbinière - LET Saint-Flavien,562210,Saint-Flavien,Quebec,2930.008500,15183.381920,293.431850,,,,18406.822270,593.435000
2024,G11820,2461,Mintech Canada Ltd. - Usine de PCC de Windsor,327990,Windsor,Quebec,12117.390000,64.204000,130.115000,,,,12311.709000,
2024,G11821,1054,"Innophos Canada, Inc. - Innophos Canada, Inc.",325189,Lowbanks,Ontario,31777.705510,12.318096,103.364045,,,,31893.387651,
2024,G11822,0,University of Ottawa - Physical Resources Service,611310,Ottawa,Ontario,17028.768530,9.349648,83.070080,,,,17121.188258,
2024,G11823,1136,Bombardier Inc. - Usine St-Laurent,336410,Saint-Laurent,Quebec,16814.700000,9.217600,76.585000,,,,16900.502600,
2024,G11824,4511,PepsiCo Canada ULC - Cambridge Manufacturing,311919,Cambridge,Ontario,21762.552900,12.062400,100.594000,,,,21875.209300,
2024,G11825,6696,Canada Malting Co Ltd. - Calgary Plant,311214,Calgary,Alberta,32105.768600,17.374000,208.449000,,,,32331.591600,
2024,G11826,10180,IKO Industries Ltd. - IKO Hawkesbury,324122,HAWKESBURY,Ontario,16393.131000,12.013092,76.061625,,,,16481.205717,
2024,G11827,10417,IKO Industries Ltd. - IKO Madoc,212398,MADOC,Ontario,25129.236000,14.671944,109.175230,,,,25253.083174,
2024,G11828,8516,Ville de Montréal - Complexe environnemental St-Michel,562210,Montréal,Quebec,5761.900000,15230.880000,973.398000,,,,21966.178000,
2024,G11829,8559,Excelitas Canada Inc. - Vaudreuil-Dorion site,334410,Vaudreuil-Dorion,Quebec,732.503000,0.403200,4.748800,46.230000,1236.191700,1864.490000,3884.566700,
2024,G11830,6114,PepsiCo Canada ULC - Pepsico Aliments Canada - Usine de Lauzon,311919,Lévis,Quebec,10906.584700,5.994800,50.376500,,,,10962.956000,
2024,G11831,5437,"CertainTeed Canada, Inc. - Montreal Wallboard/Finishing Plant",327420,Sainte-Catherine,Quebec,30695.300000,20.160000,190.800000,,,,30906.260000,
2024,G11832,0,Régie Intermunicipale du comté de Beauce-Sud - Lieu d'enfouissement technique de Saint-Côme-Linière,562210,Saint-Côme-Linière,Quebec,3586.000000,47824.280000,19.875000,,,,51430.155000,129.800000
2024,G11833,5479,Saputo Produits Laitiers Canada s.e.n.c. - Usine St-Leonard,311515,Saint-Léonard,Quebec,14272.000000,7.876400,66.700500,449.638280,,,14796.215180,
2024,G11834,0,1329606 Ontario Limited - 1329606 Ontario Limited,111419,Leamington,Ontario,14574.035400,15.153600,69.880500,,,,14659.069500,
2024,G11835,0,Klassen Greenhouse Farms Inc. - Klassen Greenhouse Farms,111419,Cottam,Ontario,8758.492360,4.814600,42.545750,,,,8805.852710,
2024,G11836,0,Mucci Farms Ltd - Mucci Farms Ltd.,111419,Kingsville,Ontario,32422.463170,22.386000,157.765100,,,,32602.614270,
2024,G11837,0,Pomas Farms Inc - Pomas Farms Inc.,111419,Staples,Ontario,45014.394610,46.761960,223.519550,,,,45284.676120,
2024,G11839,0,Agriville Farms Ltd - Agriville Farms Ltd,111419,Kingsville,Ontario,17263.875120,11.721360,84.259400,,,,17359.855880,
2024,G11840,0,Southshore Greenhouses Inc. - Southshore Greenhouses Inc.,111419,Kingsville,Ontario,22201.777860,14.607600,108.125300,,,,22324.510760,
2024,G11841,7095,Zochem ULC - Zochem,325189,Brampton,Ontario,11254.107000,6.216000,51.799550,,,,11312.122550,
2024,G11843,0,Nature Fresh Farms  - Nature Fresh Plant 1,111419,Leamington,Ontario,3282.122650,240.167760,1576.681100,,,,5098.971510,14440.470000
2024,G11844,0,Nature Fresh Farms  - Nature Fresh Plant 2,111419,Leamington,Ontario,40138.088170,27.613320,195.583250,,,,40361.284740,
2024,G11845,0,Kapital Produce Ltd - Kapital Produce Ltd,111419,Ruthven,Ontario,13987.948130,6.013840,69.522750,,,,14063.484720,
2024,G11846,0,Platinum Produce Company - Platinum Produce,111419,Blenheim,Ontario,21932.685000,11.956000,106.265000,,,,22050.906000,
2024,G11847,0,J C Fresh Farms Ltd - J.C. Fresh Farms Ltd.,111419,Kingsville,Ontario,11528.734670,7.760200,56.211800,,,,11592.706670,
2024,G11848,6799,IKO Industries Ltd. - IKO Calgary,324122,Calgary,Alberta,13213.200000,81.812360,49.857100,,,,13344.869460,
2024,G11849,0,Great Lakes Greenhouses Inc. - Great Lakes Greenhouses Inc.,111419,Leamington,Ontario,40064.760000,72.100000,211.947000,,,,40348.807000,
2024,G11850,21222,Petrus Resources Ltd. - Arriva 02-25 Gas Plant,211110,Rocky Mountain House,Alberta,29869.668300,2967.269200,198.829500,,,,33035.767000,
2024,G11851,0,Sunrite Greenhouses Ltd. - Sunrite Greenhouses Ltd,111419,Kingsville,Ontario,15744.400000,22.400000,79.500000,,,,15846.300000,
2024,G11852,30991,Ville de Chibougamau - Lieu d'enfouissement sanitaire Chibougamau,562210,Chibougamau,Quebec,911.500000,9301.600000,,,,,10213.100000,
2024,G11854,10103,"CertainTeed Canada, Inc. - Toronto Board Plant",327420,Mississauga,Ontario,36168.807400,22.010800,169.006400,,,,36359.824600,
2024,G11855,10593,Columbia Forest Products Ltd. - Levesque Plywood Ltd.,321211,Hearst,Ontario,17825.000000,9.716000,81.620000,,,,17916.336000,
2024,G11875,,Malteurop Canada Ltd. - Winnipeg Malt Plant,311990,Winnipeg,Manitoba,13800.512000,7.336000,62.010000,,,,13869.858000,
2024,G11876,,Saskatchewan Mining and Minerals - Chaplin,212393,CHAPLIN,Saskatchewan,12429.905500,9.886800,65.746500,,,,12505.538800,
2024,G11877,19257,Prairie Malt ULC - Prairie Malt Limited,311214,BIGGAR,Saskatchewan,30260.927700,16.399600,135.775665,,,,30413.102965,
2024,G11878,31751,Max Aicher (North America) Limited - Max Aicher (North America) Limited,331221,Hamilton,Ontario,20669.020000,11.480000,95.400000,,,,20775.900000,
2024,G11879,0,City of Moose Jaw - City of Moose Jaw (Landfill),562210,Moose Jaw,Saskatchewan,126.998000,82145.985600,0.583000,,,,82273.566600,
2024,G11880,0,"Town of Hinton - West Yellowhead Regional Landfill ",562210,Hinton,Alberta,4075.749400,32916.727200,2.093500,,,,36994.570100,1955.511600
2024,G11881,0,Camrose County - WDMLR Landfill,562210,Ferintosh,Alberta,8637.924000,68962.355784,11.002800,,,,77611.282584,341.828700
2024,G11882,11472,Brock University - Brock University,611310,St. Catharines,Ontario,21985.960000,139.356000,145.220000,,,,22270.536000,
2024,G11884,30688,Strathcona Resources Ltd. - Meota West 06-24-046-18W3M,211110,Meota,Saskatchewan,229824.264700,17591.784000,1494.944500,,,,248910.993200,
2024,G11885,0,Alliance Pipeline Ltd. Partnership - Alliance Pipeline Ltd. - BC Pipeline System,486210,Calgary,British Columbia,15745.151620,2602.941880,103.596450,,,,18451.689950,
2024,G11886,3198,3M Canada Company - LONDON,322220,London,Ontario,9177.880000,4.848396,41.085600,,,,9223.813996,
2024,G11887,6673,Steel Reef Infrastructure Corp. - Coleville Compressor Station,211110,COLEVILLE,Saskatchewan,17215.083619,11747.507296,115.737690,,,,29078.328605,
2024,G11888,29203,Cargill Limited - Cargill Limited - Camrose Oilseed Processing,311224,Camrose,Alberta,58127.480000,117.447680,263.961200,,,,58508.888880,
2024,G11893,0,Whitecap Resources Inc. - Wapiti 13-05-067-08W6 BTY,211110,Greenview,Alberta,27973.579170,9765.460600,764.607150,,,,38503.646920,
2024,G11894,30798,Copper Mountain Mine (BC) Ltd. - Copper Mountain Mine,212233,Princeton,British Columbia,42543.811000,240.156000,243.535000,,,,43027.502000,66224.725000
2024,G11896,29349,Inter Pipeline Offgas Ltd - Pioneer 2 Liquids Extraction Plant,211141,Fort McMurray,Alberta,9702.539680,1780.289560,35.780300,,,,11518.609540,
2024,G11897,0,Tourmaline Oil Corp - Strachan 05-34-037-08W5 Compressor (GHGRP),211110,N/A,Alberta,31828.738850,10118.347680,2354.191100,,,,44301.277630,
2024,G11898,1864,Heaven Hill Distilling Canada Inc. - The Black Velvet Distilling Company,312140,Lethbridge,Alberta,406.344840,0.484092,3.260030,,,,410.088962,54.710000
2024,G11900,28167,Birchcliff Energy Ltd. - 07-29-78-11-W6M,211110,GORDONDALE,Alberta,16381.127689,3350.933768,322.088950,,,,20054.150407,
2024,G11902,30561,City of Medicine Hat - Electric Utility - Generation - Remote Site,221112,Medicine Hat,Alberta,120945.827580,1982.789760,636.424000,394.511000,,,123959.552340,
2024,G11905,30594,Ovintiv Canada ULC - North Central Liquids Hub (NCLH) 05-27-079-17W6,211110,N/A,British Columbia,9271.245000,1415.540000,40.545000,,,,10727.330000,
2024,G11906,23872,Ovintiv Canada ULC - Sunrise Comp Station 01-34,211110,N/A,British Columbia,10903.610000,1700.552000,68.370000,,,,12672.532000,
2024,G11907,24083,Ovintiv Canada ULC - Saturn Comp Stn 09-27,211110,N/A,British Columbia,12021.840000,4296.012000,92.750000,,,,16410.602000,
2024,G11908,29802,Ovintiv Canada ULC - Sunrise Gas Plant 04-26-078-17W6,211110,N/A,British Columbia,8894.671000,1335.880000,41.605000,,,,10272.156000,
2024,G11909,5478,Saputo Produits Laitiers Canada s.e.n.c. - Usine St-Hyacinthe,311515,Saint-Hyacinthe,Quebec,12367.000000,6.826400,57.584500,230.534880,,,12661.945780,
2024,G11910,34792,Big Marble Farms Inc. - Big Marble Farms,111419,Cypress County,Alberta,31251.080000,17.808000,159.530000,,,,31428.418000,
2024,G11912,23157,PETRONAS Energy Canada Ltd. - West Beg c-34-C/94-G-1,211110,Fort St John,British Columbia,11282.213200,395.922800,71.762000,,,,11749.898000,
2024,G11913,169,Bunge Canada  - BUNGE CANADA - WAINWRIGHT PLANT,311990,Wainwright,Alberta,7758.997000,4.276804,35.950165,,,,7799.223969,
2024,G11914,29794,Veren Inc. - Kaybob 05-33 Gas Battery,211110,n/a,Alberta,53148.136900,15857.962400,362.546500,,,,69368.645800,
2024,G11915,24106,Petrus Resources Ltd. - Cypress Thorsby 7-14-49-1W5,211110,Thorsby,Alberta,8585.175500,1734.499200,57.531500,,,,10377.206200,
2024,G11916,29499,Waste Management of Canada Corporation - Thorhild,562210,Edmonton,Alberta,1178.586000,57116.136000,26.765000,,,,58321.487000,
2024,G11919,0,TA Alberta Hydro LP - Barrier Hydro Plant,221111,Seebe,Alberta,24.729166,0.113204,0.113685,,,,24.956055,1.685885
2024,G11921,0,TA Alberta Hydro LP - Bearspaw Hydro Plant,221111,Calgary,Alberta,32.338142,0.148064,0.148930,,,,32.635136,2.204619
2024,G11922,0,TA Alberta Hydro LP - Bighorn Hydro Plant,221111,Clearwater,Alberta,43.571156,0.111244,0.293620,,,,43.976020,0.927284
2024,G11924,0,TA Alberta Hydro LP - Brazeau Hydro Plant,221111,Drayton Valley,Alberta,111.706386,0.322532,0.576905,,,,112.605823,2.743216
2024,G11925,0,TA Alberta Hydro LP - Cascade Hydro Plant,221111,Banff,Alberta,4.672678,0.017248,0.020935,,,,4.710861,0.131691
2024,G11926,0,TA Alberta Hydro LP - Ghost Hydro Plant,221111,Cochrane,Alberta,122.014202,0.481292,0.569220,,,,123.064714,7.002908
2024,G11927,0,TA Alberta Hydro LP - Horseshoe Hydro Plant,221111,Seebe,Alberta,27.738119,0.122388,0.143895,,,,28.004402,1.815569
2024,G11928,0,TA Alberta Hydro LP - Interlakes Hydro Plant,221111,Kananaskis,Alberta,0.569958,0.002240,0.002385,,,,0.574583,0.018290
2024,G11929,0,TA Alberta Hydro LP - Kananaskis Hydro Plant,221111,Seebe,Alberta,61.216162,0.179144,0.299980,,,,61.695286,2.463987
2024,G11930,0,TA Alberta Hydro LP - Pocaterra Hydro Plant,221111,Kananaskis,Alberta,3.127316,0.008344,0.010865,,,,3.146525,0.339177
2024,G11931,0,TA Alberta Hydro LP - Rundle Hydro Plant,221111,Canmore,Alberta,42.162602,0.052528,0.098580,,,,42.313710,0.182904
2024,G11932,0,TA Alberta Hydro LP - Spray Hydro Plant,221111,Canmore,Alberta,13.010775,0.051072,0.056445,,,,13.118292,0.409705
2024,G11933,0,TransAlta Renewables Inc. - Castle Wind Farm,221119,Pincher Creek,Alberta,14.139931,0.018788,0.152905,,,,14.311624,
2024,G11934,0,TransAlta Renewables Inc. - Cowley Wind Farm,221119,Pincher Creek,Alberta,16.862541,0.020300,0.228165,,,,17.111006,
2024,G11936,0,TransAlta Renewables Inc. - Sinnott Wind Farm,221119,Pincher Creek,Alberta,12.863457,0.015092,0.183380,,,,13.061929,
2024,G11937,0,TransAlta Renewables Inc. - Summerview 1 Wind Farm,221119,Pincher Creek,Alberta,61.167386,0.073584,0.827860,,,31.983500,94.052330,
2024,G11938,0,TransAlta Renewables Inc. - Taylor Hydro Plant,221111,Magrath,Alberta,19.191840,0.037128,0.051410,,,,19.280378,0.036847
2024,G11939,30909,Centre hospitalier de l'Université de Montréal - Centre Hospitalier de l'Université de Montréal,622111,Montréal,Quebec,24963.861820,14.057680,135.163250,668.120000,,,25781.202750,
2024,G11941,29889,Pembina Pipeline Corporation - Duvernay Kaybob Complex,211110,M.D. of Greenview,Alberta,36798.650170,1247.664600,168.500250,,,,38214.815020,
2024,G11942,29956,Pembina Pipeline Corporation - WASKAHIGAN MGS 10-29-062-23W5,211110,Waskahigan,Alberta,15390.498520,3837.446200,1351.462900,,,,20579.407620,
2024,G11948,31859,Cenovus Energy Inc. - Rush Lake 2 Thermal Plant 16-03-048-21W3,211110,Lloydminster,Saskatchewan,282316.068200,1208.863600,430.625000,,,,283955.556800,
2024,G11949,0,William Osler Health System  - Brampton Civic Hospital,622111,Brampton,Ontario,12641.870000,6.689200,59.890000,,,,12708.449200,
2024,G11950,6161,Valero Energy Inc. - TERMINAL DE MONTREAL-EST,412110,Montréal-Est,Quebec,11900.727000,766.950800,35.033000,,,,12702.710800,
2024,G11952,32526,Régie de gestion des matières résiduelles de Manicouagan (RGMRM) - LET RAGUENEAU,562210,RAGUENEAU,Quebec,412.600000,13254.175200,38.557500,,,,13705.332700,2018.000000
2024,G11955,17367,Qulliq Energy Corporation - Iqaluit,221112,Iqaluit,Nunavut,31709.830000,221.291392,1709.685660,,,,33640.807052,
2024,G11957,17366,Qulliq Energy Corporation - Rankin Inlet,221112,RANKIN INLET,Nunavut,10358.420000,72.287628,558.490415,,,,10989.198043,
2024,G11958,26320,HWN Energy Ltd. - Rmp Waskahigan 12-07-064-23w5,211110,Little Smoky,Alberta,24983.410300,9085.064800,159.238500,,,,34227.713600,
2024,G11959,17343,Journey Energy Inc. - 02-26 Gas Plant,211110,Niton Junction,Alberta,13814.236600,2025.427600,88.298000,,,,15927.962200,
2024,G11961,27910,Westbrick Energy Ltd (1) - Willesden Green 14-05,211110,Brazeau No. 77,Alberta,9106.472600,2217.454400,61.082500,,,,11385.009500,
2024,G11963,30148,AltaGas Ltd. - North Pine Liquid Separation,211110,n/a,British Columbia,34437.706560,36.066240,144.856950,,,,34618.629750,
2024,G11970,32646,Cenovus Energy Inc. - HUSKY ABERFELDY 8-1-50-27,211110,Lloydminster,Saskatchewan,11663.984100,4799.043200,41.128000,,,,16504.155300,
2024,G11976,11309,Linde Canada Inc. - Pointes-Aux-Trembles CO2 Plant,325120,Montréal,Quebec,27570.130000,212.240000,,,,,27782.370000,
2024,G11978,30671,Linde Canada Inc. - Fort Saskatchewan CO2 Plant,325120,Fort Saskatchewan,Alberta,16094.000000,173.320000,5.300000,,,,16272.620000,
2024,G11979,16869,New Star Energy Ltd. - Highvale Sour Gas Plant 10-04,211110,n/a,Alberta,14266.671525,1561.133588,439.159855,,,,16266.964968,
2024,G11981,2152,Compass Minerals Canada Corporation - UNITY PLANT,212393,Unity,Saskatchewan,24763.204000,13.775720,112.428900,,,,24889.408620,
2024,G11982,30830,HARVEST OPERATIONS CORP. - BlackGold SAGD Sec14-76-07W4,211141,Regional Municipality of Wood Buffalo,Alberta,202857.777700,2630.000800,296.508500,,,,205784.287000,
2024,G11987,0,"Gaz Métro GNL, s.e.c. - Usine LSR - Train #2",488990,Montréal,Quebec,6014.740000,11627.084000,17.755000,,,,17659.579000,
2024,G11989,3649,ArcelorMittal Produits Longs Canada s.e.n.c - ArcelorMittal Contrecoeur Est,331110,Contrecoeur,Quebec,972674.352080,535.087000,742.378950,88.362390,,,974040.180420,
2024,G11992,6282,Bitumar Inc. - BITUMAR,339990,Montréal,Quebec,8938.000000,84.784000,29.150000,,,,9051.934000,
2024,G11995,30686,PGI Processing ULC - Patterson Creek Gas Plant 11-21,211110,Greenview N16,Alberta,81583.522920,11687.561760,1980.779600,,,,95251.864280,
2024,G11998,721,Macco Organiques Inc. - Usine de Valleyfield,325189,SALABERRY-DE-VALLEYFIELD,Quebec,11760.552000,6.455372,52.921825,,,,11819.929197,
2024,G11999,30786,City of Calgary - Calgary Composting Facility,562920,Calgary,Alberta,1169.310600,10977.842680,7810.530500,,,,19957.683780,
2024,G12000,30695,ARC RESOURCES LTD. - Kakwa 14-18-064-05W6,211110,Kakwa,Alberta,32350.965810,6840.361360,3071.079700,,,,42262.406870,
2024,G12001,30692,ARC RESOURCES LTD. - Kakwa 05-01-064-06W6,211110,Kakwa,Alberta,60287.299400,16877.974400,3812.372150,,,,80977.645950,
2024,G12009,7134,NATT Tools Group Inc. - NATT Tools Group Inc.,331221,Hamilton,Ontario,5680.101000,2.646000,28.116500,,,,5710.863500,
2024,G12015,0,ARC RESOURCES LTD. - Ante Creek Oil Battery 10-07,211110,n/a,Alberta,15773.218110,3108.284200,901.212000,,,,19782.714310,
2024,G12016,16906,Ricochet Oil Corp. - Pembalta IV Sour Gas Plant 09-16,211110,Calgary,Alberta,10281.188680,3845.169720,962.262700,,,,15088.621100,
2024,G12018,0,Canadian Natural Resources Limited - Cessford Sweet Gas Plant 02-08-024-12W4,211110,n/a,Alberta,19323.614930,2679.434240,160.754300,,,,22163.803470,
2024,G12022,0,Rosa Flora Growers Limited - Rosa Flora Growers Limited,111422,Dunnville,Ontario,19614.279200,229.126800,1228.558550,,,,21071.964550,10345.900000
2024,G12023,30822,Enfinite Generation Corporation - Carson Creek 15MW,221112,Carson Creek,Alberta,22972.024500,45.967600,117.580500,,,,23135.572600,
2024,G12024,30821,Enfinite Generation Corporation - Judy Creek 15MW,221112,Judy Creek,Alberta,10730.211000,20.700400,69.960000,,,,10820.871400,
2024,G12030,28517,Tourmaline Oil Corp - Aitken A-011-A/094-G-01 Compressor,211110,n/a,British Columbia,11130.728890,1129.673720,81.609400,,,,12342.012010,
2024,G12031,5269,Maple Leaf Foods Inc. - Consumer Foods - Winnipeg,311614,Winnipeg,Manitoba,13447.192000,7.101332,60.002625,,,,13514.295957,
2024,G12034,29237,Outlier Resources Ltd. - Heavysound 1509,211110,Greenview No. 16,Alberta,12949.722000,1631.420000,87.450000,,,,14668.592000,
2024,G12036,18782,ARC RESOURCES LTD. - Kakwa 01-13-063-05W6,211110,Kakwa,Alberta,8684.409930,4987.553760,212.749950,,,,13884.713640,
2024,G12037,6216,Société en Commandite Airbus Canada - Usine Mirabel,336410,Mirabel,Quebec,9477.567000,5.650400,45.156000,,,,9528.373400,
2024,G12039,5528,Ville de Longueuil - Centre d'épuration Rive-Sud (CERS),221320,Longueuil,Quebec,552.000000,210.818160,3843.109500,,,,4605.927660,11961.000000
2024,G12042,0,City of Prince Albert Landfill - City of Prince Albert Landfill,562210,Prince Albert,Saskatchewan,254.700000,30896.532800,172.753500,,,,31323.986300,4005.240000
2024,G12045,18017,Westbrick Energy Ltd (1) - McLeod River Sweet Gas Plant 16-36-055-15W5,211110,n/a,Alberta,9428.814000,1497.076000,63.183950,,,,10989.073950,
2024,G12046,33790,Loraas Disposal North Ltd. - Northern Landfill Inc.,562210,Saskatoon,Saskatchewan,1237.022000,57495.810400,471.782150,,,,59204.614550,
2024,G12048,29955,Coalspur Mines (Operations) Ltd. - Vista Mine,212115,HINTON,Alberta,126167.695018,186538.588516,2734.941510,,,,315441.225044,
2024,G12053,0,Calgary District Heating Inc. - District Energy Centre,221330,Calgary,Alberta,20597.838100,3136.568400,1500.085500,,,,25234.492000,
2024,G12055,1368,Pine Cliff Energy Ltd. - Morrin Ghost Pine Sweet Gas Plant,211110,n/a,Alberta,11048.907900,1396.813600,748.015500,,,,13193.737000,
2024,G12056,16237,Pine Cliff Energy Ltd. - Huxley Sweet Gas Plant,211110,n/a,Alberta,9203.872900,3313.741200,231.451000,,,,12749.065100,
2024,G12057,35459,Foothills Regional Services Commission - Foothills Regional Landfill & Resource Recovery Centre,562210,Okotoks,Alberta,558.440000,54330.567200,299.450000,,,,55188.457200,
2024,G12066,30747,Baytex Energy Ltd - Harmon Valley Sour Gas Plant 03-18-084-17W5,211110,Harmon Valley,Alberta,65224.131140,1284.847480,902.107700,,,,67411.086320,
2024,G12084,1525,Papier Masson Ltée. - PAPIERS WHITE BIRCHmc - DIVISION PAPIER MASSON LTÉE,322122,Gatineau,Quebec,14115.600000,9.116240,88.980640,,,,14213.696880,
2024,G12085,10298,Corporation of the City of Cornwall - City of Cornwall Landfill Site,562210,Cornwall,Ontario,414.456000,51320.584000,1.749000,,,,51736.789000,1110.740000
2024,G12086,19383,"CertainTeed Canada, Inc. - Calgary Wallboard Plant",327420,Calgary,Alberta,29884.000000,18.200000,137.800000,,,,30040.000000,
2024,G12087,29228,"Tourmaline Oil Corp - Route Gas Plant 07-09-062-08W6M ",211110,Kakwa,Alberta,35718.860910,4590.803560,239.459300,,,,40549.123770,
2024,G12090,17209,Journey Energy Inc. - Gilby Sweet Gas Plant 01-04,211110,Gilby,Alberta,6895.220700,2394.786800,43.407000,,,,9333.414500,
2024,G12091,23007,Whitecap Resources Inc. - Garrington 03-03-35-04 W5,211110,Garrington,Alberta,17507.601330,7749.860160,443.170100,,,,25700.631590,
2024,G12092,26149,HWN Energy Ltd. - LOCHEND 03-20-027-03W5,211110,Rocky View,Alberta,14966.606300,3219.563200,86.151500,,,,18272.321000,
2024,G12094,15065,Whitecap Resources Inc. - Westward Ho 07-08-033-04W5 BTY,211110,CALGARY,Alberta,14941.360790,805.116480,1113.781750,,,,16860.259020,
2024,G12096,21722,Whitecap Resources Inc. - Olds 16-33-030-01W5 MWB,211110,CALGARY,Alberta,14401.607130,3153.306520,458.174400,,,,18013.088050,
2024,G12097,0,Université de Montréal - Université de Montréal - Campus de la Montagne,611310,Montréal,Quebec,12175.000000,6.720000,60.155000,,,,12241.875000,
2024,G12112,29381,Coeur Silvertip Holdings Ltd. - Silvertip Mine,212231,Vancouver,British Columbia,13848.598900,78.117200,81.434500,,,,14008.150600,98.468400
2024,G12113,6056,Nova Scotia Power Incorporated - Burnside Combustion Turbines,221112,Dartmouth,Nova Scotia,13137.613737,10.702188,25.971325,,,,13174.287250,
2024,G12116,0,TransAlta Renewables Inc. - McBride Lake Wind Farm,221119,Fort Macleod,Alberta,59.135930,0.059668,0.332840,,,,59.528438,
2024,G12117,20185,Yukon Energy Corp. - Whitehorse Rapids Diesel Generating Station,221112,Whitehorse,Yukon,40395.209500,193.230800,201.188000,,,,40789.628300,
2024,G12119,31761,Northstone Power Corp - Elmworth Generating Station,221112,Elmworth,Alberta,15516.086835,140.620704,107.529315,,,,15764.236854,
2024,G12120,0,Regional District of Fraser-Fort George - Foothills Boulevard Regional Landfill,562210,Prince George,British Columbia,261.860000,58978.082800,514.100000,,,,59754.042800,13456.090000
2024,G12135,6505,Canadian Forest Products Ltd - Whitecourt Division,321111,Whitecourt,Alberta,20719.727100,11.737600,94.154500,,,,20825.619200,
2024,G12141,29819,"Maritime Electric Company, Limited - Borden Generating Station",221112,Borden-Carleton,Prince Edward Island,537.097900,0.437640,1.062385,,,,538.597925,
2024,G12144,19384,"CertainTeed Canada, Inc. - Winnipeg Wallboard Plant",327420,Winnipeg,Manitoba,18007.800000,9.800000,82.150000,,,,18099.750000,
2024,G12145,31319,Portlands Energy Centre LP - Napanee Generating Station,221112,BATH,Ontario,1451326.236500,10548.406400,10001.895000,,,,1471876.537900,
2024,G12146,0,Enbridge Gas Inc. - Enbridge Gas Inc.,486210,North York,Ontario,197073.527300,109950.940400,1355.501500,,,,308379.969200,
2024,G12147,0,Enbridge Gas Inc. - Enbridge Gas Inc. - Distribution,221210,North York,Ontario,21661.593400,399317.839200,145.379000,,,,421124.811600,
2024,G12148,0,Canadian Natural Resources Limited - Jackfish District,211141,CONKLIN,Alberta,2639483.716254,6174.032816,3615.658145,,,,2649273.407215,
2024,G12149,31766,Canadian Natural Resources Limited - Kirby North 01-06-075-8 W4M,211141,n/a,Alberta,781234.106720,2158.106440,1093.819300,,,,784486.032460,
2024,G12150,31323,Saskatchewan Power Corporation - Chinook Power Station,221112,SWIFT CURRENT,Saskatchewan,902609.211918,6547.029944,6196.296250,,,,915352.538112,
2024,G12151,0,City of Edmonton - WMC - Clover Bar Landfills,562210,EDMONTON,Alberta,277.433400,120668.370704,13.952780,,,,120959.756884,
2024,G12152,31595,"Keyera Corp - Wapiti Sour Gas Processing Plant ",211110,Grand Prairie,Alberta,135564.950860,2653.603960,827.141850,,,,139045.696670,
2024,G12153,31214,Southeast Regional Service Comission - ECO360 Landfill,562210,Berry Mills,New Brunswick,207.000000,112202.888000,3.180000,,,,112413.068000,7525.000000
2024,G12154,31634,Tourmaline Oil Corp - Gundy Gas Plant (c-060-A/094-B-16) - TOU,211110,WONOWON,British Columbia,260917.437940,26938.924040,2061.474750,,,,289917.836730,
2024,G12155,31681,Cenovus Energy Inc. - Dee Valley Thermal,211110,Maidstone,Saskatchewan,175738.977000,2344.622000,254.055500,,,,178337.654500,
2024,G12156,31627,PGI Processing ULC - Wapiti Gas Plant 07-35,211110,Grande Prairie,Alberta,110176.304380,12888.519560,1440.349200,,,,124505.173140,
2024,G12158,29191,Centerra Gold Inc. - Mount Milligan Mine,212233,Bulkley-Nechako C,British Columbia,72133.949000,54.656000,161.650000,,,,72350.255000,
2024,G12160,30691,ARC RESOURCES LTD. - Kakwa 10-23-067-05W6,211110,GRANDE PRAIRIE,Alberta,48191.538770,826.954240,316.834000,,,,49335.327010,
2024,G12161,0,Hydro One Networks Inc. - Hydro One Networks,221121,Toronto,Ontario,,,,,11.271000,17406.097500,17417.368500,
2024,G12162,31562,AltaGas Ltd. - Pipestone 12-35-070-09W6 Gas Plant,211110,Dimsdale,Alberta,134453.262510,3851.270920,642.876750,,,,138947.410180,
2024,G12163,29441,GFL Environmental Inc. - GFL Environmental Inc. West Hants,562210,Centre Burlington,Nova Scotia,547.400000,98780.384920,1.168650,,,,99328.953570,
2024,G12164,31203,ConocoPhillips Canada (BRC) Partnership - Inga Compressor Station 02-10-088-23W6,211110,n/a,British Columbia,45553.534480,4363.460640,356.607850,,,,50273.602970,
2024,G12165,0,Westcoast Energy Inc. - Transmission Mainline - AB,486210,Calgary,Alberta,29997.563486,2073.658720,200.296010,,,,32271.518216,
2024,G12166,22823,Saturn Oil & Gas Inc. - Battrum Oil MWB 07-21,211110,Battrum,Saskatchewan,16388.405600,1821.728272,81.961320,,,,18292.095192,
2024,G12168,0,Waste Management of Canada Corporation - Highway 48 Landfill,562210,Stouffville,Ontario,,31407.600000,,,,,31407.600000,
2024,G12170,2838,Labatt Brewing Company Ltd - Labatt Brewing Company Ltd,312120,London,Ontario,24723.617000,13.524000,113.234500,,,,24850.375500,
2024,G12173,0,Canadian Natural Resources Limited - Nig Creek Gas MWB c-039-D/094-H-03,211110,Nig Creek,British Columbia,62533.935980,5940.434640,476.387850,,,,68950.758470,
2024,G12174,279,"Kraft Nordic, s.e.c. - Kraft Nordic, s.e.c. - Usine de pâtes kraft de Lebel-sur-Quévillon",322112,Lebel-sur-Quévillon,Quebec,61584.500000,32081.786800,3383.069500,,,,97049.356300,897377.910000
2024,G12175,0,Alberta  Health Services - Glenrose Energy Centre,622111,Edmonton,Alberta,28068.650000,14.840000,135.150000,,,,28218.640000,
2024,G12176,921,Bartek Ingredients Inc. - Plant #2,325999,Stoney Creek,Ontario,25076.227248,1.766324,14.385790,,,,25092.379362,
2024,G12179,31570,ARC RESOURCES LTD. - Kakwa 16-16-064-04W6,211110,GRANDE PRAIRIE,Alberta,24927.572370,6367.625320,1292.320200,,,,32587.517890,
2024,G12180,28793,HWN Energy Ltd. - 01-20-060-17 W5M,211110,Whitecourt,Alberta,11148.876700,3928.976800,63.812000,,,,15141.665500,
2024,G12181,24161,HWN Energy Ltd. - Rmp Kaybob 10-22 Compressor,211110,Whitecourt,Alberta,18668.059400,7771.957200,122.748000,,,,26562.764600,
2024,G12182,2256,Terrapure BR Ltd. - Toronto Facility,331490,Mississauga,Ontario,20518.878000,7.959840,43.310010,,,,20570.147850,
2024,G12183,0,"Pure Flavor Farms LP - P5 Farms, a division of Pure Flavor Farms LP",111419,Staples,Ontario,17083.930000,9.340800,82.998000,,,,17176.268800,
2024,G12184,31976,Groupe Minier Windfall Inc. - Groupe minier Windfall,213119,Lebel-sur-Quévillon,Quebec,5898.175000,5.143600,44.705500,,,,5948.024100,
2024,G12185,4788,Entreprises Sappi Canada Inc. - Sappi Matane,322111,Matane,Quebec,5006.000000,11.368000,91.022200,,,,5108.390200,13873.000000
2024,G12186,31612,Tourmaline Oil Corp - Nig Creek Sour Gas Plant (c-046-C/94-H-04) - TOU,211110,n/a,British Columbia,154073.506600,15117.875080,1159.099400,,,,170350.481080,
2024,G12190,22593,Pivotal Energy Partners Inc. - Parkland Power Plant 06-11,221121,Parkland,Alberta,12549.857400,5459.095600,116.626500,,,,18125.579500,
2024,G12191,31111,Keyera Corp - Gold Creek Compressor Station 12-02-068-06W6,211110,GRAND PRAIRIE,Alberta,44405.042530,9071.066480,4753.000250,,,,58229.109260,
2024,G12193,25212,IPC Canada Ltd. - Blackrod SAGD Pilot 02-36-076-18W4,211110,Wandering River,Alberta,31672.589000,1505.897400,184.808350,,,,33363.294750,
2024,G12197,35089,Bombardier Inc. - Bombardier Toronto,336410,Mississauga,Ontario,8702.800000,4.480000,18.550000,,,,8725.830000,
2024,G12200,0,Chosen Fresh Farms Ltd. - Chosen Fresh Farms Ltd.,111419,Leamington,Ontario,11886.260000,6.496000,57.717000,,,,11950.473000,
2024,G12201,,Bonterra Energy Corp. - Bonterra 05-35 Sweet Gas Plant,211110,Drayton Valley,Alberta,11860.740000,1512.848400,79.685500,,,,13453.273900,
2024,G12202,5567,8439117 Canada Inc. / RSI Environmental - RSI Environnement - Centre de décontamination et de recyclage des sols,562910,Saint-Ambroise,Quebec,19720.300000,2.268000,121.900000,,,,19844.468000,
2024,G12204,31848,Grantech - Grantech,339990,Contrecoeur,Quebec,10292.310000,5.936000,83.475000,,,,10381.721000,
2024,G12206,22884,Tourmaline Oil Corp - Leland Comp Stn 14-34-058-26-W5,211110,Hinton,Alberta,27310.989370,2194.002440,179.145300,,,,29684.137110,
2024,G12207,30605,Ovintiv Canada ULC - Pipestone Processing Facility and Liquids Hub 04-07-073-08W6,211110,n/a,Alberta,189785.212586,6248.252332,2724.422335,,,,198757.887253,
2024,G12208,0,"Aphria Inc. - Aphria Inc. ",111419,Leamington,Ontario,14341.040000,8.400000,68.900000,,,,14418.340000,
2024,G12211,29378,Mancal Energy Inc. - Mancal Karr 01-07-066-03W6 Oil Battery,211110,Karr,Alberta,10448.782800,1700.879600,255.036000,,,,12404.698400,
2024,G12215,29776,Westbrick Energy Ltd (1) - Willesden Green 08-10,211110,Clearwater County,Alberta,12395.687400,2389.979200,83.485600,,,,14869.152200,
2024,G12217,0,1287755 Ontario Inc - Pinnacle Acres,111419,Leamington,Ontario,11799.595550,19.693800,60.533950,,,,11879.823300,
2024,G12218,19475,Tourmaline Oil Corp - Crew Edson 16-10-052-15 W5,211110,na,Alberta,9830.435240,1497.641600,64.869350,,,,11392.946190,
2024,G12219,0,H & A Mastronardi Farms Ltd - H&A Graham #3,111419,Kingsville,Ontario,13652.761150,82.027400,538.238850,,,,14273.027400,4355.300000
2024,G12220,0,Bonterra Energy Corp. - Bonterra 10-15 Sweet Gas Plant,211110,Drayton Valley,Alberta,12792.419000,1609.834800,86.310500,,,,14488.564300,
2024,G12221,0,City of Swift Current - SC East Landfill,562210,Swift Currect,Saskatchewan,179.560000,18369.271200,185.844500,,,,18734.675700,2833.290000
2024,G12223,31687,Cenovus Energy Inc. - ANSELL CORSER GAS PLANT 06-20-049-18W5,211110,Edson,Alberta,50590.275240,13571.554640,1720.401200,,,,65882.231080,
2024,G12224,0,Tundra Oil & Gas Limited - Flat Lake 14-09-002-11W2 MWB,211110,n/a,Saskatchewan,15798.070000,1600.200000,7.950000,,,,17406.220000,
2024,G12225,0,Canadian Natural Resources Limited - Septimus 14-16-081-18W6,211110,Fort St. John,British Columbia,9532.211640,1178.164400,72.236350,,,,10782.612390,
2024,G12229,0,Corex Resources Ltd. - Daly Unit No. 3 Battery,211110,VIRDEN,Manitoba,12518.897000,188.636000,31.535000,,,,12739.068000,
2024,G12232,28789,Teine Energy Ltd. - TEINE Plato 13-18-26-18W3,211110,Snipe Lake,Saskatchewan,6801.767970,1355.949000,33.874950,,,,8191.591920,
2024,G12237,31673,AltaGas Ltd. - Harmattan Eagle Hill Battery,211110,n/a,Alberta,17738.908790,6613.551840,551.748550,,,,24904.209180,
2024,G12238,0,Canadian Natural Resources Limited - Bilbo Comp Stn 04-32-065-07W6,211110,n/a,Alberta,10209.142020,1189.183240,74.719400,,,,11473.044660,
2024,G12242,0,Hacienda North Farms Inc. - Hacienda North Farms Plant 1,111419,WHEATLEY,Ontario,13735.554430,8.813840,66.652800,,,,13811.021070,
2024,G12244,31842,Strathcona Resources Ltd. - Meota East 02-16-46-16W3M,211110,Meota,Saskatchewan,238503.695030,17407.400640,1516.711600,,,,257427.807270,
2024,G12245,,Bonterra Energy Corp. - CS 09-02-048-06W5 (ABCS0136852),211110,CALGARY,Alberta,11294.101000,1021.496000,76.850000,,,,12392.447000,
2024,G12251,0,PointBreak Resources Inc. - ARCHER MANNVILLE-MINBURN,211110,NA,Alberta,9976.659000,1210.770400,67.124500,,,,11254.553900,
2024,G12253,0,Canadian Natural Resources Limited - Daiber Gas MWB d-044-C/094-B-16,211110,Snake River,British Columbia,12450.187150,1570.761920,98.153350,,,,14119.102420,
2024,G12255,0,Ontario Plants Propagation Limited - Ontario Plants Propagation Limited,111419,St. Thomas,Ontario,12574.749140,7.198800,60.062250,,,,12642.010190,
2024,G12259,31552,Advantage Energy Ltd. - Valhalla Comp Stn 13-16,211110,Valhalla,Alberta,16603.340000,1280.554240,113.109950,,,,17997.004190,
2024,G12262,17287,Pine Cliff Energy Ltd. - Medicine Hat  01-16-013-29 W3,211110,Medicine Hat,Saskatchewan,7027.934600,3150.333200,273.188500,,,,10451.456300,
2024,G12264,31569,ARC RESOURCES LTD. - Kakwa 10-16-062-04W6,211110,Kakwa,Alberta,84690.105010,4100.276880,988.958800,,,,89779.340690,
2024,G12265,5970,City of Hamilton - Woodward Avenue Wastewater Treatment Plant,221320,Hamilton,Ontario,3158.529000,78.057000,29168.666600,,,,32405.252600,4941.019000
2024,G12268,30093,Saturn Oil & Gas Inc. - RBR KAYB 15-30-063-18W5 MWOB,211110,County of Greenview No. 16,Alberta,18477.237749,3795.023540,116.588605,,,,22388.849894,
2024,G12273,0,"Corex Resources Ltd. - Daly Unit No.1 Battery ",211110,VIRDEN,Manitoba,3863.445000,69.412000,10.070000,,,,3942.927000,
2024,G12276,0,Canlin Energy Corporation - HANLAN SOUR INLET,211110,Robb,Alberta,23665.115900,1910.269200,158.576000,,,,25733.961100,
2024,G12277,19153,Parallax Energy Operating Inc. - Parallax Sylvan Lake 06-20-037-01W5 Gas Plant,211110,NA,Alberta,10042.002050,2051.548240,240.614700,,,,12334.164990,
2024,G12282,16490,NorthRiver Midstream Inc. - 05-22 Pouce Coupe Compressor Station,211110,SPIRIT RIVER,Alberta,10238.090000,3914.170400,1276.240000,,,,15428.500400,
2024,G12286,0,Canadian Natural Resources Limited - BCBT0007465,211110,Fort St John,British Columbia,12950.683960,1504.586440,100.382000,,,,14555.652400,
2024,G12290,32419,Cavendish Farms Corporation - Cavendish Farms,311410,Lethbridge,Alberta,30486.794600,17.284400,145.220000,,,,30649.299000,
2024,G12291,22580,Long Run Exploration Ltd - LRE - Kakut Gas Plant 14-12,211110,n/a,Alberta,10547.485268,1837.227308,173.484105,,,,12558.196681,
2024,G12292,2322,Lanxess Canada Co./Cie - Elmira Facility,325999,Elmira,Ontario,7149.812000,3.897600,32.913000,,,,7186.622600,
2024,G12294,31782,Signalta Resources Ltd. - Coaldale 6.4 MW Power Plant,221112,Lethbridge,Alberta,22432.430700,160.658400,152.057000,,,,22745.146100,
2024,G12297,0,TransAlta Renewables Inc. - Soderglen Wind Farm,221119,Fort Macleod,Alberta,57.726003,0.054152,0.668330,,,,58.448485,
2024,G12298,0,"Vale Canada Limited - Copper Cliff Mining, Smelting and Refining Complex",331410,Copper Cliff,Ontario,293322.878000,220.550400,986.822900,,,99.569500,294629.820800,
2024,G12299,31549,TODD ENERGY CANADA LIMITED - Todd Birch a-44-I/94-A-13 Compressor Station IF_a,211110,Fort St. John,British Columbia,23768.960290,2564.106720,169.292600,,,,26502.359610,
2024,G12300,0,"Louis Dreyfus Company Canada ULC - Louis Dreyfus Company Canada ULC ",311224,Yorkton,Saskatchewan,52486.703800,29.864800,231.954500,,,,52748.523100,
2024,G12302,0,Metex Heat Treating Ltd. - Metex Heat Treating Ltd.,332810,Brampton,Ontario,10220.030000,6.720000,45.924500,,,,10272.674500,
2024,G12304,0,Wesdome Gold Mines Ltd. - Eagle River Mill,212220,Wawa,Ontario,13402.584000,58.380000,103.880000,,,,13564.844000,148.951000
2024,G12305,31632,Tourmaline Oil Corp - Spirit River 13-28-078-08W6 GGS,211110,Grande Prairie,Alberta,10874.045850,880.492200,71.128650,,,,11825.666700,
2024,G12307,0,Tundra Oil & Gas Limited - Pierson 04-01-002-28 W1M,211110,Pierson,Manitoba,9861.270000,1104.880000,42.400000,,,,11008.550000,
2024,G12308,0,Milner Power II Limited Partnership by its General Partner Milner Power II Inc. - Milner M2 Power Plant,221112,MUNICIPAL DISTRICT OF GREENVIEW,Alberta,731186.904500,5179.297200,4854.243500,,,,741220.445200,
2024,G12309,0,City of Toronto - Beare Road Landfill,562210,Scarborough,Ontario,,37285.360000,,,,,37285.360000,
2024,G12310,35302,Capital Region Service Commission - Fredericton Region Landfill,562210,Fredericton,New Brunswick,1392.286000,57381.088800,24.327000,,,,58797.701800,18899.215000
2024,G12311,32394,Cenovus Energy Inc. - Spruce Lake Central Thermal,211110,Lloydminster,Saskatchewan,331959.096300,3695.039600,486.200800,,,,336140.336700,
2024,G12312,31542,Whitecap Resources Inc. - Kaybob 07-20-060-19W5 GGS,211110,n/a,Alberta,71665.877480,17912.813800,1672.036050,,,,91250.727330,
2024,G12313,17067,Cenovus Energy Inc. - NEL ANSELL BT 07-27-051-19W5,211110,Edson,Alberta,6719.057910,39525.650920,117.559300,,,,46362.268130,
2024,G12315,0,Southwest Regional Service Commission - Hemlock Knoll Landfill,562210,Lawrence Station,New Brunswick,228.000000,76054.608000,0.530000,,,,76283.138000,248.000000
2024,G12316,0,Fundy Regional Service Commission - Crane Mountain,562210,Saint John,New Brunswick,666.000000,73046.064000,1.325000,,,,73713.389000,1260.000000
2024,G12317,0,PETRONAS Energy Canada Ltd. - TOWN C-72-A Gas Plant,211110,Fort St. John,British Columbia,68464.538400,4347.193200,421.456000,,,,73233.187600,
2024,G12318,0,Cenovus Energy Inc. - Ansell MWB 03-06-049-18W5,211110,YellowHead county,Alberta,1615.359640,19328.504440,7.592250,,,,20951.456330,
2024,G12322,31982,ConocoPhillips Canada (BRC) Partnership - Montney Sour Gas Plant C-011-K/094-A-12,211110,n/a,British Columbia,176214.034390,17610.656560,1285.591850,,,,195110.282800,
2024,G12323,32246,Veren Inc. - HHR ABGS0153145,211110,Grande Prairie,Alberta,44874.109800,3855.807200,285.564000,,,,49015.481000,
2024,G12324,0,Commission de services régionaux Nord Ouest - Cogerno Regional Landfill,562210,Riviere Verte,New Brunswick,328.000000,47245.212000,1.629750,,,,47574.841750,2034.000000
2024,G12325,32281,Taqa North Ltd. - TAQA - Sunchild 01-04-044-11W5M Facility,211110,na,Alberta,45205.140000,4336.920000,296.800000,,,,49838.860000,
2024,G12326,0,Commission de services régionaux Chaleur - Red Pine Landfill,562210,Allardville,New Brunswick,613.630000,111440.842800,29.415000,,,,112083.887800,2899.400000
2024,G12327,32358,Tourmaline Oil Corp - Resthaven 03-16-060-02W6 Gas Plant,211110,Calgary,Alberta,42617.961130,5769.754200,283.997850,,,,48671.713180,
2024,G12328,24352,Tamarack Valley Energy Ltd - Provost Veteran Oil Battery 15-20-034-08W4,211110,Special Area No. 4,Alberta,17499.103800,8536.295600,1013.201000,,,,27048.600400,
2024,G12329,0,"NGTL GP Ltd. (as general partner representing NGTL Limited Partnership) - NGTL, British Columbia System",486210,ARRAS,British Columbia,190373.592900,12231.672040,1285.978750,,,,203891.243690,
2024,G12331,31677,Pembina Pipeline Corporation - Duvernay Sweetening Plant,211110,M.D. of Greenview,Alberta,54429.403750,6543.096840,620.712150,,,,61593.212740,
2024,G12332,22864,Tourmaline Oil Corp - Kakwa 04-26-061-05W6 Compressor,211110,CALGARY,Alberta,50268.270680,4478.122320,337.411250,,,,55083.804250,
2024,G12333,0,Halifax Regional Municipality (HRM) - Highway 101 Landfill,562210,Upper Sackville,Nova Scotia,,30637.320000,,,,,30637.320000,
2024,G12334,10413,Ottawa Valley Waste Management Board - OTTAWA VALLEY WASTE RECOVERY CENTRE,562210,Pembroke,Ontario,403.948600,28161.204400,360.055500,,,,28925.208500,2227.347100
2024,G12335,27093,Taqa North Ltd. - PWE Pouce Coupe 1-19 GGS,211110,Saddle Hills County,Alberta,28205.840000,5014.800000,193.450000,,,,33414.090000,
2024,G12336,0,City of Toronto - Thackeray Landfill,562210,Toronto,Ontario,,49729.680000,,,,,49729.680000,
2024,G12338,0,1974568 Ontario Limited o/a Aphria Diamond  - Aphria Diamond,111419,Leamington,Ontario,20760.090000,12.600000,100.700000,,,,20873.390000,
2024,G12339,31235,NuVista Energy Ltd. - Pipestone South Gas Battery 14-17,211110,Calgary,Alberta,52326.645510,14166.937400,353.547100,,,,66847.130010,
2024,G12340,0,Ember Resources Inc. - AG20 ABGP0001220 NEVIS 12-07 GP,211110,Nevis,Alberta,19844.100000,3211.600000,159.000000,,,,23214.700000,
2024,G12342,0,Strathcona Resources Ltd. - Pipestone Compressor Station 08-15-070-08W6,211110,n/a,Alberta,55161.347820,4176.368840,371.378950,,,,59709.095610,
2024,G12344,32346,Tourmaline Oil Corp - Gundy A-021-I/094-B-09 Compressor,211110,WONOWON,British Columbia,68800.560880,7070.281680,480.278050,,,,76351.120610,
2024,G12346,0,Ember Resources Inc. - AG20 ABBT0118889 IRRICANA 10-22 BTY,211110,Irricana,Alberta,12632.400000,1660.400000,106.000000,,,,14398.800000,
2024,G12349,0,ARC RESOURCES LTD. - Ante Creek Sweet Gas Plant 10-36,211110,n/a,Alberta,26699.176630,2717.680560,2070.845150,,,,31487.702340,
2024,G12350,0,City of Mission - Mission Landfill,562210,Mission,British Columbia,,26936.000000,,,,,26936.000000,
2024,G12352,0,Canlin Energy Corporation - Shell Canada Limited CS 12-28,211110,Bighorn,Alberta,11446.662800,1028.608000,73.900550,,,,12549.171350,
2024,G12353,33084,GCT Canada Limited Partnership - GCT Deltaport,488320,Delta,British Columbia,17213.869000,29.268400,446.323600,,,,17689.461000,
2024,G12354,31218,AltaGas Ltd. - Ridley Island Propane Export Terminal,211110,Prince Rupert,British Columbia,37755.326880,94.347960,144.674100,,,,37994.348940,
2024,G12356,11073,Linamar Gear - Linamar Gear,336350,Guelph,Ontario,22970.150000,21.744800,111.074750,,,,23102.969550,
2024,G12361,0,Ember Resources Inc. - AG20 ABBT0097122 FOSTER 08-28 BTY,211110,Torrington,Alberta,13339.800000,2517.200000,106.000000,,,,15963.000000,
2024,G12362,0,Ember Resources Inc. - AG20 ABGS0121501 ACME 16-07 GGS,211110,Acme,Alberta,8561.100000,1475.600000,79.500000,,,,10116.200000,
2024,G12363,0,Ember Resources Inc. - AG20 ABBT0141226 ENTICE 01-22 BTY,211110,Entice,Alberta,22141.900000,5860.400000,185.500000,,,,28187.800000,
2024,G12364,0,Obsidian Energy Ltd. - Willesden Green Sweet Gas Plant 13-27,211110,n/a,Alberta,11352.986155,4754.032052,73.738635,,,,16180.756842,
2024,G12366,0,"TQM Pipeline and Company, Limited Partnership - TQM Pipeline",486110,Mascouche,Quebec,8438.080500,7598.072720,57.420200,,,,16093.573420,
2024,G12367,25405,Insignia Energy Ltd. - Pouce Coupe 14-27,211110,Calgary,Alberta,12410.073500,3066.117600,694.856500,,,,16171.047600,
2024,G12368,5108,"West Fraser Mills Ltd. - WestPine MDF, a division of West Fraser Mills Ltd.",321216,Quesnel,British Columbia,16890.719600,574.047600,807.269500,,,,18272.036700,63023.400000
2024,G12369,,Sensei Farms Leamington ULC - Sensei Farms Leamington ULC,111419,Staples,Ontario,6011.720000,3.287200,29.203000,,,,6044.210200,
2024,G12370,32388,Kiwetinohk Energy Corp. - Placid 07-11-060-23W5 Sour Facility,211110,Placid Montney,Alberta,23359.699014,4121.483128,864.460475,,,,28345.642617,
2024,G12371,0,Ember Resources Inc. - AG20 ABGS0003808 FENN BV 12-15 GGS,211110,Fenn Big Valley,Alberta,10922.600000,2198.000000,79.500000,,,,13200.100000,
2024,G12373,31997,Cygnet Energy Ltd. - MURPHY SIMONETTE 03-02,211110,Fox Creek,Alberta,1461.399500,272.865600,36.437500,,,,1770.702600,
2024,G12374,0,2492309 Ontario Ltd - 2492309 Ontario Ltd,111419,Leamington,Ontario,23164.540000,12.880000,111.300000,,,,23288.720000,
2024,G12376,29185,Mancal Energy Inc. - Mancal Alder 06-19-045-06W5 Gas Plant,211110,CALGARY,Alberta,9562.433200,788.902800,544.760500,,,,10896.096500,
2024,G12378,28032,Mancal Energy Inc. - Mancal Wilson 04-14-044-05W5 Oil Battery,211110,CALGARY,Alberta,8873.845400,2036.790000,354.676000,,,,11265.311400,
2024,G12380,27693,Bearspaw Petroleum Ltd. - 6-21-38-20W4M,211110,STETTLER,Alberta,11272.907796,2141.635384,65.777505,,,,13480.320685,
2024,G12382,22280,Tourmaline Oil Corp - Kakwa Gas Processing 01-35-060-05W6,211110,CALGARY,Alberta,39362.062000,3579.047920,260.889850,,,,43201.999770,
2024,G12383,30995,Westbrick Energy Ltd (1) - Westbrick 04-06-047-12W5 Multi-Well Battery,211110,YellowHead county,Alberta,16534.259300,1492.892800,110.560650,,,,18137.712750,
2024,G12385,0,Cenovus Energy Inc. - Station F Comp Station 16-09,211110,n/a,Alberta,8450.452770,2546.473160,235.439250,,,,11232.365180,
2024,G12386,0,"Ember Resources Inc. - AG20 ABGS0004506 GAYFORD 12-35 GGS ",211110,Gayford,Alberta,10242.800000,1800.400000,79.500000,,,,12122.700000,
2024,G12387,0,Canadian Natural Resources Limited - Mantario Oil Battery 13-32-027-27W3,211110,Lloydminster,Saskatchewan,12369.350440,7147.472640,56.577500,,,,19573.400580,
2024,G12389,0,Canadian Natural Resources Limited - Nig Creek Sour Gas Plant b-048-G,211110,Buick,British Columbia,33221.578540,3286.428880,234.676050,,,,36742.683470,
2024,G12390,10995,FortisOntario Inc. - Gerald Parisien Energy Facility,221112,Cornwall,Ontario,4795.000000,2.632000,21.995000,,,,4819.627000,
2024,G12391,31639,Tourmaline Oil Corp - Medicine Lodge Gas Plant (14-03-052-23W5) - TOU,211110,Hinton,Alberta,17050.334730,1452.107440,115.791750,,,,18618.233920,
2024,G12394,16774,AltaGas Ltd. - Pipestone 05-36-071-07W6 Battery,211110,Dimsdale,Alberta,10378.681660,1462.307560,70.405200,,,,11911.394420,
2024,G12395,7060,Vehcom Manufacturing - VEHCOM MANUFACTURING,336350,Guelph,Ontario,10668.960000,11.508000,53.265000,,,,10733.733000,
2024,G12398,31060,Cygnet Energy Ltd. - MURPHY 08-03 WASKAHIGAN,211110,Fox Creek,Alberta,102.240400,64.699600,15.105000,,,,182.045000,
2024,G12399,500518,HARVEST OPERATIONS CORP. - BILBO 04-25 GROUP GAS BTY,211110,n/a,Alberta,7013.084500,8036.806400,247.006500,,,,15296.897400,
2024,G12401,0,Torxen Energy Ltd. - Wintering Hills gas Plant 01-18-025-17W4,211110,N/A,Alberta,10823.499030,2919.889560,437.833000,,,,14181.221590,
2024,G12402,7788,"West Fraser Mills Ltd. - Williams Lake Lumber, a division of West Fraser Mills Ltd. ",321111,Williams Lake,British Columbia,10205.405900,6.980400,92.591000,,,,10304.977300,
2024,G12404,30807,Eldorado Gold (Québec) Inc. - Eldorado Gold (Québec) Inc.,212220,Val-d'Or,Quebec,15642.290000,30.478000,1430.602500,,,,17103.370500,
2024,G12407,18628,Pine Cliff Energy Ltd. - Ghost Pine No.1 Comp Station 06-05,211110,n/a,Alberta,8663.195600,1389.035200,641.167500,,,,10693.398300,
2024,G12412,0,Canadian Natural Resources Limited - BCBT0000245,211110,Bearhole,British Columbia,9606.620520,2456.457640,65.574250,,,,12128.652410,
2024,G12422,36034,PepsiCo Canada ULC - PepsiCo Beverage Company,312110,Mississauga,Ontario,9668.746200,42.632800,62.831500,,,,9774.210500,
2024,G12423,31965,Advantage Energy Ltd. - Wembley Comp Stn 03-01,211110,Calgary,Alberta,25788.440000,1983.385600,175.981200,,,,27947.806800,
2024,G12425,0,Grace Family Farms Limited - Grace Family Farms Ltd,111419,Leamington,Ontario,9967.790000,5.448800,48.415500,,,,10021.654300,
2024,G12430,0,Torxen Energy Ltd. - Verger North Comp Stn 06-18-022-14W4,211110,n/a,Alberta,7941.699020,2459.811760,217.188700,,,,10618.699480,
2024,G12432,31313,Ovintiv Canada ULC - Pipestone Compressor Station 14-27-072-09W6,211110,n/a,Alberta,9770.459300,3237.116400,1296.645000,,,,14304.220700,
2024,G12435,5616,Lactalis Canada Inc. - Mitchell,311515,Mitchell,Ontario,10431.450000,5.740000,48.044500,,,,10485.234500,
2024,G12436,15355,Karve Energy Inc. - Brownfield Sweet Gas Plant,211110,Veteran,Alberta,8841.420000,1347.920000,506.150000,,,,10695.490000,
2024,G12437,10388,Hydro One Remote Communities Inc. - Sandy Lake Diesel Generating Station,221112,Sandy Lake,Ontario,4254.760000,3.360000,7.950000,,,,4266.070000,
2024,G12439,7932,"West Fraser Mills Ltd. - Quesnel Plywood, a division of West Fraser Mills Ltd.",321212,Quesnel,British Columbia,13542.040500,8.170400,88.430500,,,,13638.641400,26654.382000
2024,G12440,0,Markham District Energy Inc. - Birchmount Energy Centre,221330,Markham,Ontario,18105.250000,66.163440,101.953450,,,,18273.366890,
2024,G12445,0,NorthRiver Midstream Inc. - CS12 14-11 Hub,211110,SPIRIT RIVER,Alberta,1971.965500,1225.856800,266.192500,,,,3464.014800,
2024,G12446,0,Markham District Energy Inc. - Clegg Energy Centre,221330,Markham,Ontario,3062.950000,1.668716,14.021150,165.100000,,,3243.739866,
2024,G12447,0,KAMERON COAL MANAGEMENT LIMITED - Donkin Mine,212114,Donkin,Nova Scotia,373.643000,187665.007880,6.201000,,,,188044.851880,
2024,G12448,17875,Cavvy Energy - Waterton Complex - Compressor Station X,211110,PINCHER CREEK,Alberta,7686.844800,2525.292000,475.834000,,,,10687.970800,
2024,G12449,0,Municipalité Régionale de Comté de Lac-Saint-Jean-Est - Lieu d'Enfouissement Sanitaire de l'Ascension,562210,L'Ascension,Quebec,,18741.800000,,,,,18741.800000,351.500000
2024,G12451,11694,WK Kellogg Canada Corp. - Belleville Plant,311230,Belleville,Ontario,11083.420000,6.160000,50.350000,,,,11139.930000,
2024,G12453,0,Régie intermunicipale de gestion des matières résiduelles Avignon-Bonaventure - Municipalité de Saint-Alphonse- LET,562210,Saint-Alphonse,Quebec,163.500000,11466.492800,0.352450,,,,11630.345250,
2024,G12454,29783,Tourmaline Oil Corp - Laprise Gas Plant (B-24-H / 94-G-08),211110,Beatton River,British Columbia,74369.396820,7383.255880,556.714650,,,,82309.367350,
2024,G12455,0,"Canada Bread Company, Limited - Bimbo Canada EPS - Integrated Facility",311814,HANNON,Ontario,10822.000000,5.908000,49.555000,1127.805000,,,12005.268000,
2024,G12456,7196,CGC Inc. - Montreal Plant (024),327420,Montréal,Quebec,34587.200000,22.764000,198.750000,,,,34808.714000,
2024,G12460,29453,Kiwetinohk Energy Corp. - Kaybob 10-29-063-23W5 Gas Plant,211110,Simonette,Alberta,66925.055015,12367.052376,3340.453525,,,,82632.560916,
2024,G12461,26501,Kiwetinohk Energy Corp. - Kaybob 05-31-062-24W5 Gas Plant,211110,Simonette,Alberta,23117.221815,3936.764412,1459.757535,,,,28513.743762,
2024,G12466,31795,Iamgold Corporation - Côté Gold,212220,Gogama,Ontario,96528.544000,313.264000,350.913000,,,,97192.721000,
2024,G12472,33086,Surge Energy Inc. - Astra Lampman 08-03-05-06 W2M,211110,Lampman,Saskatchewan,37694.926100,2039.282000,157.251000,,,,39891.459100,
2024,G12474,16992,Surge Energy Inc. - Provost Gas Plant 08-14-040-03W4,211110,Provost,Alberta,12852.894900,1285.687200,65.985000,,,,14204.567100,
2024,G12475,33048,NuVista Energy Ltd. - Pipestone North 16-28-71-09W6 GS,211110,Calgary,Alberta,68796.363560,4005.773520,249.823450,,,,73051.960530,
2024,G12478,34310,Veren Inc. - Kaybob 05-33 Gathering Station,211110,n/a,Alberta,38044.359000,3448.113200,257.447500,,,,41749.919700,
2024,G12483,32397,Spur Petroleum Ltd. - Nipisi 15-31-076-06W5,211110,n/a,Alberta,23235.394900,3044.641600,128.578000,,,,26408.614500,
2024,G12484,32398,Spur Petroleum Ltd. - Marten Hills 15-29-073-24W4,211110,n/a,Alberta,30447.371500,3521.235200,185.049500,,,,34153.656200,
2024,G12485,32940,Gibson Energy Inc. - Hardisty Diluent Recovery Unit,486110,HARDISTY,Alberta,57677.850778,3838.868040,333.962540,,,,61850.681358,
2024,G12488,5463,Bombardier Inc. - Centre de finition Montréal,336410,Dorval,Quebec,11023.430000,3.192000,42.930000,33.800000,,,11103.352000,
2024,G12489,32552,Veren Inc. - Gold Creek 03-26 GP,211110,CALGARY,Alberta,37371.617900,3462.250400,254.453000,,,,41088.321300,
2024,G12490,10779,Coca Cola Canada Bottling Limited - Brampton Plant,312110,Brampton,Ontario,10391.431000,2.213708,20.146625,,,,10413.791333,
2024,G12491,4583,Coca Cola Canada Bottling Limited - Weston Plant,312110,Toronto,Ontario,10909.710000,4.200000,37.100000,,,,10951.010000,
2024,G12494,0,IMT Standen's Limited Partnership - Standen's Building 1,332113,Calgary,Alberta,13829.970000,9.128000,61.347500,,,,13900.445500,
2024,G12495,33015,"Strathcona Resources Ltd. - Meota West 2, 06-17-46-17W3",211110,Meota,Saskatchewan,232178.571650,532.651280,989.382800,,,,233700.605730,
2024,G12496,22,Nylene Canada ULC. - Nylene Canada Inc.,313110,Arnprior,Ontario,8730.229800,5.061672,40.265425,,,,8775.556897,
2024,G12497,32599,Produits Kruger Sherbrooke Inc - Produits Kruger Sherbrooke Inc,322121,Sherbrooke,Quebec,56444.753000,32.160996,259.170530,,,,56736.084526,
2024,G12498,0,PETRONAS Energy Canada Ltd. - Town A-018-D/094-A-13,211110,Peace River,British Columbia,29068.662200,1172.637200,175.536000,,,,30416.835400,
2024,G12499,0,PETRONAS Energy Canada Ltd. - Town B-089-J/094-B-16 Gas Plant,211110,Peace River,British Columbia,106045.070100,8905.596000,634.118500,,,,115584.784600,
2024,G12501,0,Ember Resources Inc. - AG20 ABGS0084509 DRY ISLAND GGS,211110,ELNORA,Alberta,12915.600000,4054.400000,106.000000,,,,17076.000000,
2024,G12505,29828,Tiger Calcium Services Inc - Mitsue Plant,325999,MD of Lesser Slave River N0. 124,Alberta,19102.939490,16.051840,91.525700,,,,19210.517030,
2024,G12506,32593,Enbridge Pipelines Inc. - Edmonton South Power Plant,221112,Edmonton,Alberta,19853.429100,137.382000,130.032850,,,,20120.843950,
2024,G12508,0,Whitecap Resources Inc. - Browning 04-23-006-07W2 MWB,211110,n/a,Saskatchewan,23049.287150,1756.409760,15.550200,,,,24821.247110,
2024,G12512,24148,Whitecap Resources Inc. - Garrington 08-15-034-04W5 BTY,211110,Garrington,Alberta,13455.583370,6914.821760,338.540150,,,,20708.945280,
2024,G12513,0,Whitecap Resources Inc. - Verendrye 04-22-028-24W3 MWB,211110,n/a,Saskatchewan,10418.828460,2266.795160,5.300000,,,,12690.923620,
2024,G12514,0,Via Verde Hydroponics Ltd. - Via Verde Hydroponics,111419,Leamington,Ontario,17647.500000,27.720000,90.100000,,,,17765.320000,
2024,G12515,17169,Keyera Corp - Lockhart 06-19 Compressor Site,211110,Rimbey,Alberta,8199.472460,2739.378040,217.390100,,,,11156.240600,
2024,G12516,32527,Société de développement durable d'Arthabaska - LET de Saint-Rosaire,562210,Saint-Rosaire,Quebec,499.200000,100085.636000,2879.490000,,,,103464.326000,4917.000000
2024,G12517,0,Boem Berry Farms Inc. - Boem Berry Farms Inc.,111419,Kingsville,Ontario,17545.368680,11.028080,85.489000,,,,17641.885760,
2024,G12518,8563,PNA Partnership - La Prairie,327215,La Prairie,Quebec,10213.000000,5.863200,48.415500,,,,10267.278700,
2024,G12520,3201,3M Canada Company - PERTH,322220,PERTH,Ontario,9374.220000,4.594100,38.695035,,,,9417.509135,
2024,G12522,32558,1916354 Alberta Ltd. - Dellcom Aerospace,332710,Concord,Ontario,0.007058,,,,,,0.007058,
2024,G12524,15396,Long Term Asset Management Inc - 16-24-018-17-W4 Leckie,211110,Countess,Alberta,9188.330000,1391.600000,636.000000,,,,11215.930000,
2024,G12526,35380,Ya Ya Foods Corporation - Ya Ya Foods Corporation,311930,Etobicoke,Ontario,19906.500000,14.733600,92.882500,,,,20014.116100,
2024,G12527,0,Fernlea Flowers - Fernlea Flowers,111422,Delhi,Ontario,11254.980000,6.151600,54.669500,,,,11315.801100,
2024,G12528,0,Cielo Vista Farms Inc. - Cielo Vista Farms Inc.,111419,Leamington,Ontario,14401.020000,7.873600,69.960000,,,,14478.853600,
2024,G12529,0,Olymel s.e.c (Ontario) - Brampton Westwyn,311615,Brampton,Ontario,744.622000,0.184800,1.537000,,,,746.343800,
2024,G12530,,"Wolf Midstream  - Alberta Carbon Trunk Line ",486990,Calgary,Alberta,4798.840000,0.140000,1.325000,,,,4800.305000,
2024,G12531,0,GOLDEN ACRE FARMS INC. - Golden Acre Farms Inc.,111419,KINGSVILLE,Ontario,9695.620000,5.303200,47.117000,,,,9748.040200,
2024,G12534,29238,Outlier Resources Ltd. - Windfall 14-24,211110,Woodlands County,Alberta,16692.818000,2033.808000,113.420000,,,,18840.046000,
2024,G12536,35421,City of Chilliwack - Bailey Sanitary Landfill,562210,Chilliwack,British Columbia,563.127400,64313.337200,23.002000,,,,64899.466600,1280.020300
2024,G12537,32438,Sofina Foods Inc./Aliments Sofina Inc. - Orlando,311410,Mississauga,Ontario,14155.775000,2.548000,27.825000,,,,14186.148000,
2024,G12538,,IMT Standen's GP Inc. - IMT Integrated Facility,332113,Kitchener,Ontario,9460.485262,5.215588,43.916065,,,,9509.616915,
2024,G12539,32435,Artis Exploration Ltd. - 16-24-031-25W4,211110,Three Hills,Alberta,15287.741000,4412.604000,1497.250000,,,,21197.595000,
2024,G12544,,Obsidian Energy Ltd. - Pembina 09-17-050-07W5,211110,n/a,Alberta,7498.952179,966.068712,49.908245,,,,8514.929136,
2024,G12545,11755,Kerry (Canada) Inc - Kerry Renfrew,311930,Renfrew,Ontario,388.600900,25.304384,168.018215,,,,581.923499,15371.962000
2024,G12546,32437,Canada Royal Milk ULC - Canada Royal Milk ULC,311515,Kingston,Ontario,6222.226000,3.399284,28.502605,,,,6254.127889,
2024,G12547,7873,Canoe Forest Products  - Canoe Forest Products,321212,Canoe,British Columbia,16580.658000,11.088000,102.555000,,,,16694.301000,
2024,G12548,31054,Enhance Energy Inc. - Enhance Energy - Clive 04-15,211110,Clive,Alberta,100.729938,,,,,,100.729938,
2024,G12549,7640,Magna International Inc - MODATEK SYSTEMS,336390,Milton,Ontario,6892.900000,8.949920,38.652900,,,,6940.502820,
2024,G12550,7920,Weyerhaeuser Company Limited - Weyerhaeuser Princeton Sawmill,321111,Princeton,British Columbia,13091.590000,9.582720,113.751250,,,,13214.923970,
2024,G12551,20021,Interfor Corporation - Grand Forks Sawmill,321111,Grand Forks,British Columbia,10618.170700,6.753600,77.353500,,,,10702.277800,22.419700
2024,G12552,7709,Dunkley Lumber Ltd. - Dunkley Lumber Ltd.,321111,Strathnaver,British Columbia,24093.731720,14.217588,165.914380,,,,24273.863688,737.740000
2024,G12553,32235,"NEWMONT CORPORATION - Red Chris Mine ",212220,DEASE LAKE,British Columbia,99029.865400,204.674400,343.307500,,,,99577.847300,2610.481200
2024,G12555,0,Molycop LTD - Moly-Cop Canada,331511,Kamloops,British Columbia,20290.986800,10.843392,92.288635,,,,20394.118827,
2024,G12556,0,Solid Waste Area Management Project - Solid Waste Area Management Project,562210,Stanley,Manitoba,225.629000,19472.964000,10.335000,,,,19708.928000,3200.208000
2024,G12559,2683,Magna International Inc - PRESSTRAN INDUSTRIES (170 Edward St),336390,St Thomas,Ontario,2159.000000,5.320000,13.515000,,,,2177.835000,
2024,G12560,0,Magna International Inc - PRESSTRAN INDUSTRIES (1155 Talbot St),336390,St Thomas,Ontario,865.000000,2.282000,5.618000,,,,872.900000,
2024,G12561,770,City of Ottawa - Robert O. Pickard Environmental Centre,221320,Ottawa,Ontario,1636.570000,6727.472556,47340.529620,,,,55704.572176,18300.000000
2024,G12562,33764,Archer Exploration Corp. - ARCHER 09-25-074-08W6 MWOB & GS,211110,Calgary,Alberta,20508.776000,4941.818000,135.229500,,,,25585.823500,
2024,G12563,33748,Advantage Energy Ltd. - Progress Comp Stn 04-21,211110,Valhalla,Alberta,18833.390000,1448.473600,128.519700,,,,20410.383300,
2024,G12564,5757,Allwood Products Ltd. - 115 Drumlin Cir,337213,Concord,Ontario,340.780000,,,,,,340.780000,
2024,G12565,35175,Allwood Products Ltd. - 180 Viceroy RD,337213,Concord,Ontario,292.600000,,,,,,292.600000,
2024,G12566,0,ARC RESOURCES LTD. - Kakwa 102/10-10-065-05W6,211110,Kakwa,Alberta,41763.757340,1311.839480,264.888700,,,,43340.485520,
2024,G12569,32269,ARC RESOURCES LTD. - Kakwa 05-25-063-04W6,211110,Kakwa,Alberta,8545.507190,2465.337840,221.505550,,,,11232.350580,
2024,G12571,500540,City of North Battleford - City of North Battleford Waste Management Facility,562210,North Battleford,Saskatchewan,137.960000,12692.519560,85.144500,,,,12915.624060,2550.440000
2024,G12575,2670,Belden Canada ULC - Belden Canada,335920,Cobourg,Ontario,3730.000000,23.240000,37.100000,,,,3790.340000,
2024,G12577,0,TransAlta Renewables Inc. - Blue Trail Wind Farm,221119,Fort Macleod,Alberta,33.194944,0.037660,0.275865,,,10.669000,44.177469,
2024,G12578,0,TransAlta Renewables Inc. - Summerview 2 Wind Farm,221119,Pincher Creek,Alberta,29.720136,0.037688,0.354835,,,31.983500,62.096159,
2024,G12580,33745,Lycos Energy Inc. - Swimming 16-11-052-07W4 Pad,211110,Calgary,Alberta,1141.001000,87.754240,7.786230,,,,1236.541470,
2024,G12581,2737,"Hydro Extrusion Canada, Inc. - Extrusion North America - Mississauga",331317,Mississauga,Ontario,4878.304169,3.881752,23.498875,,,,4905.684796,
2024,G12582,2238,City of Toronto - Humber Treatment Plant,221320,Toronto,Ontario,2542.000000,4062.447200,27898.810450,,,,34503.257650,20748.080000
2024,G12583,2367,West Coast Reduction Ltd. - Saskatoon Processing Company,311614,Saskatoon,Saskatchewan,12311.000000,6.720000,55.650000,,,,12373.370000,
2024,G12585,0,City of Weyburn - City of Weyburn Landfill,562210,Weyburn,Saskatchewan,122.330000,10245.023600,6.866150,,,,10374.219750,1229.930000
2024,G12589,11833,Mondelez Canada Inc - Hamilton Confectionery Plant,311340,Hamilton,Ontario,10434.534500,5.734400,48.177000,,,,10488.445900,
2024,G12593,0,Canadian Natural Resources Limited - ABBT9190044,211110,Calgary,Alberta,8615.988130,1071.434560,589.728350,,,,10277.151040,
2024,G12595,7760,Tolko Industries Ltd. - Lakeview - Williams Lake,321111,Williams Lake,British Columbia,5387.003400,3266.093600,130.009000,,,,8783.106000,10038.457000
2024,G12599,30710,Surge Energy Inc. - SURGE VALHALLA 6-31-74-8 W6,211110,Valhalla,Alberta,10569.799500,857.108000,761.689500,,,,12188.597000,
2024,G12601,0,Canadian Natural Resources Limited - BCBT0007672,211110,Wapiti,British Columbia,10633.978570,7974.002680,85.319400,,,,18693.300650,
2024,G12602,33203,Tamarack Valley Energy Ltd - SC 13-07 Run Oil MWB 13-07-063-21W4,211110,Perryvale,Alberta,14944.810800,2190.232800,159.000000,,,,17294.043600,
2024,G12604,15626,Gran Tierra Canada Ltd. - Lodgepole 13-35-47-10w5,211110,Calgary,Alberta,7692.064612,2277.218048,206.321050,,,,10175.603710,
2024,G12606,4060,"Uniboard Canada Inc - Uniboard Canad inc, usine Val-d'Or",321216,Val-d'Or,Quebec,10887.560000,8.551480,123.005050,,,,11019.116530,25876.200000
2024,G12607,31269,Yoho Resources Inc. - Inga 10-19-87-23 W6,211110,WONOWON,British Columbia,11832.561798,1262.082360,70.787065,,,,13165.431223,
2024,G12608,5381,Carrier Forest Products Ltd. - Big River Sawmill,321111,Big River,Saskatchewan,10836.334000,13.004320,159.360400,,,,11008.698720,14944.780000
2024,G12611,7248,Mondelez Canada Inc - East York Bakery,311821,Toronto,Ontario,13495.618700,7.187600,60.393500,99.604322,,,13662.804122,
2024,G12612,0,Spur Petroleum Ltd. - NIPISI 09-34-76-07 W5,211110,Slave Lake,Alberta,18537.842400,1974.450800,105.576000,,,,20617.869200,
2024,G12613,0,Tourmaline Oil Corp - Willesden Green 11-19-041-05W5 Compressor,211110,Rocky Mountain House,Alberta,10659.813540,3471.809880,986.963350,,,,15118.586770,
2024,G12617,32019,Tamarack Valley Energy Ltd - Meanook Oil MWB 15-19-063-21W4,211110,Perryvale,Alberta,10547.039400,1631.260400,79.076000,,,,12257.375800,
2024,G12618,0,Skyberry Farms Inc. - Skyberry Farms Inc.,111419,Leamington,Ontario,8443.460000,4.614400,41.022000,,,,8489.096400,
2024,G12620,0,Erie Meats Ltd. - Erie Meats Listowel,311410,Listowel,Ontario,12106.380000,11.760000,98.845000,,,,12216.985000,
2024,G12621,0,D. CRUPI & SONS - Integrated Hot Mix,324121,Toronto,Ontario,12252.711702,6.910008,54.312280,,,,12313.933990,
2024,G12623,32911,AltaGas Ltd. - Enerchem Slave Lake,324110,SLAVE LAKE,Alberta,8659.310260,4104.198280,16.138500,,,,12779.647040,
2024,G12625,0,Canadian Natural Resources Limited - Calling Lake South 01-20,211110,n/a,Alberta,8747.931100,1686.015800,149.812450,,,,10583.759350,
2024,G12628,0,Vermilion Energy Inc. - Cyn Pem Oil Battery 15-16-051-11W5,211110,Calgary,Alberta,8720.615600,1129.581600,57.213500,,,,9907.410700,
2024,G12629,0,Cenovus Energy Inc. - Station A Comp Stn 02-02,211110,Ca;gary,Alberta,9960.647710,3224.737880,276.848150,,,,13462.233740,
2024,G12631,33762,Peyto Exploration and Development Corporation - Peyto Aurora 11-13-43-13W5,211110,Clearwater County,Alberta,16650.756882,1094.345364,1112.426540,,,,18857.528786,
2024,G12632,33196,Tamarack Valley Energy Ltd - Perryvale West Oil MWB 16-24-063-24W4,211110,Perryvale,Alberta,13493.165500,2330.339200,170.925000,,,,15994.429700,
2024,G12633,31085,Tamarack Valley Energy Ltd - Jarvie 05-20-063,211110,n/a,Alberta,34511.468500,5262.432000,208.104500,,,,39982.005000,
2024,G12634,11890,Pembina Pipeline Corporation - Corunna Storage Facility,412110,Corunna,Ontario,13068.605479,442.863092,54.219000,,,,13565.687571,
2024,G12636,22947,Cenovus Energy Inc. - BIVOUAC B-099-H/094-I-08,211110,Rainbow Lake,British Columbia,7898.150700,2932.391000,59.471300,,,,10890.013000,
2024,G12638,0,Vermilion Energy Inc. - Doe Gas Plant,211110,Dawson Creek,British Columbia,4722.589369,760.333392,37.483985,,,,5520.406746,
2024,G12641,20151,Houston Pellet Limited Partnership - Houston Pellet Limited Partnership,321999,Houston,British Columbia,14031.421483,10.331048,62.391070,,,,14104.143601,
2024,G12642,31268,Smithers Pellet Limited Partnership - Smithers Pellet Limited Partnership,321999,Smithers,British Columbia,17064.551378,9.513224,75.381635,,,,17149.446237,
2024,G12643,20164,Pinnacle Renewable Energy Inc - Entwistle  - Williams Lake,321999,Williams Lake,British Columbia,13929.008700,8.139600,61.853650,,,,13999.001950,
2024,G12644,35398,"Portage la Prairie Regional Landfill Authority Inc. - Portage la Prairie Regional Landfill ",562210,Portage la Prairie,Manitoba,161.772000,15729.442400,0.376300,,,,15891.590700,
2024,G12645,33843,Birchcliff Energy Ltd. - 04-26-77-13-W6M,211110,Bay Tree,Alberta,10994.843287,3329.454296,313.169315,,,,14637.466898,
2024,G12650,30554,HyLife Foods LP - HyLife Foods LP,311617,Neepawa,Manitoba,13967.070000,,,,,,13967.070000,
2024,G12651,0,Canadian Natural Resources Limited - ABBT0060208,211110,Calgary,Alberta,743.497930,9607.687320,5.676300,,,,10356.861550,
2024,G12652,0,City of Edmonton - WMC - Edmonton Organics Processing Facility,562210,Edmonton,Alberta,4532.237400,4699.007600,2437.523000,,,,11668.768000,1588.467000
2024,G12653,0,Canadian Natural Resources Limited - BCBT0009073,211110,n/a,British Columbia,4384.018420,5993.785560,31.988150,,,,10409.792130,
2024,G12655,16212,IPC Canada Ltd. - Jenner Sour Gas Plant,211110,Jenner,Alberta,9349.723520,2461.752720,52.197050,,,,11863.673290,
2024,G12656,29016,Birchcliff Energy Ltd. - 02-06-79-11-W6M,211110,Gordandale,Alberta,8081.329875,1763.138188,158.586865,,,,10003.054928,
2024,G12657,31084,Tamarack Valley Energy Ltd - Jarvie 01-10-063-01W5,211110,Jarvie,Alberta,36936.467800,5979.198400,191.356500,,,,43107.022700,
2024,G12658,30967,Spur Petroleum Ltd. - Ukalta 05-18,211110,Ukalta,Alberta,14702.925500,310.721600,65.216500,,,,15078.863600,
2024,G12659,0,Canadian Natural Resources Limited - Ferrier 07-18-040-09 W5M,211110,Ferrier,Alberta,14124.965990,3072.587840,687.754500,,,,17885.308330,
2024,G12660,34006,Hammerstone Infrastructure Materials Ltd - Muskeg Valley Quarry,212315,Fort McMurray,Alberta,16302.080000,13.692000,38.690000,,,,16354.462000,
2024,G12665,0,Canadian Natural Resources Limited - ABCS0025486,211110,Obed,Alberta,11162.822890,1075.634840,83.395500,,,,12321.853230,
2024,G12668,33834,Kerrobert Fuels Inc. - Kerrobert Crude Oil Processing Facility,324110,Kerrobert,Saskatchewan,78856.088000,3055.903200,235.394200,,,,82147.385400,
2024,G12669,7914,Carrier Lumber Ltd. - Tabor Sawmill,321111,Prince George,British Columbia,16080.030000,9.240000,68.900000,,,,16158.170000,
2024,G12670,33725,Headwater Exploration Incorporated - Marten Hills 14-06-076-02W5,211110,Slave Lake,Alberta,26768.894000,4220.636000,241.415000,,,,31230.945000,
2024,G12673,33012,Roquette Canada Ltd. - Roquette Canada Ltd.- Portage La Prairie,311990,Portage La Prairie,Manitoba,26354.094000,14.467600,115.619500,,,,26484.181100,
2024,G12674,0,Canadian Natural Resources Limited - Fireweed MWB A-005-J/094-A-13,211110,n/a,British Columbia,19428.907040,1698.861080,126.166500,,,,21253.934620,
2024,G12675,0,Canadian Natural Resources Limited - ABBT0153027,211110,Calgary,Alberta,16307.987650,2283.309000,68.430950,,,,18659.727600,
2024,G12676,11866,City of Peterborough - Peterborough County/City Waste Management Facility,562210,Peterborough,Ontario,365.050000,58823.399600,3.021000,,,,59191.470600,2866.160000
2024,G12678,35977,Greenstone Gold Mines GP INC. - Greenstone Mine,212220,Geraldton,Ontario,157063.125000,172.317600,527.191000,,,,157762.633600,
2024,G12679,0,"Pure Flavor Farms LP - Pure Flavor Farms, a division of Pure Flavor Farms LP",111419,Leamington,Ontario,35876.420000,19.616800,174.290500,,,,36070.327300,
2024,G12680,0,City of Lloydminster - City of Lloydminster Landfill,562210,Lloydminster,Saskatchewan,3553.430000,27960.810192,9.550070,,,,31523.790262,
2024,G12681,0,Canadian Natural Resources Limited - Wembley Oil MWB 01-20-072-08W6,211110,Calgary,Alberta,26187.435060,7712.290600,715.582150,,,,34615.307810,
2024,G12682,33151,Prairie Thunder Resources Ltd. - Border 14-03-040-28W3,211110,Provost,Saskatchewan,10909.617205,22476.346340,52.242895,,,,33438.206440,
2024,G12683,33509,GFL Environmental Inc. - GFL Cumberland Central Landfill,562210,Cumberland,Nova Scotia,233.500000,29095.848600,440.430000,,,,29769.778600,
2024,G12685,29067,Lavington Pellet Limited Partnership - Lavington Pellet Limited Partnership,321999,Coldstream,British Columbia,27482.384600,14.966000,122.589000,,,,27619.939600,
2024,G12686,6635,City of Red Deer - Wastewater Treatment Plant,221320,Red Deer,Alberta,1996.129700,15864.111200,11114.958600,,,,28975.199500,5157.370000
2024,G12687,33807,Peyto Exploration and Development Corporation - Chambers Gas Plant 02-15,211110,Clearwater County,Alberta,32479.200292,10730.076280,4219.139995,,,,47428.416567,
2024,G12688,0,Canadian Natural Resources Limited - ABBT0066632,211110,Calgary,Alberta,1445.324310,10694.888120,11.013400,,,,12151.225830,
2024,G12689,0,Thor Resources Inc. - THOR KNAPPEN 16-29 PLANT,211110,Calgary,Alberta,5274.159900,22519.533596,4.833600,,,,27798.527096,
2024,G12692,34231,Canadian Natural Resources Limited - BCGS3164246,211110,Wonowon,British Columbia,43758.835700,4133.741080,352.291000,,,,48244.867780,
2024,G12693,0,Canadian Natural Resources Limited - ABBT0150246,211110,Calgary,Alberta,33053.720350,438.865560,117.954150,,,,33610.540060,
2024,G12694,7398,Waste Management of Canada Corporation - Richmond Landfill,562210,Napanee,Ontario,,40159.000000,,,,,40159.000000,
2024,G12695,33729,Headwater Exploration Incorporated - Marten Hills 08-34-074-25W4,211110,Slave Lake,Alberta,46792.818000,4738.468000,1347.525000,,,,52878.811000,
2024,G12696,33508,GFL Environmental Inc. - GFL Guysborough Landfill,562990,Boylston,Nova Scotia,382.700000,69949.362000,343.148500,,,,70675.210500,
2024,G12699,0,Cenovus Energy Inc. - Elmworth Gas MWB 01-08-070-11W6,211110,Grand Prairie,Alberta,17442.622800,37016.789040,163.091600,,,,54622.503440,
2024,G12700,33732,Inter Pipeline Propylene Ltd. - Heartland Petrochemical Complex - PDH/PP/Rail,325110,Fort Saskatchewan,Alberta,74069.631000,338.688000,537.685000,,,,74946.004000,
2024,G12701,33787,Cenovus Energy Inc. - Spruce Lake North Thermal,211110,Lloydminster,Saskatchewan,268468.744300,2941.615880,403.781030,,,,271814.141210,
2024,G12702,33676,Inter Pipeline Propylene Ltd. - Heartland Petrochemical Complex Cogeneration Power Plant,221112,Fort Saskatchewan,Alberta,552914.739000,970.116000,2303.221000,,,,556188.076000,
2024,G12705,6516,Lamb Weston Canada ULC - Taber Plant,311410,Taber,Alberta,40690.520100,2109.381512,174.758490,,,,42974.660102,
2024,G12706,33525,Molson Canada 2005 - Brasserie de Longueuil,312120,St-Hubert,Quebec,5828.660000,2.828000,23.863250,,,,5855.351250,0.148000
2024,G12707,30422,Kelt Exploration - KELT WEMBLEY 11-31 MWGEB,211110,Calgary,Alberta,12806.271880,3988.645640,407.646850,,,,17202.564370,
2024,G12708,31053,Rochester Aluminum Smelting Canada Limited - Rochester Aluminum Smelting Canada Limited,331529,Concord,Ontario,10586.367000,6.594000,45.977500,,,,10638.938500,
2024,G12709,27949,Journey Energy Inc. - THUNDER MATZIWIN 13-36,211110,Matziwin,Alberta,8392.382200,1750.243600,54.272000,,,,10196.897800,
2024,G12713,5105,Conifex Inc. - Mackenzie Site 2 & Power Plant,321111,Mackenzie,British Columbia,255408.940000,15.120000,2529.231815,,,,257953.291815,234959.890000
2024,G12716,0,Régie intermunicpale des déchets de Témiscouata - Lieu d'enfouissement technique RIDT,562210,Dégelis,Quebec,32.320000,11547.225200,0.053000,,,,11579.598200,244.400000
2024,G12717,0,Ville de Matane - Lieu d'enfouissement technique de la Ville de Matane,562210,Matane,Quebec,117.940000,16590.084000,0.265000,,,,16708.289000,664.500000
2024,G12718,33877,ville de Sept-Iles - Lieu d'enfouissement technique de la ville de Sept-Iles,562210,Sept-Iles,Quebec,349.900000,47964.262360,0.871850,,,,48315.034210,
2024,G12719,0,Pure Sunfarms - Pure Sunfarms Delta 3,111412,Delta,British Columbia,10983.700000,6.319600,62.036500,,,,11052.056100,
2024,G12720,3949,Magna International Inc. - KARMAX HEAVY STAMPING - MILTON,336370,Milton,Ontario,8274.616000,3.946908,32.831645,,,,8311.394553,
2024,G12721,33896,Ville de Rivière-du-Loup - Lieu d'enfouissement technique de Rivière-du-Loup,562210,Cacouna,Quebec,284.100000,33654.572000,53.265000,,,,33991.937000,3686.000000
2024,G12723,34008,Pathfinder Energy Ltd. - Rocky Mountain House Gas-fired Power Plant,221112,Calgary,Alberta,14207.360769,2283.853124,1006.806285,,,,17498.020178,
2024,G12724,0,"Town of Drayton Valley - Aspen Waste Management ",562210,Drayton Valley,Alberta,264.920000,31022.040000,7.950000,,,,31294.910000,3678.740000
2024,G12725,36094,Peace River Regional District - North Peace Regional Landfill,562210,Fort St John,British Columbia,187.810000,21867.720000,,,,,22055.530000,3587.030000
2024,G12726,35355,Roseridge Waste Management Services Commission - Roseridge Landfill,562210,Sturgeon County,Alberta,310.407590,38096.582160,1154.143900,,,,39561.133650,10533.942000
2024,G12729,16973,ISH Energy Ltd. - Shiningbank 10-12-056-17 W5M,211110,Shiningbank,Alberta,11107.100000,6512.800000,583.159000,,,,18203.059000,
2024,G12732,0,Vermilion Energy Inc. - ABBT0164071,211110,N/A,Alberta,13363.409200,3246.902400,86.231000,,,,16696.542600,
2024,G12735,33723,Headwater Exploration Incorporated - Marten Hills 10-15-075-02W5,211110,Slave Lake,Alberta,36698.021000,5908.728000,236.830500,,,,42843.579500,
2024,G12736,33727,Headwater Exploration Incorporated - Marten Hills 14-28,211110,Slave Lake,Alberta,32702.727900,5523.280000,149.990000,,,,38375.997900,
2024,G12737,0,"Miller Paving Limited - Miller Central Integrated Asphalt and Aggregate ",324121,Scarborough,Ontario,17273.118400,15.324680,68.293150,,,,17356.736230,
2024,G12739,34705,Tidewater Renewables Ltd. - PGR HDRD Complex,325190,Prince George,British Columbia,85726.826110,1079.193080,227.794000,,,,87033.813190,
2024,G12740,29073,"Produits forestiers Résolu - Atikokan Sawmill ",321111,Atikokan,Ontario,11978.400000,593.600000,79.500000,,,,12651.500000,
2024,G12741,0,Kubebooth Inc. - Kubebooth Inc.,418990,Toronto,Ontario,80.033000,0.033600,0.318000,,,,80.384600,
2024,G12742,15395,Journey Energy Inc. - Countess 08-36-020-16 W4,211110,Countess,Alberta,11539.905000,2271.164000,75.869500,,,,13886.938500,
2024,G12743,31240,Archer Exploration Corp. - RBR BEAV 06-28-071-09W6 MWOB,211110,Calgary,Alberta,14887.635300,1893.077200,94.366500,,,,16875.079000,
2024,G12744,26454,Westbrick Energy Ltd (1) - Velvet 16-23-054-17W5,211110,Calgary,Alberta,6747.216600,1714.059200,45.407750,,,,8506.683550,
2024,G12745,34700,Westbrick Energy Ltd (1) - Westbrick GS 9-4-41-11W5,211110,CALGARY,Alberta,11541.212300,995.632400,77.305800,,,,12614.150500,
2024,G12746,0,Whitecap Resources Inc. - Browning 02-13-006-06W2 MWB,211110,n/a,Saskatchewan,9450.402450,882.987560,5.300000,,,,10338.690010,
2024,G12748,27669,"Taqa North Ltd. - Lamoral Gas Gathering 09-11-41-10W5 ",211110,Lamoral,Alberta,9154.140000,941.080000,60.950000,,,,10156.170000,
2024,G12749,0,Whitecap Resources Inc. - Kaybob 02-20-060-19W5 MWB,211110,NA,Alberta,1166.356020,17391.583720,4.817700,,,,18562.757440,
2024,G12750,25193,Northland Utilities (NWT) Limited - Northland Utilities Hay River,221122,Hay River,Northwest Territories,23095.272510,18.826080,45.672485,,,,23159.771075,
2024,G12751,0,Peace River Regional District - Bessborough Landfill,562210,Arras,British Columbia,117.230000,10498.334000,1.934500,,,,10617.498500,1031.080000
2024,G12752,34668,Iamgold Corporation - Fayolle,212220,Rouyn-Noranda,Quebec,2395.616000,3.780000,262.350000,,,,2661.746000,
2024,G12753,0,ORLEN Upstream Canada Ltd. - ABGS0113388,211110,CALGARY,Alberta,8441.365910,1674.053360,439.271950,,,,10554.691220,
2024,G12754,17111,Gran Tierra Canada Ltd. - Open Creek 10-34-042-05 W5M,211110,Calgary,Alberta,9141.947844,2606.036664,221.375435,,,,11969.359943,
2024,G12756,33477,Rubellite Energy Inc. - FIGURE LAKE 9-23-63-18W4 PRORATION,211110,BOYLE,Alberta,19876.596600,2385.362000,39.935500,,,,22301.894100,
2024,G12757,33475,Rubellite Energy Inc. - FIGURE LAKE 2/1-13-63-18W4 PRORATION,211110,BOYLE,Alberta,14515.141000,1752.839200,46.216000,,,,16314.196200,
2024,G12758,32610,Rubellite Energy Inc. - FIGURE LAKE 2/1-3-63-18W4 PRORATION,211110,BOYLE,Alberta,9605.159200,1061.634000,36.252000,,,,10703.045200,
2024,G12759,7629,Ontario Clean Water Agency - Clarkson Water Resource Recovery Facility,221320,Mississauga,Ontario,4413.000000,7484.792000,25852.605000,,,,37750.397000,5462.000000
2024,G12762,0,Ember Resources Inc. - AG20 ABGP0001429 SWALWELL GAS PLANT,211110,ENTICE,Alberta,8993.400000,991.200000,82.150000,,,,10066.750000,
2024,G12763,0,PETRONAS Energy Canada Ltd. - Town B-032-C/094-G-01,211110,Peace River,British Columbia,52280.798300,2183.473600,349.614500,,,,54813.886400,
2024,G12765,0,Spur Petroleum Ltd. - NIPISI 05-29-75-05 W5,211110,Slave Lake,Alberta,27133.299900,495.521600,106.371000,,,,27735.192500,
2024,G12766,0,Spur Petroleum Ltd. - NIPISI 09-17-78-09 W5,211110,Slave Lake,Alberta,22666.440300,371.014000,88.775000,,,,23126.229300,
2024,G12767,31956,Canadian Natural Resources Limited - SKBTB1H2202,211110,Lone Rock,Saskatchewan,2588.998620,8421.197680,12.436450,,,,11022.632750,
2024,G12768,0,Canadian Natural Resources Limited - Narraway Gas MWB 10-08-062-10W6,211110,Calgary,Alberta,28918.851770,7877.899960,139.493350,,,,36936.245080,
2024,G12769,0,Canadian Natural Resources Limited - Progress Gas MWB 01-01-078-10W6,211110,Gordondale,Alberta,3155.654710,11264.379000,76.977200,,,,14497.010910,
2024,G12771,0,Baytex Energy Ltd - Peavine 13-25-078-16W5,211110,Peavine,Alberta,31726.754450,5610.126480,34.479150,,,,37371.360080,
2024,G12772,0,Baytex Energy Ltd - Peavine 05-25-078-16W5,211110,Calgary,Alberta,20594.960190,3487.268680,25.493000,,,,24107.721870,
2024,G12773,0,Baytex Energy Ltd - Peavine Oil MWB 14-36-078-16W5,211110,n/a,Alberta,12494.777320,2503.651080,6.784000,,,,15005.212400,
2024,G12774,0,Canadian Natural Resources Limited - ABCS0014441,211110,CALGARY,Alberta,8937.142350,1917.386520,64.898500,,,,10919.427370,
2024,G12775,0,Canadian Natural Resources Limited - BCBT0007778,211110,BCBT0007778,British Columbia,12176.766980,14157.516800,65.272150,,,,26399.555930,
2024,G12776,0,Canadian Natural Resources Limited - ABBT0143321,211110,CALGARY,Alberta,3116.615770,11052.373360,66.605100,,,,14235.594230,
2024,G12777,0,Canadian Natural Resources Limited - ABBT0137426,211110,CALGARY,Alberta,32349.362570,10386.782000,729.518500,,,,43465.663070,
2024,G12778,0,Canadian Natural Resources Limited - ABGS0006487,211110,CALGARY,Alberta,9773.362960,838.432840,71.285000,,,,10683.080800,
2024,G12779,0,Canadian Natural Resources Limited - ABBT0133144,211110,CALGARY,Alberta,20528.472560,3401.959960,280.004300,,,,24210.436820,
2024,G12780,0,Canadian Natural Resources Limited - ABBT0126676,211110,CALGARY,Alberta,2073.115980,14146.590920,14.090050,,,,16233.796950,
2024,G12783,0,Canadian Natural Resources Limited - ABBT0126615 (Brintnell Central Bitumen Battery 01-36-080-22W4),211110,Brintnell,Alberta,32206.423710,14664.604080,833.258050,,,,47704.285840,
2024,G12785,34347,Canadian Natural Resources Limited - ABBT0122253,211110,Calgary,Alberta,56628.846790,43674.052800,265.569750,,,,100568.469340,
2024,G12786,0,Canadian Natural Resources Limited - ABGS0002510,211110,CALGARY,Alberta,21292.354550,4840.604720,766.631750,,,,26899.591020,
2024,G12789,17446,Conifer Energy Inc. - Judy Creek B-Pool WP,211110,Woodlands County,Alberta,22029.917000,83.646640,144.576050,,,,22258.139690,
2024,G12790,0,Paramount Resources Ltd. - 03-13-066-05W6 Comp,211110,Calgary,Alberta,24569.401660,2824.197880,554.366750,,,,27947.966290,
2024,G12791,0,Olymel s.e.c (Ontario) - Brampton Orenda,311615,Brampton,Ontario,7507.127000,1.282400,10.785500,52.480700,,,7571.675600,
2024,G12792,0,Olymel s.e.c (Ontario) - Oakville,311615,Oakville,Ontario,3072.426000,1.453200,12.216500,15.772700,,,3101.868400,
2024,G12793,0,Olymel s.e.c (Ontario) - Paris,311615,Paris,Ontario,893.803000,0.436800,3.683500,502.914000,,,1400.837300,
2024,G12794,0,Olymel s.e.c (Ontario) - Port Colborne,311615,Port Colborne,Ontario,1309.419900,1447.685400,5.843250,1424.409100,,,4187.357650,
2024,G12795,34549,MITCHELL AEROSPACE INC. - Mitchell Aerospace,336410,Montréal,Quebec,1380.580000,0.785960,5.975750,,,20844.500000,22231.841710,
2024,G12797,7694,Gay Lea Foods Cooperative Ltd. - Teeswater,311515,Teeswater,Ontario,10757.000000,5.675600,47.912000,,,,10810.587600,
2024,G12798,0,Kelt Exploration - Wembley Gas MWB 01-14-072-08W6,211110,N/A,Alberta,18783.067800,4598.078240,643.798950,,,,24024.944990,
2024,G12799,0,Kelt Exploration - KELT LNG OAK 06-35 MWGEB,211110,n/a,British Columbia,10569.100800,1123.472560,77.520450,,,,11770.093810,
2024,G12800,0,Hacienda North Farms Inc. - Hacienda North Farms Plant 2,111419,Wheatley,Ontario,24761.573050,21.935200,122.003350,,,,24905.511600,
2024,G12802,34150,Tamarack Valley Energy Ltd - 15-15-076-05-W5,211110,Marten Beach,Alberta,23187.327500,2533.792800,839.255000,,,,26560.375300,
2024,G12803,33175,Tamarack Valley Energy Ltd - 15-22-076-07W5,211110,Marten Beach,Alberta,45453.950100,3559.094000,2120.768500,,,,51133.812600,
2024,G12804,33225,Tamarack Valley Energy Ltd - West Marten Oil MWB 12-18-076-04W5,211110,Marten Beach,Alberta,19021.046800,3511.995200,252.545000,,,,22785.587000,
2024,G12805,33208,Tamarack Valley Energy Ltd - Canal Oil MWB 04-21-070-23W4,211110,Athabasca,Alberta,11920.854000,2243.287200,111.644500,,,,14275.785700,
2024,G12806,33212,Tamarack Valley Energy Ltd - Canal Oil MWB 16-09-070-23W4,211110,Athabasca,Alberta,9899.563600,1730.568000,83.395500,,,,11713.527100,
2024,G12807,33207,Tamarack Valley Energy Ltd - West Marten Oil MWB 15-28-076-05W5,211110,Marten Beach,Alberta,10829.256400,1740.737600,156.906500,,,,12726.900500,
2024,G12808,34147,Tamarack Valley Energy Ltd - 11-04-075-25-W4,211110,Smith,Alberta,48039.543800,3289.770400,2960.209000,,,,54289.523200,
2024,G12814,0,"Coastal GasLink Pipeline Ltd. - Coastal GasLink Pipeline, British Columbia System",486210,Vancouver,British Columbia,13233.702550,9346.244040,756.784350,,,,23336.730940,
2024,G12816,34343,NOVA Chemicals Corporation - Rokeby Site,325210,St. Clair Township,Ontario,180871.230000,1359.671600,803.805950,,,,183034.707550,
2024,G12817,0,TransAlta Renewables Inc. - Ardenville Wind Farm,221119,Fort Macleod,Alberta,25.168506,0.028588,0.153170,,,,25.350264,
2024,G12818,33485,Spartan Delta Corp. - ABBT0134269,211110,Calgary,Alberta,6118.472190,3885.488320,28.551100,,,,10032.511610,
2024,G12819,34479,Wolf NGL  - Wolf Feedstock Separation Facility (WFS),211110,Sturgeon County,Alberta,34508.398200,2630.619600,227.900000,,,,37366.917800,
2024,G12821,33786,Strathcona Resources Ltd. - 03-12 Battery - ABBT0158102,211110,Wembley,Alberta,25263.524080,5046.267240,158.244750,,,,30468.036070,
2024,G12822,6551,Strathcona Resources Ltd. - Plover Lake 10-05 Battery,211110,Luseland,Saskatchewan,1570.079980,29707.935320,98.527000,,,,31376.542300,
2024,G12824,16854,Surge Energy Inc. - Neptune Oil Battery 05-31,211110,n/a,Saskatchewan,9695.673100,446.488000,38.981500,,,,10181.142600,
2024,G12825,33849,Maple Leaf Foods Inc. - Maple Leaf Foods - London Poultry,311615,London,Ontario,16157.718000,10.485776,77.307390,,,,16245.511166,
2024,G12826,0,Sunnyside Produce Ltd. - Sunnyside Produce Delta,111419,Delta,British Columbia,12540.823000,6.962200,62.759950,,,,12610.545150,
2024,G12827,34480,1916354 Alberta Ltd. - J/E Bearing & Machine Ltd.,332710,Tillsonburg,Ontario,0.024759,,,,,,0.024759,
2024,G12828,35085,Cascade Power Project Limited Partnership - Cascade Power Project,221112,Yellowhead County,Alberta,1482728.195400,2916.560164,7456.350845,,,,1493101.106409,
2024,G12829,6620,Inter Pipeline Offgas Ltd - Pioneer 1 Liquids Extraction Plant,211141,Fort McMurray,Alberta,10048.943170,929.711440,47.541000,,,,11026.195610,
2024,G12830,0,Flavor Fresh Farms Ltd. - Flavor Fresh Farms Ltd.,111419,Leamington,Ontario,13325.047370,7.859040,64.466550,,,,13397.372960,
2024,G12831,0,JPI Farms Inc. - JPI Farms Inc.,111419,Leamington,Ontario,21668.065690,38.908240,104.441800,,,,21811.415730,
2024,G12834,0,Global Wood Concepts - 141 Snidercroft,337213,Vaughan,Ontario,244.710000,,,,,,244.710000,
2024,G12835,0,Global Wood Concepts - 1300 Flint,337213,Toronto,Ontario,658.470000,,,,,,658.470000,
2024,G12838,0,Mackenzie Regional Waste Management Commission - Mackenzie Regional Waste Management Commission,562210,High Level,Alberta,220.250000,12393.264800,0.450500,,,,12613.965300,1467.070000
2024,G12839,33522,Signalta Resources Ltd. - High River Peaking Power Plant,221112,High River,Alberta,17413.446700,124.899600,118.216500,,,,17656.562800,
2024,G12840,33488,Veren Inc. - ABBT0141267,211110,n/a,Alberta,41083.308700,5471.323200,178.742500,,,,46733.374400,
2024,G12841,33878,B2Gold Back River Corp. - Goose Property,212220,Goose Lake,Nunavut,41424.069000,137.491200,132.468200,,,,41694.028400,780.906000
2024,G12843,0,Big Country Waste Management Commission - Youngstown Regional Landfill,562210,Youngstown,Alberta,122.189300,9999.353140,0.241680,,,,10121.784120,1183.681700
2024,G12844,33049,Alamos Gold Incorporated - Magino Mine,212220,Dubreuilville,Ontario,92150.846000,113.358000,326.506500,,,,92590.710500,
2024,G12845,0,Ember Resources Inc. - AG20 ABGS0111621 Linden 01-36 GS,211110,ENTICE,Alberta,8442.700000,1783.600000,79.500000,,,,10305.800000,
2024,G12846,0,GENERATE TWO PATH 21 FENMAR LP - Generate Two Path 21 Fenmar LP,221112,North York,Ontario,18174.510000,9.590000,9.089500,,,,18193.189500,
2024,G12847,34989,North40 Resources Ltd. - ABBT0167955,211110,Calgary,Alberta,19205.889000,2422.983080,74.512700,,,,21703.384780,
2024,G12849,0,Pure Flavor Farms LP - De Temporada Farms a division of Pure Flavor Farms LP,111419,Merlin,Ontario,13563.950000,7.417200,65.905500,,,,13637.272700,
2024,G12850,35149,Headwater Exploration Incorporated - Marten Hills 09-13-075-02W5,211110,Calgary,Alberta,17762.980000,2850.120000,20.140000,,,,20633.240000,
2024,G12851,35159,Headwater Exploration Incorporated - Marten Hills 10-12-075-02W5,211110,Calgary,Alberta,10619.545000,1541.932000,99.640000,,,,12261.117000,
2024,G12852,34826,Headwater Exploration Incorporated - Marten Hills West 06-25,211110,Marten Hills,Alberta,24090.388000,3902.388000,197.955000,,,,28190.731000,
2024,G12853,34824,Headwater Exploration Incorporated - Marten Hills West 07-33,211110,Marten Hills,Alberta,84261.679000,12954.032000,401.475000,,,,97617.186000,
2024,G12854,34823,Headwater Exploration Incorporated - Marten Hills West 09-16,211110,Marten Hills,Alberta,19318.789800,3278.996000,115.805000,,,,22713.590800,
2024,G12855,34820,Headwater Exploration Incorporated - Marten Hills West 12-03,211110,Marten Hills,Alberta,9555.281000,1605.184000,112.095000,,,,11272.560000,
2024,G12856,10111,Wallenstein Feed & Supply Ltd. - Wallenstein Feed & Supply,311119,Wallenstein,Ontario,10022.752000,5.308800,44.800900,,,,10072.861700,
2024,G12857,35144,2341126 Alberta Ltd - Ferintosh Power Plant,221112,Calgary,Alberta,21745.138150,1169.765268,1600.800870,,,,24515.704288,
2024,G12858,3163,Ontario Power Generation Inc. - Darlington Nuclear,221113,Bowmanville,Ontario,10319.100000,8.400000,21.200000,,,,10348.700000,
2024,G12859,27425,Veren Inc. - ABGP0097389,211110,n/a,Alberta,12488.103400,1051.153600,84.376000,,,,13623.633000,
2024,G12860,33353,Veren Inc. - Leitchville Oil MWB 13-34-008-20W3,211110,n/a,Saskatchewan,11664.954800,1272.978000,53.000000,,,,12990.932800,
2024,G12861,35216,Veren Inc. - ABBT0169935,211110,n/a,Alberta,14516.251500,1929.312000,57.743500,,,,16503.307000,
2024,G12862,34283,Veren Inc. - ABBT0129900,211110,n/a,Alberta,28363.101100,3061.640960,167.294500,,,,31592.036560,
2024,G12863,35169,Veren Inc. - ABGS0145011,211110,n/a,Alberta,20400.233100,6110.507200,535.326500,,,,27046.066800,
2024,G12864,34304,Veren Inc. - ABGS0132884,211110,n/a,Alberta,32268.032400,2499.627200,209.959500,,,,34977.619100,
2024,G12865,35172,Veren Inc. - ABGS0155642,211110,n/a,Alberta,19582.644000,2783.536000,1160.488000,,,,23526.668000,
2024,G12866,35170,Veren Inc. - ABGS0148957,211110,n/a,Alberta,36377.201300,6622.616000,1899.599500,,,,44899.416800,
2024,G12867,35171,Veren Inc. - ABGS0151420,211110,n/a,Alberta,39769.578800,5230.260000,2097.342500,,,,47097.181300,
2024,G12868,35183,Veren Inc. - ABGS0167143,211110,n/a,Alberta,9587.088000,751.920400,61.506500,,,,10400.514900,
2024,G12869,34305,Veren Inc. - ABGS0141387,211110,n/a,Alberta,30754.791800,3751.196400,174.476000,,,,34680.464200,
2024,G12870,34284,Veren Inc. - ABBT0140671,211110,n/a,Alberta,58857.613000,5684.822640,380.116000,,,,64922.551640,
2024,G12871,34306,Veren Inc. - ABGS0143057,211110,n/a,Alberta,13540.513200,1176.011200,88.722000,,,,14805.246400,
2024,G12872,34683,Veren Inc. - HHR ABBT0166788,211110,Grand Prairie,Alberta,36538.028700,3194.276400,232.829000,,,,39965.134100,
2024,G12873,0,ConocoPhillips Canada (BRC) Partnership - Montney Drilling & Completions (A-026-J),211110,CALGARY,Alberta,12117.055670,476.332640,320.885850,,,,12914.274160,
2024,G12874,0,ConocoPhillips Canada (BRC) Partnership - Montney Drilling & Completions (08-23),211110,CALGARY,Alberta,10117.093720,426.307000,257.913900,,,,10801.314620,
2024,G12875,0,Alberta  Health Services - Peter Lougheed Centre,622111,Calgary,Alberta,10458.430000,5.320000,1841.485000,,,,12305.235000,
2024,G12876,0,Alberta  Health Services - Arthur J.E. Child Cancer Centre,622111,Calgary,Alberta,11598.600000,6.160000,55.650000,,,,11660.410000,
2024,G12877,33100,Quintette Resources Limited Partnership - Quintette Mine,212114,Tumbler Ridge,British Columbia,64038.791000,40206.713120,2365.782200,,,,106611.286320,6261.570000
2024,G12878,18111,Prairie Thunder Resources Ltd. - Evesham 16-35-039-27W3,211110,Evesham,Saskatchewan,8300.709934,1815.890468,38.696095,,,,10155.296497,
2024,G12879,18154,Kelt Exploration - Spirit River 14-06-078-07W6,211110,n/a,Alberta,9262.264650,2438.239720,782.128950,,,,12482.633320,
2024,G12880,0,"Trans Mountain Canada Inc. - Trans Mountain Pipeline System, BC",486110,Burnaby,British Columbia,10602.509820,1206.524480,74.170850,,,,11883.205150,
2024,G12881,3272,United Initiators Canada Ltd. - United Initiators Canada Ltd.,325189,Prince George,British Columbia,48776.211000,163.948400,93.041500,,,,49033.200900,
2024,G12882,15206,Kiwetinohk Energy Corp. - Simonette 01-16-063-24W5 Pad,211110,Simonette,Alberta,659.970106,210.266476,17.069445,,,,887.306027,
2024,G12883,34082,Pathfinder Energy Ltd. - Rocky Mountain House 5 Power Plant,221112,Calgary,Alberta,21078.149623,1129.207380,1577.849750,,,,23785.206753,
2024,G12885,0,Whitecap Resources Inc. - Musreau 05-09-065-04W6 MWB,211110,n/a,Alberta,28963.687800,682.683960,116.796100,,,,29763.167860,
2024,G12886,0,Whitecap Resources Inc. - Harmattan 06-15-033-03W5 GGS,211110,n/a,Alberta,9489.951300,650.104560,702.833000,,,,10842.888860,
2024,G12887,0,Whitecap Resources Inc. - Butte 05-34-011-19W3 MWB,211110,Carmichael,Saskatchewan,9371.805810,1315.263320,7.393500,,,,10694.462630,
2024,G12888,17529,Teine Energy Ltd. - TEINE Loverna 11-1,211110,Antelope Park,Saskatchewan,6255.748210,6254.442320,37.553150,,,,12547.743680,
2024,G12889,27980,PETRONAS Energy Canada Ltd. - Altares C-65-G Gas Plant,211110,Fort St. John,British Columbia,9723.198300,1854.540800,60.181500,,,,11637.920600,
2024,G12890,0,PETRONAS Energy Canada Ltd. - BEG C-078-E Compressor Station CS C-078,211110,Peace River,British Columbia,16979.031700,469.742000,112.545500,,,,17561.319200,
2024,G12891,0,PETRONAS Energy Canada Ltd. - Well at D-082-J/094-B-09,211110,Peace River,British Columbia,10330.827000,214.202800,248.596500,,,,10793.626300,
2024,G12892,35255,Pine Cliff Energy Ltd. - Viking Effluent 13-31-048,211110,Viking,Alberta,12507.712500,32827.309200,284.795500,,,,45619.817200,
2024,G12893,35402,Produits Kruger SB Inc - Produits Kruger SB Inc,322121,Sherbrooke,Quebec,7806.696400,4.457600,35.854500,,,,7847.008500,
2024,G12894,35301,"Lonsdale Energy Corporation - Lonsdale Energy, District Energy System",221330,North Vancouver,British Columbia,14885.070828,9.723616,81.697380,,,,14976.491824,3199.861481
2024,G12895,35339,Vermilion Energy Inc. - Mica 08-33 Battery,211110,Township 081,British Columbia,19482.205068,1850.811760,147.735380,,,,21480.752208,
2024,G12896,16203,Vermilion Energy Inc. - McLeod 07-34 Gas Plant,211110,Township 054,Alberta,10682.816900,954.774800,69.509500,,,,11707.101200,
2024,G12897,34452,Rubellite Energy Inc. - FIGURE LAKE 15-24-63-18W4 PRORATION,211110,BOYLE,Alberta,27195.876200,3118.175200,41.393000,,,,30355.444400,
2024,G12898,35270,Rubellite Energy Inc. - FIGURE LAKE 6-19-62-18W4 PRORATION		,211110,BOYLE,Alberta,13373.036400,1510.034400,56.869000,,,,14939.939800,
2024,G12899,34460,Rubellite Energy Inc. - FIGURE LAKE 05-32-63-17W4 PRORATION	,211110,BOYLE,Alberta,9749.227600,1102.978800,36.252000,,,,10888.458400,
2024,G12900,34453,Rubellite Energy Inc. - FIGURE LAKE 3-26-63-18W4 PRORATION,211110,Boyl,Alberta,14174.458600,1643.065200,33.072000,,,,15850.595800,
2024,G12901,0,2820853 Ontario Inc. - 2820853 Ontario Inc.,111419,Leamington,Ontario,14686.430000,8.400000,71.550000,,,,14766.380000,
2024,G12902,34831,Long Term Asset Management Inc - 12-31-016-28W4 Gas Plant,211110,High River,Alberta,8388.200000,10802.400000,313.495000,,,,19504.095000,
2024,G12903,30632,Advantage Energy Ltd. - ABBT0050542,211110,Calgary,Alberta,39438.146000,3670.309720,235.640650,,,,43344.096370,
2024,G12904,0,HARVEST OPERATIONS CORP. - ROSE CREEK 6-7-43-6W5 GGS,0,n/a,Alberta,5923.643200,6867.996800,149.089000,,,,12940.729000,
2024,G12905,0,Pacific Canbriam Energy Limited - Drilling and Completions 7-1 Pad,211110,N/A,British Columbia,10298.676330,480.707080,247.971100,,,,11027.354510,
2024,G12906,0,Pacific Canbriam Energy Limited - Drilling and Completions 16-32 Pad,211110,N/A,British Columbia,9630.524340,444.375960,233.658450,,,,10308.558750,
2024,G12907,30815,BioNorth Energy Limited Partnership - BioNorth Energy,221119,Fort St. James,British Columbia,151.010000,0.280000,5.300000,,,,156.590000,280985.390000
2024,G12908,30577,Nicola Clean Power Ltd. - Nicola Clean Power,221119,Merritt,British Columbia,857.500000,1.120000,34.450000,,,,893.070000,180159.070000
2024,G12909,0,Baytex Energy Ltd - ABBT0165264,211110,n/a,Alberta,9786.681780,1545.772760,14.405400,,,,11346.859940,
2024,G12910,0,Baytex Energy Ltd - ABGS0162190,211110,n/a,Alberta,10370.897510,2075.221120,5.631250,,,,12451.749880,
2024,G12911,0,Baytex Energy Ltd - ABBT0166619,211110,n/a,Alberta,11213.967070,1405.734400,24.875550,,,,12644.577020,
2024,G12912,0,Baytex Energy Ltd - ABBT0166386,211110,n/a,Alberta,13315.625130,2136.638000,18.886550,,,,15471.149680,
2024,G12913,0,Baytex Energy Ltd - ABBT0153712,211110,n/a,Alberta,11502.096580,2969.424920,266.258750,,,,14737.780250,
2024,G12914,23593,Journey Energy Inc. - Niton 14-05-055-11W5,211110,Calgary,Alberta,4018.390700,6021.484000,25.016000,,,,10064.890700,
2024,G12915,4932,AB Mauri (Canada) Ltd. - Levure Fleischmann,311990,LaSalle,Quebec,33326.000000,4.533200,38.266000,,,,33368.799200,
2024,G12918,0,MRC de La Vallée-de-l'Or - Lieu d'enfouissement technique de La Vallée-de-l'Or,562210,Val,Quebec,171.406800,22452.734164,64.657085,,,,22688.798049,1154.890000
2024,G12919,872,LNG Canada Development Inc - Kitimat Marine Terminal,488990,Kitimat,British Columbia,67969.932300,2699.723600,51.542500,,,,70721.198400,
2024,G12920,16668,NTE Energy Canada Ltd - Cabin Comp Stn a-052-J,211110,n/a,British Columbia,9429.096000,465.668000,118.190000,,,,10012.954000,
2024,G12921,16674,NTE Energy Canada Ltd - Midway Comp Stn b-065-B,211110,n/a,British Columbia,10085.672000,691.600000,100.700000,,,,10877.972000,
2024,G12923,0,Canadian Natural Resources Limited - BCBT0000645,211110,Nig Creek,British Columbia,12814.163510,2886.090480,99.716850,,,,15799.970840,
2024,G12924,0,Canadian Natural Resources Limited - ABBT2630003,211110,n/a,Alberta,2740.659110,9297.422680,76.121250,,,,12114.203040,
2024,G12925,0,Canadian Natural Resources Limited - ABBT0166293,211110,Grand Prairie,Alberta,9522.735890,1432.278960,630.882850,,,,11585.897700,
2024,G12926,31955,Canadian Natural Resources Limited - SKBTB1H0106,211110,Lone Rock,Saskatchewan,2919.174980,8571.103240,14.052950,,,,11504.331170,
2024,G12927,0,Canadian Natural Resources Limited - Ladyfern Gas MWB b-017-I/094-H-01,211110,Peejay,British Columbia,9174.182920,2166.820600,73.028700,,,,11414.032220,
2024,G12928,0,Canadian Natural Resources Limited - BCBT0018077,211110,Brady Ranch,British Columbia,10021.788600,1082.419240,75.527650,,,,11179.735490,
2024,G12929,0,Canadian Natural Resources Limited - ABBT0105982,211110,n/a,Alberta,6725.563890,3864.080920,180.449100,,,,10770.093910,
2024,G12930,0,Canadian Natural Resources Limited - BCBT0009070,211110,Sambaa K'e,British Columbia,7806.244100,2589.980680,63.941850,,,,10460.166630,
2024,G12931,28616,Tourmaline Oil Corp - Red Rock Gas Battery 09-07-062-06W6,211110,Greenview No. 16,Alberta,11193.475770,1907.672480,76.370350,,,,13177.518600,
2024,G12932,0,Tourmaline Oil Corp - South Caroline 03-20-034-04W5 Compressor,211110,Caroline,Alberta,8854.081650,2912.899080,241.497150,,,,12008.477880,
2024,G12933,0,Tourmaline Oil Corp - Ferrybank 02-01-044-28W4 Gas Plant (GHGRP),211110,NA,Alberta,9864.794920,3092.341280,1157.480250,,,,14114.616450,
2024,G12934,35331,Marathon Gold Corporation - Valentine Gold Mine,212220,Millertown,Newfoundland and Labrador,25927.560000,91.912800,57.107500,,,,26076.580300,
2024,G12935,0,Spur Petroleum Ltd. - WEST MARTEN HILLS 15-01-76-03 W5,211110,Slave Lake,Alberta,14062.673400,170.665600,53.742000,,,,14287.081000,
2024,G12936,0,Spur Petroleum Ltd. - DOUCETTE 13-04-080-02 W5,211110,Desmarais,Alberta,15426.787700,204.167600,60.446500,,,,15691.401800,
2024,G12937,0,Spur Petroleum Ltd. - CABIN CREEK/NIPISI 10-22-075-05W5,211110,Slave Lake,Alberta,16030.680700,314.986000,64.077000,,,,16409.743700,
2024,G12938,0,Spur Petroleum Ltd. - DOUCETTE 06-05-080-02 W5,211110,Desmarais,Alberta,15389.306700,462.971600,63.812000,,,,15916.090300,
2024,G12939,35376,Saskatchewan Power Corporation - Great Plains Power Station,221112,Moose Jaw,Saskatchewan,196487.786025,1425.275852,1348.921815,,,,199261.983692,
2024,G12940,10256,The Regional Municipality of Halton - Mid-Halton Wastewater Treatment Plant,221320,Oakville,Ontario,207.000000,2590.000000,10679.500000,,,,13476.500000,5765.800000
2024,G12941,33016,Strathcona Resources Ltd. - Serafina Hamlin Terminal,482112,Hamlin,Saskatchewan,12992.558400,2350.367600,6.890000,,,,15349.816000,
2024,G12942,10809,Conestoga Meat Packers Ltd. - Conestoga Meat Packers,311617,Breslau,Ontario,10953.994000,4.116000,363.315000,,,,11321.425000,
2024,G12943,21541,Parallax Energy Operating Inc. - Parallax Joffre 06-17-040-27W4 Gas Plant,211110,NA,Alberta,8202.977620,1716.489600,742.636000,,,,10662.103220,
2024,G12944,0,City of Melfort - Melfort Regional Solid Waste Management Facility,562210,Melfort,Saskatchewan,38.610000,10895.952256,5.376320,,,,10939.938576,1308.540000
2024,G12945,4771,The Regional Municipality of Halton - Burlington Skyway Wastewater Treatment Plant,221320,Burlington,Ontario,656.000000,3012.800000,7950.000000,,,,11618.800000,6956.700000
2024,G12947,35374,McIlvenna Bay Operating Ltd. - McIlvenna Bay Project,212233,Saskatoon,Saskatchewan,19869.874300,45.063200,406.934000,,,,20321.871500,
2024,G12948,5188,Babine Forest Products Ltd. - Babine Forest Products,321111,Burns Lake,British Columbia,17267.480000,11.200000,102.491400,,,,17381.171400,
2024,G12949,33177,Tamarack Valley Energy Ltd - Tamarack Perry 04-24-063-23W4 MWB,211110,Perryvale,Alberta,11637.275700,1893.155600,88.536500,,,,13618.967800,
2024,G12950,32701,Tamarack Valley Energy Ltd - 14-28-073-07-W6,211110,SEXSMITH,Alberta,11527.754200,5833.077600,413.903500,,,,17774.735300,
2024,G12951,34144,Tamarack Valley Energy Ltd - 09-12-074-26-W4,211110,Smith,Alberta,15758.942100,2962.428000,118.534500,,,,18839.904600,
2024,G12952,31604,Tamarack Valley Energy Ltd - Wembley Oil MWB 16-35-073-08W6,211110,La Glace,Alberta,17510.096000,4618.986400,359.843500,,,,22488.925900,
2024,G12954,34807,Artis Exploration Ltd. - 08-05-032-25W4,211110,Twinning,Alberta,12942.362000,1044.960000,87.185000,,,,14074.507000,
2024,G12955,0,PetroChina Canada Ltd. - 03-31-062-21W5,211110,Fox Creek,Alberta,11596.944100,434.504000,39.326000,,,,12070.774100,
2024,G12957,0,Tourmaline Oil Corp - Westerose 11-20-044-02W5 Compressor,211110,Rocky Mountain House,Alberta,8200.004440,1930.929560,945.806200,,,,11076.740200,
2024,G12958,35378,City of Kelowna - Glenmore Landfill,562210,Kelowna,British Columbia,803.800500,23296.934080,1.830090,,,,24102.564670,499.088600
2024,G12959,25434,New Gold Inc.  - New Afton,212220,Kamloops,British Columbia,12534.000300,34.273400,360.591330,,,,12928.865030,5911.819880
2024,G12960,20036,Western Forest Products Inc. - Saltair Division,321111,Ladysmith,British Columbia,10254.560000,6.762000,71.179000,,,,10332.501000,0.001800
2024,G12961,0,Crowsnest/Pincher Landfill Ass. - Crowsnest/Pincher Creek Landfill Association,562210,Pincher Creek,Alberta,930.480000,48169.744000,1.855000,,,,49102.079000,5702.150000
2024,G12985,15445,Tenaz Energy Corp - Watelet Gas Plant 08-18-048-26W4,211110,watelet,Alberta,11104.090000,1551.200000,159.159000,,,,12814.449000,